ply
format ascii 1.0
comment ETH3D CC BY-NC-SA 4.0; derived from delivery_area_1s laser-reference disparity
comment local camera frame: X right, Y down, Z forward; coordinates in metres
element vertex 22485
property float x
property float y
property float z
property uchar red
property uchar green
property uchar blue
end_header
-5.9369140 -3.6789641 11.7734890 32 32 32
-5.9003353 -3.6871312 11.7996254 28 28 28
-5.8594975 -3.6927531 11.8176174 30 30 30
-5.8106337 -3.6933699 11.8195915 33 33 33
-5.6848211 -3.6446638 11.6637211 62 62 62
-5.6441951 -3.6501992 11.6814356 70 70 70
-5.0852556 -4.0702329 13.0256357 94 94 94
-3.5766590 -4.0413871 12.9333220 51 51 51
-3.5088484 -4.0261593 12.8845892 48 48 48
-3.4625416 -4.0355139 12.9145269 47 47 47
-2.9264970 -3.8327441 12.2656183 163 163 163
-2.8491302 -3.7985554 12.1562080 178 178 178
-2.6894350 -3.7194881 11.9031754 195 195 195
-2.5347106 -3.6414299 11.6533718 220 220 220
-2.3873105 -3.5680213 11.4184475 233 233 233
-2.2450933 -3.4965127 11.1896048 243 243 243
-2.1754897 -3.4608500 11.0754766 229 229 229
-2.1240196 -3.4531028 11.0506840 118 118 118
-2.0826964 -3.4618742 11.0787544 119 119 119
-2.0398562 -3.4684687 11.0998583 100 100 100
-1.9280769 -3.4360974 10.9962626 158 158 158
-1.8656929 -3.4068561 10.9026842 183 183 183
-1.8008701 -3.3715715 10.7897654 181 181 181
-1.7410637 -3.3440926 10.7018270 188 188 188
-1.6788192 -3.3103440 10.5938244 193 193 193
-1.6204486 -3.2825975 10.5050297 195 195 195
-1.5612398 -3.2515457 10.4056568 197 197 197
-1.4464875 -3.1919818 10.2150402 207 207 207
-1.3926686 -3.1675484 10.1368475 209 209 209
-1.3370725 -3.1373973 10.0403576 219 219 219
-1.0865523 -2.9193337 9.3425055 253 253 253
-1.0401970 -2.8999345 9.2804241 253 253 253
-0.9912125 -2.8714023 9.1891146 253 253 253
-0.9455943 -2.8506966 9.1228523 253 253 253
-0.8987483 -2.8243763 9.0386219 253 253 253
-0.8101740 -2.7819908 8.9029789 253 253 253
-0.7666302 -2.7603853 8.8338366 253 253 253
-0.7247652 -2.7429264 8.7779646 253 253 253
-0.6398558 -2.6970785 8.6312408 253 253 253
-0.5992606 -2.6783175 8.5712013 253 253 253
-0.5581197 -2.6545522 8.4951477 253 253 253
-0.5186989 -2.6362700 8.4366407 253 253 253
-0.4799136 -2.6187623 8.3806114 253 253 253
-0.4407817 -2.5964293 8.3091412 253 253 253
-0.4030058 -2.5789170 8.2530985 253 253 253
-0.3654356 -2.5595343 8.1910696 253 253 253
-0.3289582 -2.5445588 8.1431446 253 253 253
-0.2921643 -2.5233576 8.0752954 253 253 253
-0.2564681 -2.5072944 8.0238905 253 253 253
-0.2211763 -2.4909024 7.9714322 253 253 253
-0.1863033 -2.4741983 7.9179759 253 253 253
-0.1518968 -2.4577453 7.8653221 253 253 253
-0.1177199 -2.4368539 7.7984653 253 253 253
-0.0842659 -2.4205301 7.7462249 253 253 253
-0.0512520 -2.4041843 7.6939158 253 253 253
-0.0186866 -2.3887625 7.6445618 253 253 253
0.0134612 -2.3730748 7.5943580 253 253 253
0.0451923 -2.3577418 7.5452890 253 253 253
0.0764321 -2.3400366 7.4886289 253 253 253
0.1074455 -2.3277807 7.4494076 253 253 253
0.1377120 -2.3085477 7.3878579 253 253 253
0.1678210 -2.2942586 7.3421288 253 253 253
0.1975395 -2.2799139 7.2962227 253 253 253
0.2268766 -2.2656269 7.2505012 253 253 253
0.2558612 -2.2516313 7.2057118 253 253 253
0.2846016 -2.2386858 7.1642842 253 253 253
0.3126156 -2.2230601 7.1142783 253 253 253
0.3407766 -2.2111239 7.0760798 253 253 253
0.3682789 -2.1971800 7.0314565 253 253 253
0.3952426 -2.1823406 6.9839673 253 253 253
0.4224805 -2.1709683 6.9475732 253 253 253
0.4483768 -2.1546237 6.8952675 253 253 253
0.4746514 -2.1419773 6.8547959 253 253 253
0.5005873 -2.1293421 6.8143601 253 253 253
0.5262281 -2.1168919 6.7745171 253 253 253
0.5514358 -2.1040711 6.7334876 253 253 253
0.5762948 -2.0912404 6.6924267 253 253 253
0.6009121 -2.0787721 6.6525249 248 248 248
0.6292755 -2.0797966 6.6558037 120 120 120
0.6588947 -2.0847070 6.6715183 107 107 107
0.6890033 -2.0907006 6.6906996 108 108 108
0.7187818 -2.0952601 6.7052908 110 110 110
0.7524070 -2.1102631 6.7533035 137 137 137
0.7831802 -2.1164651 6.7731509 144 144 144
0.8136191 -2.1213586 6.7888112 152 152 152
0.8444089 -2.1268032 6.8062353 154 154 154
0.8755057 -2.1326380 6.8249078 152 152 152
0.9068400 -2.1386611 6.8441834 148 148 148
0.9382030 -2.1443784 6.8624797 147 147 147
0.9696944 -2.1500385 6.8805928 147 147 147
1.0015897 -2.1562388 6.9004359 146 146 146
1.0333513 -2.1618097 6.9182634 145 145 145
1.0654249 -2.1677094 6.9371443 143 143 143
1.2722178 -2.3322961 7.4638572 68 68 68
1.3076689 -2.3394098 7.4866228 65 65 65
1.3427318 -2.3455102 7.5061455 54 54 54
1.3582954 -2.3180523 7.4182739 30 30 30
1.3861151 -2.3122754 7.3997869 32 32 32
1.4327936 -2.3375206 7.4805770 26 26 26
1.4517000 -2.3173451 7.4160113 27 27 27
1.5211478 -2.3279078 7.4498138 37 37 37
1.9164716 -2.0456805 6.5466251 37 37 37
1.9391673 -2.0405128 6.5300865 30 30 30
1.9729444 -2.0469871 6.5508060 25 25 25
2.0043061 -2.0508111 6.5630436 39 39 39
2.3569629 -2.1190464 6.7814121 35 35 35
2.3937142 -2.1262901 6.8045926 36 36 36
2.4282382 -2.1314065 6.8209672 34 34 34
2.4650500 -2.1383884 6.8433104 35 35 35
2.5027578 -2.1459768 6.8675947 33 33 33
2.5389342 -2.1520934 6.8871694 33 33 33
2.5759485 -2.1587737 6.9085479 33 33 33
2.6144261 -2.1665177 6.9333301 32 32 32
2.6524165 -2.1736906 6.9562850 32 32 32
2.6901007 -2.1804585 6.9779444 33 33 33
2.7281923 -2.1874068 7.0001798 32 32 32
2.7676027 -2.1952524 7.0252876 31 31 31
2.8056202 -2.2018385 7.0463643 32 32 32
2.8460932 -2.2101934 7.0731025 29 29 29
2.8843637 -2.2166824 7.0938687 31 31 31
2.9253199 -2.2250812 7.1207466 29 29 29
4.3192034 -2.8985229 9.2759066 28 28 28
-5.1141195 -4.1272569 13.3888083 49 49 49
-3.3714216 -4.0021844 12.9830732 144 144 144
-3.1877651 -3.9111962 12.6879082 145 145 145
-3.0108771 -3.8224802 12.4001131 159 159 159
-2.9293263 -3.7846761 12.2774773 174 174 174
-2.8453796 -3.7423606 12.1402054 190 190 190
-2.6914585 -3.6720536 11.9121304 213 213 213
-2.5371549 -3.5957525 11.6646099 229 229 229
-2.3893838 -3.5229270 11.4283638 242 242 242
-2.2481992 -3.4540987 11.2050858 236 236 236
-2.1253605 -3.4086528 11.0576591 130 130 130
-2.0830209 -3.4156878 11.0804806 125 125 125
-2.0412874 -3.4240615 11.1076450 106 106 106
-1.9932096 -3.4219372 11.1007538 118 118 118
-1.9292552 -3.3917983 11.0029831 162 162 162
-1.8021684 -3.3284695 10.7975445 198 198 198
-1.6800501 -3.2680647 10.6015921 206 206 206
-1.6213827 -3.2401650 10.5110855 204 204 204
-1.5622896 -3.2098224 10.4126539 209 209 209
-1.4474752 -3.1510558 10.2220154 213 213 213
-1.3379571 -3.0971055 10.0469999 228 228 228
-1.0871642 -2.8815587 9.3477669 253 253 253
-1.0403783 -2.8612983 9.2820425 253 253 253
-0.9913461 -2.8330340 9.1903534 253 253 253
-0.8994137 -2.7883236 9.0453129 253 253 253
-0.8550836 -2.7682950 8.9803410 253 253 253
-0.7669289 -2.7241945 8.8372784 253 253 253
-0.7243844 -2.7044885 8.7733526 253 253 253
-0.6814551 -2.6811471 8.6976328 253 253 253
-0.6402299 -2.6622367 8.6362877 253 253 253
-0.5586246 -2.6210980 8.5028334 253 253 253
-0.5191478 -2.6029437 8.4439411 253 253 253
-0.4803304 -2.5856652 8.3878899 253 253 253
-0.4411546 -2.5635574 8.3161716 253 253 253
-0.4033587 -2.5463417 8.2603245 253 253 253
-0.3661113 -2.5296621 8.2062168 253 253 253
-0.3287551 -2.5086689 8.1381140 253 253 253
-0.2923951 -2.4912710 8.0816755 253 253 253
-0.2566022 -2.4747517 8.0280867 253 253 253
-0.2212666 -2.4582911 7.9746885 253 253 253
-0.1863547 -2.4414818 7.9201593 253 253 253
-0.1516806 -2.4211268 7.8541279 253 253 253
-0.1177709 -2.4050090 7.8018417 253 253 253
-0.0843144 -2.3892381 7.7506809 253 253 253
-0.0512853 -2.3732805 7.6989150 253 253 253
-0.0186994 -2.3581431 7.6498094 253 253 253
0.0134678 -2.3422043 7.5981035 253 253 253
0.0452155 -2.3271184 7.5491648 253 253 253
0.0764383 -2.3086464 7.4892416 253 253 253
0.1073382 -2.2940738 7.4419684 253 253 253
0.1378233 -2.2792342 7.3938289 253 253 253
0.1679780 -2.2654152 7.3489995 253 253 253
0.1977551 -2.2516012 7.3041873 253 253 253
0.2270743 -2.2369998 7.2568202 253 253 253
0.2560825 -2.2231667 7.2119460 253 253 253
0.2847307 -2.2094767 7.1675353 253 253 253
0.3127376 -2.1939149 7.1170526 253 253 253
0.3404416 -2.1791403 7.0691242 253 253 253
0.3679437 -2.1655562 7.0250573 253 253 253
0.3954070 -2.1537855 6.9868731 253 253 253
0.4221197 -2.1398418 6.9416404 253 253 253
0.4486501 -2.1268427 6.8994713 253 253 253
0.4749163 -2.1142507 6.8586226 253 253 253
0.5008318 -2.1016326 6.8176899 253 253 253
0.5264899 -2.0893631 6.7778869 253 253 253
0.5517687 -2.0769293 6.7375522 253 253 253
0.5766372 -2.0642447 6.6964035 253 253 253
0.6012516 -2.0518773 6.6562834 245 245 245
0.6295128 -2.0525031 6.6583138 122 122 122
0.6594410 -2.0582790 6.6770506 109 109 109
0.6891904 -2.0630465 6.6925163 112 112 112
0.7194783 -2.0689871 6.7117882 113 113 113
0.7526970 -2.0825872 6.7559066 141 141 141
0.7834916 -2.0887332 6.7758436 141 141 141
0.8143339 -2.0945690 6.7947750 150 150 150
0.8449789 -2.0995181 6.8108296 153 153 153
0.8764248 -2.1060665 6.8320727 153 153 153
0.9072315 -2.1107104 6.8471379 150 150 150
0.9386150 -2.1163688 6.8654938 153 153 153
0.9699990 -2.1216896 6.8827543 150 150 150
1.0018896 -2.1277771 6.9025021 144 144 144
1.0338484 -2.1336617 6.9215918 146 146 146
1.0657719 -2.1391523 6.9394035 141 141 141
1.0982453 -2.1454234 6.9597468 120 120 120
1.2725412 -2.3014064 7.4657550 68 68 68
1.3080471 -2.3085065 7.4887881 67 67 67
1.3432196 -2.3146977 7.5088720 54 54 54
1.3590589 -2.2880549 7.4224429 29 29 29
1.3867691 -2.2821472 7.4032784 33 33 33
1.4529463 -2.2880349 7.4223781 28 28 28
1.4943470 -2.3036058 7.4728904 39 39 39
1.7870595 -2.3571718 7.6466579 33 33 33
1.9173480 -2.0189967 6.5496187 37 37 37
1.9413489 -2.0152404 6.5374336 29 29 29
1.9745339 -2.0209897 6.5560837 20 20 20
2.5416105 -2.1252885 6.8944292 32 32 32
2.5783217 -2.1316028 6.9149132 32 32 32
2.6148515 -2.1376276 6.9344573 33 33 33
2.6540346 -2.1456645 6.9605289 33 33 33
2.6906080 -2.1514387 6.9792604 33 33 33
2.7306502 -2.1598315 7.0064869 31 31 31
2.7683377 -2.1662023 7.0271535 33 33 33
2.8066473 -2.1729195 7.0489440 30 30 30
2.8464141 -2.1806123 7.0738997 31 31 31
2.8863795 -2.1882963 7.0988269 28 28 28
2.9251060 -2.1948929 7.1202254 29 29 29
2.9665873 -2.2034013 7.1478271 31 31 31
3.0056279 -2.2099445 7.1690526 30 30 30
3.0474226 -2.2183616 7.1963582 27 27 27
3.0872850 -2.2252204 7.2186084 28 28 28
3.1299002 -2.2339098 7.2467961 27 27 27
3.1722615 -2.2422516 7.2738576 27 27 27
-5.7289300 -3.5738094 11.7542210 31 31 31
-5.2652941 -4.1453657 13.6340637 47 47 47
-3.9833081 -4.1276307 13.5757332 44 44 44
-3.9106371 -4.1114159 13.5224037 43 43 43
-3.8454232 -4.1026773 13.4936628 39 39 39
-3.5657744 -4.0436625 13.2995634 145 145 145
-3.4663136 -3.9936857 13.1351900 147 147 147
-3.3750894 -3.9517295 12.9971972 147 147 147
-3.1902022 -3.8606412 12.6976080 164 164 164
-3.0134518 -3.7734134 12.4107170 178 178 178
-2.8467994 -3.6930077 12.1462631 189 189 189
-2.6866171 -3.6153059 11.8907032 220 220 220
-2.5340097 -3.5421667 11.6501493 239 239 239
-2.4615986 -3.5089772 11.5409889 236 236 236
-2.2494695 -3.4087725 11.2114162 240 240 240
-2.1262312 -3.3634007 11.0621891 135 135 135
-2.0837395 -3.3701241 11.0843029 130 130 130
-2.0419462 -3.3783114 11.1112309 115 115 115
-1.9948395 -3.3778861 11.1098318 122 122 122
-1.9310642 -3.3485363 11.0133009 167 167 167
-1.8646990 -3.3131380 10.8968763 193 193 193
-1.8037761 -3.2858655 10.8071775 202 202 202
-1.7402396 -3.2522943 10.6967621 211 211 211
-1.6799470 -3.2231605 10.6009417 213 213 213
-1.6204923 -3.1940854 10.5053129 211 211 211
-1.5636848 -3.1687403 10.4219532 219 219 219
-1.5046350 -3.1372535 10.3183937 211 211 211
-1.4486099 -3.1103864 10.2300282 221 221 221
-1.0878568 -2.8439503 9.3537226 253 253 253
-1.0391272 -2.8187625 9.2708797 253 253 253
-0.9452090 -2.7726250 9.1191349 253 253 253
-0.9001268 -2.7523606 9.0524845 253 253 253
-0.8556955 -2.7323792 8.9867668 253 253 253
-0.8105695 -2.7082255 8.9073257 253 253 253
-0.7676279 -2.6893771 8.8453331 253 253 253
-0.6820039 -2.6465993 8.7046375 253 253 253
-0.6407471 -2.6279390 8.6432629 253 253 253
-0.5989963 -2.6048796 8.5674219 253 253 253
-0.5590177 -2.5870609 8.5088158 253 253 253
-0.5195101 -2.5691278 8.4498339 253 253 253
-0.4798698 -2.5478487 8.3798475 253 253 253
-0.4415425 -2.5307117 8.3234835 253 253 253
-0.4037759 -2.5141063 8.2688694 253 253 253
-0.3657556 -2.4926331 8.1982441 253 253 253
-0.3289027 -2.4754622 8.1417694 253 253 253
-0.2925938 -2.4588606 8.0871668 253 253 253
-0.2567177 -2.4419959 8.0316992 253 253 253
-0.2213734 -2.4258330 7.9785395 253 253 253
-0.1861528 -2.4054732 7.9115758 253 253 253
-0.1517703 -2.3894179 7.8587704 253 253 253
-0.1178354 -2.3734090 7.8061171 253 253 253
-0.0843610 -2.3578577 7.7549696 253 253 253
-0.0512759 -2.3403831 7.6974955 253 253 253
-0.0187091 -2.3270957 7.6537933 253 253 253
0.0134761 -2.3115778 7.6027546 253 253 253
0.0451806 -2.2935131 7.5433402 253 253 253
0.0765054 -2.2790613 7.4958086 253 253 253
0.1074288 -2.2645996 7.4482441 253 253 253
0.1379306 -2.2498059 7.3995876 253 253 253
0.1680679 -2.2356205 7.3529325 253 253 253
0.1978401 -2.2217543 7.3073268 253 253 253
0.2270316 -2.2059836 7.2554564 253 253 253
0.2562401 -2.1941035 7.2163835 253 253 253
0.2845678 -2.1780043 7.1634326 253 253 253
0.3126836 -2.1635292 7.1158247 253 253 253
0.3405857 -2.1502399 7.0721164 253 253 253
0.3681708 -2.1372499 7.0293927 253 253 253
0.3954806 -2.1247172 6.9881730 253 253 253
0.4223379 -2.1116605 6.9452291 253 253 253
0.4489004 -2.0989182 6.9033198 253 253 253
0.4751626 -2.0864093 6.8621783 253 253 253
0.5010904 -2.0739529 6.8212094 253 253 253
0.5267586 -2.0618329 6.7813463 253 253 253
0.5521067 -2.0497723 6.7416792 253 253 253
0.6019056 -2.0260091 6.6635227 249 249 249
0.6296974 -2.0250189 6.6602659 123 123 123
0.6596685 -2.0308225 6.6793537 111 111 111
0.6894209 -2.0355051 6.6947546 115 115 115
0.7197869 -2.0415595 6.7146673 106 106 106
0.7532390 -2.0555773 6.7607718 141 141 141
0.7837304 -2.0607877 6.7779093 149 149 149
0.8147745 -2.0670335 6.7984514 150 150 150
0.8452969 -2.0715766 6.8133936 155 155 155
0.8766825 -2.0778666 6.8340812 155 155 155
0.9081144 -2.0838623 6.8538013 152 152 152
0.9392901 -2.0889187 6.8704319 152 152 152
0.9709867 -2.0947962 6.8897629 154 154 154
1.0022641 -2.0994542 6.9050822 148 148 148
1.0344926 -2.1057851 6.9259048 146 146 146
1.0668805 -2.1120837 6.9466209 146 146 146
1.0985925 -2.1167438 6.9619479 116 116 116
1.2384763 -2.2652006 7.4502215 68 68 68
1.2733604 -2.2713850 7.4705610 67 67 67
1.3083867 -2.2775178 7.4907322 66 66 66
1.3441105 -2.2845473 7.5138526 53 53 53
1.4534523 -2.2575212 7.4249635 27 27 27
1.4947442 -2.2726970 7.4748769 39 39 39
1.5300325 -2.2783065 7.4933262 42 42 42
1.5662993 -2.2851167 7.5157247 39 39 39
1.6032069 -2.2925727 7.5402479 35 35 35
1.6391890 -2.2984414 7.5595493 30 30 30
1.6764314 -2.3058195 7.5838156 34 34 34
1.9184577 -1.9925297 6.5534096 40 40 40
1.9421732 -1.9885164 6.5402098 27 27 27
1.9750625 -1.9938765 6.5578384 22 22 22
2.7712533 -2.1388192 7.0345540 31 31 31
2.8091695 -2.1451206 7.0552793 32 32 32
2.8483529 -2.1522472 7.0787187 31 31 31
2.8872061 -2.1589792 7.1008596 30 30 30
2.9281223 -2.1670995 7.1275678 31 31 31
2.9670951 -2.1736317 7.1490512 28 28 28
3.0071554 -2.1808205 7.1726956 31 31 31
3.0480089 -2.1884360 7.1977429 29 29 29
3.0890815 -2.1960571 7.2228084 28 28 28
3.1299293 -2.2033710 7.2468638 28 28 28
3.1726844 -2.2118731 7.2748275 26 26 26
3.2131829 -2.2186544 7.2971311 25 25 25
3.2560229 -2.2269084 7.3242779 26 26 26
3.2980323 -2.2344444 7.3490639 24 24 24
3.3420861 -2.2432125 7.3779020 26 26 26
3.3839424 -2.2503574 7.4014020 25 25 25
-5.7323065 -3.5263195 11.7611485 39 39 39
-5.5560756 -4.2214370 14.0795383 36 36 36
-5.4339099 -4.1732125 13.9186974 44 44 44
-4.1070647 -4.0795813 13.6064138 44 44 44
-4.0566754 -4.0866208 13.6298923 42 42 42
-3.9581659 -4.1036687 13.6867514 42 42 42
-3.9080307 -4.1116447 13.7133541 39 39 39
-3.7516544 -4.0674973 13.5661116 56 56 56
-3.6654434 -4.0355654 13.4596100 139 139 139
-3.5673060 -3.9892917 13.3052759 148 148 148
-3.4682615 -3.9405084 13.1425714 152 152 152
-3.2798584 -3.8494785 12.8389635 167 167 167
-3.0171340 -3.7256248 12.4258814 179 179 179
-2.7707908 -3.6094959 12.0385628 218 218 218
-2.6887875 -3.5680435 11.9003086 225 225 225
-2.6147432 -3.5357771 11.7926922 238 238 238
-2.4644225 -3.4642789 11.5542288 244 244 244
-2.3187141 -3.3936446 11.3186455 250 250 250
-2.1792247 -3.3264372 11.0944920 232 232 232
-2.1268492 -3.3177161 11.0654049 129 129 129
-2.0844257 -3.3244765 11.0879526 135 135 135
-2.0427022 -3.3326890 11.1153440 114 114 114
-1.9964370 -3.3337038 11.1187277 120 120 120
-1.9322435 -3.3041103 11.0200262 169 169 169
-1.8659869 -3.2694433 10.9044027 202 202 202
-1.8049823 -3.2424591 10.8144035 210 210 210
-1.7414746 -3.2094629 10.7043533 223 223 223
-1.6814619 -3.1813233 10.6105003 223 223 223
-1.6215199 -3.1517823 10.5119743 227 227 227
-1.5647776 -3.1269751 10.4292364 226 226 226
-1.5059698 -3.0964861 10.3275480 213 213 213
-1.4496197 -3.0693851 10.2371588 228 228 228
-1.3928684 -3.0397449 10.1383018 236 236 236
-1.0889117 -2.8072255 9.3627920 252 252 252
-1.0395877 -2.7808995 9.2749882 253 253 253
-0.9455835 -2.7352533 9.1227474 253 253 253
-0.9007409 -2.7160385 9.0586615 253 253 253
-0.8548676 -2.6918755 8.9780722 253 253 253
-0.8111855 -2.6726935 8.9140949 253 253 253
-0.7681649 -2.6539319 8.8515205 253 253 253
-0.7244432 -2.6307085 8.7740641 253 253 253
-0.6823891 -2.6113667 8.7095547 253 253 253
-0.6400492 -2.5886681 8.6338491 253 253 253
-0.5994411 -2.5706584 8.5737829 253 253 253
-0.5594938 -2.5533524 8.5160627 253 253 253
-0.5191318 -2.5316501 8.4436798 253 253 253
-0.4801807 -2.5141387 8.3852758 253 253 253
-0.4418115 -2.4971325 8.3285551 253 253 253
-0.4039983 -2.4806023 8.2734232 253 253 253
-0.3659669 -2.4594815 8.2029800 253 253 253
-0.3291128 -2.4426882 8.1469707 253 253 253
-0.2928308 -2.4267220 8.0937195 253 253 253
-0.2566400 -2.4073985 8.0292702 253 253 253
-0.2210935 -2.3891625 7.9684486 253 253 253
-0.1862286 -2.3730769 7.9147992 253 253 253
-0.1518484 -2.3574908 7.8628159 253 253 253
-0.1178983 -2.3417397 7.8102818 253 253 253
-0.0844032 -2.3263173 7.7588444 253 253 253
-0.0513364 -2.3106451 7.7065735 253 253 253
-0.0186943 -2.2929978 7.6477156 253 253 253
0.0134645 -2.2775667 7.5962491 253 253 253
0.0452029 -2.2628202 7.5470662 253 253 253
0.0765404 -2.2484818 7.4992437 253 253 253
0.1074685 -2.2340162 7.4509974 253 253 253
0.1380134 -2.2199326 7.4040251 253 253 253
0.1681577 -2.2057920 7.3568625 253 253 253
0.1979764 -2.1924486 7.3123593 253 253 253
0.2269795 -2.1748879 7.2537894 253 253 253
0.2559770 -2.1614504 7.2089725 253 253 253
0.2847128 -2.1488912 7.1670842 253 253 253
0.3129090 -2.1350603 7.1209550 253 253 253
0.3406263 -2.1206696 7.0729585 253 253 253
0.3683525 -2.1086476 7.0328622 253 253 253
0.3957031 -2.0964274 6.9921050 253 253 253
0.4225509 -2.0834227 6.9487300 253 253 253
0.4491946 -2.0711634 6.9078436 253 253 253
0.4754893 -2.0588868 6.8668971 253 253 253
0.5015396 -2.0470216 6.8273244 253 253 253
0.5272476 -2.0351236 6.7876410 253 253 253
0.5524424 -2.0225718 6.7457781 253 253 253
0.5775204 -2.0108430 6.7066593 253 253 253
0.6022152 -1.9989372 6.6669507 245 245 245
0.6298397 -1.9973843 6.6617713 121 121 121
0.6598546 -2.0032210 6.6812382 110 110 110
0.6900353 -2.0090623 6.7007203 111 111 111
0.7200133 -2.0138772 6.7167788 109 109 109
0.7535819 -2.0279901 6.7638493 144 144 144
0.7842648 -2.0335913 6.7825308 147 147 147
0.8150879 -2.0391488 6.8010664 158 158 158
0.8461574 -2.0449243 6.8203292 159 159 159
0.8769848 -2.0497541 6.8364382 155 155 155
0.9084466 -2.0557120 6.8563089 159 159 159
0.9396030 -2.0606327 6.8727207 154 154 154
0.9713413 -2.0664968 6.8922791 152 152 152
1.0032551 -2.0723827 6.9119096 150 150 150
1.0348493 -2.0772948 6.9282932 151 151 151
1.0672073 -2.0834281 6.9487491 149 149 149
1.2387520 -2.2342808 7.4518800 67 67 67
1.2739583 -2.2409337 7.4740686 63 63 63
1.3095342 -2.2478998 7.4973021 65 65 65
1.3444905 -2.2534988 7.5159769 50 50 50
1.3879389 -2.2215812 7.4095235 32 32 32
1.4529811 -2.2254887 7.4225559 29 29 29
1.4951948 -2.2418516 7.4771299 41 41 41
1.5310301 -2.2481725 7.4982119 45 45 45
1.5671384 -2.2546303 7.5197506 45 45 45
1.6039594 -2.2618372 7.5437870 41 41 41
1.6397893 -2.2673934 7.5623178 38 38 38
1.6769080 -2.2744853 7.5859718 35 35 35
1.7138040 -2.2810156 7.6077518 34 34 34
2.0985487 -2.3526871 7.8467941 27 27 27
1.9172077 -1.9636141 6.5491395 42 42 42
1.9426147 -1.9613823 6.5416956 27 27 27
1.9770155 -1.9681667 6.5643234 21 21 21
2.8938534 -2.1339369 7.1172080 28 28 28
2.9292057 -2.1378336 7.1302047 28 28 28
2.9698186 -2.1454518 7.1556134 27 27 27
3.0091503 -2.1520004 7.1774545 27 27 27
3.0503953 -2.1597731 7.2033782 29 29 29
3.0909200 -2.1668878 7.2271070 28 28 28
3.1326864 -2.1747253 7.2532473 26 26 26
3.1726241 -2.1811540 7.2746892 27 27 27
3.2163875 -2.1900647 7.3044086 27 27 27
3.2565753 -2.1963947 7.3255205 26 26 26
3.2984302 -2.2037196 7.3499508 26 26 26
3.3416569 -2.2118163 7.3769550 26 26 26
3.3840160 -2.2191944 7.4015632 27 27 27
3.4275427 -2.2271962 7.4282513 25 25 25
3.4714317 -2.2352867 7.4552350 23 23 23
-7.5684552 -4.8863087 16.5295296 25 25 25
-7.4181380 -4.8791332 16.5052586 25 25 25
-5.7406440 -4.2548571 14.3934402 37 37 37
-5.6267452 -4.2150035 14.2586212 40 40 40
-3.6681652 -3.9817615 13.4696054 141 141 141
-3.5688055 -3.9348371 13.3108683 167 167 167
-3.4704137 -3.8874977 13.1507273 166 166 166
-3.2825503 -3.7984521 12.8495016 176 176 176
-3.1105669 -3.7223291 12.5919905 179 179 179
-2.7729270 -3.5614736 12.0478439 217 217 217
-2.6174603 -3.4896705 11.8049469 244 244 244
-2.4661644 -3.4179697 11.5623960 252 252 252
-2.3203676 -3.3483005 11.3267164 253 253 253
-2.1279891 -3.2728071 11.0713358 135 135 135
-2.0853076 -3.2791059 11.0926437 136 136 136
-2.0436187 -3.2872908 11.1203318 116 116 116
-1.9980164 -3.2894170 11.1275244 119 119 119
-1.8675400 -3.2261429 10.9134789 201 201 201
-1.8066374 -3.1997867 10.8243198 221 221 221
-1.7429527 -3.1670089 10.7134390 224 224 224
-1.6828326 -3.1391361 10.6191502 227 227 227
-1.6229714 -3.1102355 10.5213842 232 232 232
-1.5073520 -3.0557373 10.3370266 188 188 188
-1.3939813 -2.9993868 10.1464024 236 236 236
-1.2025176 -2.8498390 9.6405087 104 104 104
-1.0873981 -2.7638960 9.3497782 253 253 253
-1.0401525 -2.7432768 9.2800274 253 253 253
-0.9935188 -2.7227225 9.2104950 253 253 253
-0.9012869 -2.6794617 9.0641518 253 253 253
-0.8554595 -2.6558533 8.9842882 253 253 253
-0.8117890 -2.6370635 8.9207258 253 253 253
-0.7674130 -2.6140444 8.8428564 253 253 253
-0.7249849 -2.5956483 8.7806253 253 253 253
-0.6830180 -2.5770118 8.7175817 253 253 253
-0.6407245 -2.5549524 8.6429586 253 253 253
-0.6000490 -2.5370739 8.5824785 253 253 253
-0.5599654 -2.5195630 8.5232420 253 253 253
-0.5194587 -2.4976153 8.4489965 253 253 253
-0.4805566 -2.4807189 8.3918390 253 253 253
-0.4421512 -2.4639044 8.3349590 253 253 253
-0.4035323 -2.4428926 8.2638798 253 253 253
-0.3661560 -2.4261427 8.2072172 253 253 253
-0.3292832 -2.4095798 8.1511889 253 253 253
-0.2929552 -2.3936076 8.0971575 253 253 253
-0.2565510 -2.3727157 8.0264835 253 253 253
-0.2211931 -2.3566213 7.9720387 253 253 253
-0.1863259 -2.3409228 7.9189339 253 253 253
-0.1520133 -2.3268578 7.8713541 253 253 253
-0.0844653 -2.2952876 7.7645574 253 253 253
-0.0513014 -2.2765977 7.7013330 253 253 253
-0.0187016 -2.2616322 7.6507072 253 253 253
0.0134726 -2.2468872 7.6008272 253 253 253
0.0452311 -2.2323830 7.5517626 253 253 253
0.0765846 -2.2181375 7.5035729 253 253 253
0.1075390 -2.2040420 7.4558897 253 253 253
0.1379622 -2.1878996 7.4012828 253 253 253
0.1680301 -2.1731181 7.3512797 253 253 253
0.1977645 -2.1592996 7.3045340 253 253 253
0.2271167 -2.1455958 7.2581763 253 253 253
0.2560553 -2.1317024 7.2111778 253 253 253
0.2848957 -2.1200287 7.1716876 253 253 253
0.3130506 -2.1059840 7.1241765 253 253 253
0.3408310 -2.0921001 7.0772099 253 253 253
0.3686873 -2.0808802 7.0392547 253 253 253
0.3960283 -2.0686405 6.9978499 253 253 253
0.4228509 -2.0555789 6.9536653 253 253 253
0.4495387 -2.0435982 6.9131360 253 253 253
0.4759037 -2.0316985 6.8728814 253 253 253
0.5012180 -2.0169370 6.8229465 253 253 253
0.5265994 -2.0040338 6.7792969 253 253 253
0.5519552 -1.9923667 6.7398291 253 253 253
0.5769563 -1.9806248 6.7001085 253 253 253
0.6016026 -1.9688182 6.6601686 240 240 240
0.6305159 -1.9714065 6.6689243 122 122 122
0.6600903 -1.9757519 6.6836243 114 114 114
0.6903129 -1.9816025 6.7034159 114 114 114
0.7203353 -1.9864408 6.7197828 121 121 121
0.7538143 -2.0000842 6.7659359 144 144 144
0.7846364 -2.0059397 6.7857442 151 151 151
0.8153187 -2.0110385 6.8029923 155 155 155
0.8463979 -2.0167363 6.8222675 157 157 157
0.8773794 -2.0218344 6.8395133 157 157 157
0.9087587 -2.0274956 6.8586645 160 160 160
0.9404128 -2.0334017 6.8786435 157 157 157
0.9717143 -2.0382149 6.8949256 154 154 154
1.0037243 -2.0441914 6.9151430 153 153 153
1.0358378 -2.0500348 6.9349103 149 149 149
1.0675327 -2.0547519 6.9508672 149 149 149
1.2396406 -2.2044368 7.4572248 69 69 69
1.2742951 -2.2100000 7.4760447 72 72 72
1.3096982 -2.2165616 7.4982414 68 68 68
1.3597350 -2.1952465 7.4261360 29 29 29
1.3878034 -2.1901219 7.4088006 32 32 32
1.4535809 -2.1950939 7.4256196 28 28 28
1.4960542 -2.2115912 7.4814277 40 40 40
1.5322931 -2.2183814 7.5043974 44 44 44
1.5688130 -2.2252953 7.5277858 42 42 42
1.6045458 -2.2308407 7.5465455 43 43 43
1.6416451 -2.2380333 7.5708761 44 44 44
1.6775702 -2.2433813 7.5889678 41 41 41
1.9040792 -2.2847733 7.7289896 33 33 33
1.9417307 -2.2907414 7.7491789 29 29 29
1.9808649 -2.2982321 7.7745185 27 27 27
2.0189514 -2.3042831 7.7949882 25 25 25
2.0585554 -2.3118446 7.8205671 26 26 26
2.0967727 -2.3176348 7.8401542 25 25 25
1.9178199 -1.9366149 6.5512304 41 41 41
1.9434540 -1.9346318 6.5445223 26 26 26
1.9779665 -1.9414188 6.5674815 21 21 21
3.1766701 -2.1532197 7.2839665 26 26 26
3.2169905 -2.1596673 7.3057775 27 27 27
3.2582970 -2.1666484 7.3293939 28 28 28
3.3016810 -2.1748667 7.3571949 27 27 27
3.3431594 -2.1816885 7.3802719 27 27 27
3.3870606 -2.1899509 7.4082222 27 27 27
3.4296854 -2.1972444 7.4328952 26 26 26
3.4738104 -2.2053585 7.4603434 26 26 26
-7.6680474 -4.9253469 16.9027100 23 23 23
-5.9914107 -4.2427945 14.5603409 31 31 31
-3.9538848 -4.0428739 13.8742571 86 86 86
-3.7434006 -3.9443853 13.5362654 71 71 71
-3.6704371 -3.9273918 13.4779472 150 150 150
-3.5713868 -3.8815114 13.3204966 172 172 172
-3.4733870 -3.8353248 13.1619940 171 171 171
-3.2851319 -3.7472112 12.8596077 180 180 180
-3.1050942 -3.6627741 12.5698376 176 176 176
-2.9342844 -3.5836375 12.2982578 186 186 186
-2.8507864 -3.5443044 12.1632748 211 211 211
-2.7695901 -3.5064437 12.0333462 231 231 231
-2.6201694 -3.4434500 11.8171654 249 249 249
-2.4686987 -3.3726742 11.5742779 240 240 240
-2.3230534 -3.3043563 11.3398266 253 253 253
-2.1286590 -3.2271354 11.0748205 139 139 139
-2.0872085 -3.2352753 11.1027555 141 141 141
-2.0445144 -3.2418172 11.1252060 120 120 120
-1.9992682 -3.2445242 11.1344957 124 124 124
-1.9314654 -3.2098753 11.0155878 183 183 183
-1.8688586 -3.1823666 10.9211845 215 215 215
-1.8038596 -3.1492915 10.8076773 228 228 228
-1.7428313 -3.1216135 10.7126932 234 234 234
-1.6817636 -3.0923903 10.6124048 230 230 230
-1.6240872 -3.0679753 10.5286179 233 233 233
-1.5641326 -3.0377631 10.4249372 237 237 237
-1.3575405 -2.8793099 9.8811598 113 113 113
-1.3097438 -2.8659000 9.8351412 124 124 124
-1.0883701 -2.7269037 9.3581352 253 253 253
-1.0411760 -2.7068043 9.2891588 253 253 253
-0.9929014 -2.6822145 9.2047720 253 253 253
-0.9469505 -2.6621561 9.1359358 253 253 253
-0.9003960 -2.6386278 9.0551920 253 253 253
-0.8561522 -2.6200867 8.9915628 253 253 253
-0.8125564 -2.6019027 8.9291592 253 253 253
-0.7678180 -2.5781143 8.8475227 253 253 253
-0.7252395 -2.5595191 8.7837076 253 253 253
-0.6822276 -2.5373106 8.7074928 253 253 253
-0.6411266 -2.5200863 8.6483841 253 253 253
-0.6004088 -2.5023813 8.5876236 253 253 253
-0.5592875 -2.4806142 8.5129242 253 253 253
-0.5197505 -2.4633694 8.4537439 253 253 253
-0.4808198 -2.4466703 8.3964357 253 253 253
-0.4416803 -2.4261694 8.3260813 253 253 253
-0.4037677 -2.4094493 8.2687016 253 253 253
-0.3663640 -2.3928919 8.2118807 253 253 253
-0.3294448 -2.3763726 8.1551895 253 253 253
-0.2925785 -2.3564279 8.0867443 253 253 253
-0.2568256 -2.3413718 8.0350742 253 253 253
-0.2214458 -2.3256578 7.9811478 253 253 253
-0.1863876 -2.3082938 7.9215584 253 253 253
-0.1520809 -2.2946854 7.8748569 253 253 253
-0.1180763 -2.2793050 7.8220749 253 253 253
-0.0843780 -2.2602053 7.7565284 253 253 253
-0.0513345 -2.2455688 7.7062998 253 253 253
-0.0187140 -2.2308509 7.6557913 253 253 253
0.0134804 -2.2161057 7.6051884 253 253 253
0.0452534 -2.2016232 7.5554876 253 253 253
0.0766252 -2.1876531 7.5075455 253 253 253
0.1075932 -2.1736953 7.4596453 253 253 253
0.1379556 -2.1565845 7.4009252 253 253 253
0.1681243 -2.1433179 7.3553977 253 253 253
0.1979002 -2.1299577 7.3095474 253 253 253
0.2272966 -2.1166632 7.2639241 253 253 253
0.2563394 -2.1036246 7.2191782 253 253 253
0.2851763 -2.0918443 7.1787510 253 253 253
0.3134369 -2.0785034 7.1329675 253 253 253
0.3413557 -2.0654306 7.0881052 253 253 253
0.3684281 -2.0497541 7.0343070 253 253 253
0.3956456 -2.0371609 6.9910893 253 253 253
0.4225767 -2.0249417 6.9491553 253 253 253
0.4491479 -2.0126946 6.9071259 253 253 253
0.4753649 -2.0004485 6.8651004 253 253 253
0.5012167 -1.9881600 6.8229294 253 253 253
0.5268394 -1.9763463 6.7823868 253 253 253
0.5522190 -1.9648838 6.7430506 253 253 253
0.5771899 -1.9531611 6.7028208 253 253 253
0.6018710 -1.9415985 6.6631403 236 236 236
0.6307065 -1.9438711 6.6709394 119 119 119
0.6604253 -1.9485559 6.6870165 118 118 118
0.6906234 -1.9542133 6.7064314 115 115 115
0.7208296 -1.9594474 6.7243938 120 120 120
0.7542021 -1.9725666 6.7694159 148 148 148
0.7850882 -1.9784632 6.7896514 152 152 152
0.8157629 -1.9834305 6.8066988 156 156 156
0.8468089 -1.9889325 6.8255801 159 159 159
0.8778873 -1.9941463 6.8434730 161 161 161
0.9091759 -1.9994906 6.8618131 157 157 157
0.9407465 -2.0051062 6.8810849 155 155 155
0.9724642 -2.0106897 6.9002466 155 155 155
1.0040505 -2.0156853 6.9173899 156 156 156
1.0362575 -2.0216095 6.9377208 151 151 151
1.0684426 -2.0271668 6.9567924 146 146 146
1.2401943 -2.1739607 7.4605560 67 67 67
1.2753758 -2.1803215 7.4823852 67 67 67
1.3100523 -2.1855323 7.5002680 71 71 71
1.3458329 -2.1922967 7.5234814 55 55 55
1.3604826 -2.1651204 7.4302187 28 28 28
1.3890144 -2.1607630 7.4152651 31 31 31
1.4543251 -2.1648881 7.4294214 30 30 30
1.8661410 -2.2457478 7.7069139 30 30 30
1.9049207 -2.2531760 7.7324057 34 34 34
1.9423047 -2.2587311 7.7514696 34 34 34
1.9815401 -2.2662196 7.7771683 30 30 30
2.0209184 -2.2736251 7.8025827 29 29 29
2.0592008 -2.2795801 7.8230186 25 25 25
2.0985758 -2.2865376 7.8468962 25 25 25
2.1374397 -2.2927310 7.8681502 25 25 25
1.9188905 -1.9100544 6.5548878 43 43 43
1.9786639 -1.9143987 6.5697966 22 22 22
3.3886912 -2.1597500 7.4117885 26 26 26
3.4330723 -2.1680393 7.4402356 27 27 27
3.4756720 -2.1750636 7.4643416 25 25 25
-4.8066692 -4.2744684 14.8844404 34 34 34
-4.0977550 -4.0691338 14.1694298 128 128 128
-3.9562688 -3.9867694 13.8826227 94 94 94
-3.7482390 -3.8923280 13.5537615 80 80 80
-3.6740308 -3.8743455 13.4911432 159 159 159
-3.5703421 -3.8242207 13.3165998 180 180 180
-3.4757943 -3.7824414 13.1711168 179 179 179
-3.2884789 -3.6967454 12.8727083 186 186 186
-3.1076589 -3.6127491 12.5802193 169 169 169
-2.9356010 -3.5333610 12.3037758 213 213 213
-2.8530807 -3.4958234 12.1730633 222 222 222
-2.7719393 -3.4586308 12.0435524 245 245 245
-2.6164069 -3.3887446 11.8001966 233 233 233
-2.4698303 -3.3253894 11.5795832 253 253 253
-2.3928237 -3.2866879 11.4448175 253 253 253
-2.3245602 -3.2586491 11.3471813 253 253 253
-2.1294987 -3.1816878 11.0791893 141 141 141
-2.0879028 -3.1895161 11.1064482 142 142 142
-2.0451312 -3.1958666 11.1285620 122 122 122
-2.0009475 -3.2002566 11.1438484 129 129 129
-1.9332330 -3.1663182 11.0256691 182 182 182
-1.8705629 -3.1391728 10.9311438 213 213 213
-1.8055004 -3.1065390 10.8175077 228 228 228
-1.7439562 -3.0784242 10.7196074 235 235 235
-1.6832411 -3.0503156 10.6217279 221 221 221
-1.4682996 -2.8916469 10.0692158 101 101 101
-1.3401119 -2.8899138 10.0631809 81 81 81
-1.2879857 -2.8683333 9.9880342 94 94 94
-1.2342590 -2.8416095 9.8949766 118 118 118
-1.0890613 -2.6891477 9.3640785 253 253 253
-1.0419101 -2.6695130 9.2957077 253 253 253
-0.9935809 -2.6452074 9.2110710 253 253 253
-0.9477912 -2.6259596 9.1440468 253 253 253
-0.9012908 -2.6030269 9.0641909 253 253 253
-0.8567853 -2.5840793 8.9982128 253 253 253
-0.8115299 -2.5610094 8.9178791 253 253 253
-0.7682295 -2.5421667 8.8522654 253 253 253
-0.7257288 -2.5241804 8.7896347 253 253 253
-0.6826522 -2.5021474 8.7129116 253 253 253
-0.6007587 -2.4676049 8.5926285 253 253 253
-0.5596057 -2.4461064 8.5177670 253 253 253
-0.5200556 -2.4291456 8.4587059 253 253 253
-0.4811540 -2.4129391 8.4022732 253 253 253
-0.4420669 -2.3931518 8.3333693 253 253 253
-0.4042601 -2.3774762 8.2787848 253 253 253
-0.3667815 -2.3609502 8.2212381 253 253 253
-0.3291896 -2.3401685 8.1488724 253 253 253
-0.2928004 -2.3240879 8.0928774 253 253 253
-0.2569490 -2.3085973 8.0389366 253 253 253
-0.2215668 -2.2932541 7.9855084 253 253 253
-0.1864797 -2.2760134 7.9254727 253 253 253
-0.1519692 -2.2598157 7.8690701 253 253 253
-0.1179287 -2.2435107 7.8122935 253 253 253
-0.0844267 -2.2287831 7.7610092 253 253 253
-0.0513652 -2.2143955 7.7109089 253 253 253
-0.0187244 -2.1997850 7.6600332 253 253 253
0.0134859 -2.1849327 7.6083145 253 253 253
0.0452882 -2.1714303 7.5612974 253 253 253
0.0765481 -2.1538258 7.4999943 253 253 253
0.1074863 -2.1401091 7.4522305 253 253 253
0.1380694 -2.1271281 7.4070292 253 253 253
0.1682811 -2.1142712 7.3622584 253 253 253
0.1981137 -2.1013980 7.3174324 253 253 253
0.2275210 -2.0880909 7.2710948 253 253 253
0.2565129 -2.0745852 7.2240653 253 253 253
0.2852159 -2.0618579 7.1797471 253 253 253
0.3130976 -2.0462065 7.1252456 253 253 253
0.3409818 -2.0333111 7.0803418 253 253 253
0.3686273 -2.0211825 7.0381083 253 253 253
0.3958877 -2.0089083 6.9953671 253 253 253
0.4228022 -1.9967022 6.9528632 253 253 253
0.4493085 -1.9842769 6.9095964 253 253 253
0.4755954 -1.9724548 6.8684297 253 253 253
0.5014137 -1.9601582 6.8256111 253 253 253
0.5271004 -1.9487103 6.7857475 253 253 253
0.5524191 -1.9371504 6.7454939 253 253 253
0.5775791 -1.9261938 6.7073412 253 253 253
0.6022601 -1.9147376 6.6674480 236 236 236
0.6309550 -1.9164952 6.6735687 120 120 120
0.6610448 -1.9221586 6.6932898 121 121 121
0.6908965 -1.9266939 6.7090821 116 116 116
0.7212808 -1.9322999 6.7286034 124 124 124
0.7549287 -1.9458933 6.7759380 149 149 149
0.7853581 -1.9505018 6.7919855 154 154 154
0.8164900 -1.9564694 6.8127656 160 160 160
0.8470308 -1.9606631 6.8273687 160 160 160
0.8782996 -1.9662107 6.8466868 160 160 160
0.9095311 -1.9713247 6.8644943 162 162 162
0.9410416 -1.9767089 6.8832436 156 156 156
0.9728385 -1.9823545 6.9029026 154 154 154
1.0044066 -1.9872196 6.9198432 154 154 154
1.0365950 -1.9930025 6.9399805 151 151 151
1.0688616 -1.9986141 6.9595208 145 145 145
1.1010251 -2.0037379 6.9773631 108 108 108
1.2404958 -2.1430206 7.4623699 70 70 70
1.2758262 -2.1495275 7.4850278 73 73 73
1.3109742 -2.1554201 7.5055466 69 69 69
1.3461878 -2.1611402 7.5254650 56 56 56
1.3613684 -2.1351771 7.4350567 33 33 33
1.3896304 -2.1304379 7.4185538 32 32 32
1.4550167 -2.1345735 7.4329548 31 31 31
1.9075269 -2.2236068 7.7429843 34 34 34
1.9824750 -2.2344775 7.7808380 32 32 32
2.0218351 -2.2417383 7.8061218 31 31 31
2.0600486 -2.2475157 7.8262396 30 30 30
2.0994599 -2.2543972 7.8502016 26 26 26
2.1402812 -2.2625554 7.8786101 26 26 26
1.9200821 -1.8835818 6.5589581 44 44 44
1.9468020 -1.8826737 6.5557966 25 25 25
1.9815137 -1.8894117 6.5792589 23 23 23
-8.5754442 -4.9785404 17.5945015 24 24 24
-8.2217655 -5.0345645 17.7924957 20 20 20
-8.1568613 -5.0408225 17.8146095 19 19 19
-6.4673185 -4.4021387 15.5574589 27 27 27
-4.8830552 -4.2234812 14.9260712 69 69 69
-4.8272347 -4.2297215 14.9481249 58 58 58
-4.7667561 -4.2319918 14.9561472 40 40 40
-4.7133694 -4.2407031 14.9869337 36 36 36
-4.6594534 -4.2491689 15.0168533 38 38 38
-4.5739083 -4.2286267 14.9442549 83 83 83
-4.4191637 -4.1426406 14.6403742 75 75 75
-4.1014757 -4.0130224 14.1822948 138 138 138
-3.9602942 -3.9322240 13.8967485 100 100 100
-3.8869798 -3.9173963 13.8443451 155 155 155
-3.7556474 -3.8427527 13.5805502 85 85 85
-3.5724082 -3.7702458 13.3243055 186 186 186
-3.4785416 -3.7298453 13.1815271 184 184 184
-3.3795304 -3.6825264 13.0142984 189 189 189
-3.2909663 -3.6452169 12.8824453 179 179 179
-3.1092262 -3.5614944 12.5865641 201 201 201
-2.9384189 -3.4848182 12.3155861 231 231 231
-2.6983633 -3.3793037 11.9426899 237 237 237
-2.5440395 -3.3095746 11.6962624 253 253 253
-2.3948610 -3.2411830 11.4545622 253 253 253
-2.3262393 -3.2131183 11.3553791 253 253 253
-2.2520058 -3.1759593 11.2240572 249 249 249
-2.1304796 -3.1364117 11.0842934 138 138 138
-2.0888975 -3.1441779 11.1117392 135 135 135
-2.0458882 -3.1501036 11.1326809 111 111 111
-1.9985455 -3.1494782 11.1304712 128 128 128
-1.9345342 -3.1219234 11.0330906 184 184 184
-1.8719107 -3.0953052 10.9390202 211 211 211
-1.8066318 -3.0628402 10.8242865 190 190 190
-1.6392604 -2.9269943 10.3441973 110 110 110
-1.4510465 -2.8995578 10.2472353 87 87 87
-1.3956319 -2.8744256 10.1584167 119 119 119
-1.3412211 -2.8498347 10.0715103 225 225 225
-1.2889268 -2.8282795 9.9953327 253 253 253
-1.2352084 -2.8020365 9.9025888 253 253 253
-1.0899987 -2.6519408 9.3721399 253 253 253
-1.0408046 -2.6275232 9.2858458 253 253 253
-0.9483401 -2.5888979 9.1493425 253 253 253
-0.9016883 -2.5659347 9.0681887 253 253 253
-0.8572019 -2.5473723 9.0025873 253 253 253
-0.7249768 -2.4845378 8.7805262 253 253 253
-0.6419529 -2.4503005 8.6595287 253 253 253
-0.6001574 -2.4289367 8.5840282 253 253 253
-0.5598044 -2.4110432 8.5207911 253 253 253
-0.5200633 -2.3935111 8.4588318 253 253 253
-0.4808432 -2.3759713 8.3968449 253 253 253
-0.4422086 -2.3587658 8.3360395 253 253 253
-0.4042796 -2.3426778 8.2791834 253 253 253
-0.3669450 -2.3273187 8.2249031 253 253 253
-0.3293596 -2.3069954 8.1530790 253 253 253
-0.2929722 -2.2913046 8.0976267 253 253 253
-0.2570980 -2.2760170 8.0435991 253 253 253
-0.2216800 -2.2607336 7.9895868 253 253 253
-0.1864338 -2.2420390 7.9235191 253 253 253
-0.1519849 -2.2268624 7.8698835 253 253 253
-0.1179946 -2.2118034 7.8166637 253 253 253
-0.0844857 -2.1975899 7.7664328 253 253 253
-0.0514034 -2.1835017 7.7166443 253 253 253
-0.0187383 -2.1690998 7.6657467 253 253 253
0.0134972 -2.1546576 7.6147070 253 253 253
0.0452506 -2.1377699 7.5550246 253 253 253
0.0766244 -2.1243143 7.5074716 253 253 253
0.1075940 -2.1107962 7.4596977 253 253 253
0.1381531 -2.0971642 7.4115214 253 253 253
0.1682855 -2.0832794 7.3624516 253 253 253
0.1981228 -2.0706353 7.3177667 253 253 253
0.2276166 -2.0582941 7.2741513 253 253 253
0.2562860 -2.0423138 7.2176766 253 253 253
0.2849038 -2.0293584 7.1718907 253 253 253
0.3132510 -2.0171475 7.1287370 253 253 253
0.3412078 -2.0047810 7.0850329 253 253 253
0.3688632 -1.9927778 7.0426130 253 253 253
0.3960982 -1.9804612 6.9990854 253 253 253
0.4230493 -1.9685322 6.9569273 253 253 253
0.4496552 -1.9566481 6.9149280 253 253 253
0.4758550 -1.9445518 6.8721790 253 253 253
0.5016717 -1.9323685 6.8291221 253 253 253
0.5273896 -1.9211484 6.7894697 253 253 253
0.5527857 -1.9099717 6.7499704 253 253 253
0.5775806 -1.8979145 6.7073593 253 253 253
0.6025472 -1.8875203 6.6706257 212 212 212
0.6312100 -1.8891163 6.6762657 117 117 117
0.6613118 -1.8946981 6.6959925 123 123 123
0.6915777 -1.9002742 6.7156982 119 119 119
0.7214192 -1.9042909 6.7298937 123 123 123
0.7552246 -1.9180709 6.7785935 152 152 152
0.7855785 -1.9223996 6.7938914 155 155 155
0.8167105 -1.9282609 6.8146057 162 162 162
0.8479529 -1.9339755 6.8348012 160 160 160
0.8788160 -1.9384778 6.8507123 162 162 162
0.9103131 -1.9440475 6.8703966 163 163 163
0.9414604 -1.9485494 6.8863068 156 156 156
0.9731666 -1.9539042 6.9052305 155 155 155
1.0049305 -1.9590603 6.9234529 149 149 149
1.0369917 -1.9644885 6.9426365 154 154 154
1.0691528 -1.9698027 6.9614172 151 151 151
1.2409582 -2.1123395 7.4651518 70 70 70
1.2762088 -2.1185985 7.4872713 73 73 73
1.3114395 -2.1245234 7.5082102 72 72 72
1.3467265 -2.1302578 7.5284767 53 53 53
1.3620420 -2.1048646 7.4387350 31 31 31
1.3894715 -2.0989141 7.4177055 30 30 30
1.4554431 -2.1038454 7.4351330 34 34 34
1.6012712 -2.1741326 7.6835332 65 65 65
1.9188087 -1.8546921 6.5546083 44 44 44
1.9492705 -1.8573804 6.5641088 23 23 23
1.9816287 -1.8617752 6.5796404 22 22 22
-9.5162954 -5.1316299 18.4098930 20 20 20
-9.3414507 -5.1208978 18.3713894 16 16 16
-9.1704435 -5.1119428 18.3392639 17 17 17
-8.4210978 -5.0797758 18.2238655 19 19 19
-8.3418016 -5.0782866 18.2185211 19 19 19
-6.5320082 -4.3799100 15.7130728 27 27 27
-5.0548539 -4.1986761 15.0628891 81 81 81
-5.0011191 -4.2069063 15.0924158 86 86 86
-4.9487815 -4.2165399 15.1269770 87 87 87
-4.8943868 -4.2246494 15.1560698 88 88 88
-4.5616846 -4.1544747 14.9043159 73 73 73
-4.4161282 -4.0780997 14.6303167 69 69 69
-4.1047406 -3.9563634 14.1935844 139 139 139
-3.9642334 -3.8774750 13.9105701 108 108 108
-3.8826251 -3.8546920 13.8288355 158 158 158
-3.7597113 -3.7895806 13.5952463 90 90 90
-3.5756135 -3.7173903 13.3362608 189 189 189
-3.3819988 -3.6302953 13.0238047 201 201 201
-3.1982346 -3.5482814 12.7295771 206 206 206
-3.1122663 -3.5118477 12.5988703 218 218 218
-3.0233421 -3.4707553 12.4514494 228 228 228
-2.7003529 -3.3313966 11.9514961 247 247 247
-2.5457950 -3.2625015 11.7043324 253 253 253
-2.3966160 -3.1952195 11.4629564 253 253 253
-2.2533224 -3.1304572 11.2306194 253 253 253
-2.1310289 -3.0904665 11.0871506 139 139 139
-2.0894442 -3.0981309 11.1146479 135 135 135
-2.0472264 -3.1051874 11.1399632 124 124 124
-1.7616735 -2.9421115 10.5549221 132 132 132
-1.6858222 -2.9652731 10.6380157 138 138 138
-1.6245426 -2.9356022 10.5315704 82 82 82
-1.5676296 -2.9123759 10.4482450 104 104 104
-1.5083741 -2.8833282 10.3440361 169 169 169
-1.4518936 -2.8580132 10.2532167 253 253 253
-1.3965470 -2.8334448 10.1650772 253 253 253
-1.3419511 -2.8088918 10.0769920 253 253 253
-1.2359804 -2.7620029 9.9087772 253 253 253
-1.0908809 -2.6145332 9.3797245 253 253 253
-1.0414587 -2.5899916 9.2916813 253 253 253
-0.9949799 -2.5711374 9.2240410 253 253 253
-0.9473864 -2.5477512 9.1401415 253 253 253
-0.9022650 -2.5293114 9.0739889 253 253 253
-0.8577937 -2.5111413 9.0088024 253 253 253
-0.7254310 -2.4490445 8.7860279 253 253 253
-0.6836600 -2.4322495 8.7257757 253 253 253
-0.6420792 -2.4142590 8.6612339 253 253 253
-0.6007534 -2.3951147 8.5925531 253 253 253
-0.5605658 -2.3783417 8.5323801 253 253 253
-0.5203944 -2.3593421 8.4642181 253 253 253
-0.4808838 -2.3407600 8.3975534 253 253 253
-0.4422173 -2.3236594 8.3362055 253 253 253
-0.4045176 -2.3091238 8.2840576 253 253 253
-0.3663955 -2.2892015 8.2125864 253 253 253
-0.3295548 -2.2739611 8.1579103 253 253 253
-0.2931992 -2.2589061 8.1039009 253 253 253
-0.2572975 -2.2438369 8.0498390 253 253 253
-0.2214682 -2.2249148 7.9819551 253 253 253
-0.1865455 -2.2099497 7.9282680 253 253 253
-0.1520837 -2.1951020 7.8750010 253 253 253
-0.1180072 -2.1790724 7.8174944 253 253 253
-0.0845536 -2.1665788 7.7726736 253 253 253
-0.0514514 -2.1529701 7.7238517 253 253 253
-0.0187227 -2.1349890 7.6593442 253 253 253
0.0134849 -2.1206036 7.6077356 253 253 253
0.0452715 -2.1068852 7.5585208 253 253 253
0.0766456 -2.0932360 7.5095534 253 253 253
0.1076336 -2.0801060 7.4624491 253 253 253
0.1382161 -2.0668528 7.4149032 253 253 253
0.1684408 -2.0541263 7.3692460 253 253 253
0.1979606 -2.0381076 7.3117785 253 253 253
0.2273916 -2.0256143 7.2669582 253 253 253
0.2564383 -2.0130723 7.2219629 253 253 253
0.2850787 -2.0003426 7.1762953 253 253 253
0.3134407 -1.9882895 7.1330547 253 253 253
0.3413779 -1.9758885 7.0885653 253 253 253
0.3690403 -1.9640220 7.0459943 253 253 253
0.3963402 -1.9521387 7.0033622 253 253 253
0.4233033 -1.9403595 6.9611039 253 253 253
0.4499404 -1.9287106 6.9193130 253 253 253
0.4764386 -1.9179215 6.8806071 253 253 253
0.5019626 -1.9046745 6.8330827 253 253 253
0.5273313 -1.8923084 6.7887192 253 253 253
0.5532476 -1.8830795 6.7556105 253 253 253
0.5775530 -1.8695403 6.7070379 253 253 253
0.6026668 -1.8597599 6.6719503 230 230 230
0.6317615 -1.8625886 6.6820984 119 119 119
0.6616548 -1.8674296 6.6994658 117 117 117
0.6918218 -1.8726149 6.7180676 120 120 120
0.7218558 -1.8770466 6.7339668 124 124 124
0.7554830 -1.8901325 6.7809129 151 151 151
0.7863777 -1.8956767 6.8008032 159 159 159
0.8169399 -1.9000578 6.8165207 162 162 162
0.8482426 -1.9058045 6.8371367 166 166 166
0.8791715 -1.9103611 6.8534837 164 164 164
0.9106796 -1.9158462 6.8731618 164 164 164
0.9423140 -1.9212507 6.8925505 159 159 159
0.9736298 -1.9257014 6.9085174 161 161 161
1.0056814 -1.9313064 6.9286256 159 159 159
1.0379477 -1.9369956 6.9490361 152 152 152
1.0697032 -1.9414457 6.9650006 148 148 148
1.2071705 -2.0768893 7.4509087 65 65 65
1.2421614 -2.0828769 7.4723897 67 67 67
1.2770351 -2.0883765 7.4921198 71 71 71
1.3124981 -2.0945508 7.5142708 69 69 69
1.3611424 -2.0721264 7.4338222 31 31 31
1.3905196 -2.0691938 7.4233012 31 31 31
1.4559480 -2.0732107 7.4377122 36 36 36
1.7896842 -2.1738071 7.7986054 65 65 65
1.8286541 -2.1810632 7.8246365 64 64 64
1.8664228 -2.1866548 7.8446965 55 55 55
1.9056262 -2.1937029 7.8699822 46 46 46
1.9825164 -2.2054009 7.9119487 46 46 46
2.0626552 -2.2198331 7.9637251 39 39 39
1.9198790 -1.8280708 6.5582647 47 47 47
1.9824830 -1.8348199 6.5824776 20 20 20
2.5333121 -2.1084478 7.5641260 51 51 51
-9.6642418 -5.1747842 18.8498802 17 17 17
-9.6003485 -5.1832047 18.8805523 17 17 17
-6.9771776 -4.4279623 16.1294765 24 24 24
-4.6977854 -4.1564331 15.1403913 85 85 85
-4.5724339 -4.1012659 14.9394379 92 92 92
-4.4511161 -4.0482254 14.7462311 85 85 85
-4.1075144 -3.8991430 14.2031765 140 140 140
-3.9643509 -3.8189280 13.9109821 114 114 114
-3.8854618 -3.7991500 13.8389387 166 166 166
-3.5791035 -3.6647255 13.3492785 203 203 203
-3.3845468 -3.5780683 13.0336161 212 212 212
-3.2005374 -3.4971180 12.7387438 214 214 214
-3.0241046 -3.4191101 12.4545898 229 229 229
-2.8569651 -3.3463736 12.1896362 251 251 251
-2.6967790 -3.2766554 11.9356785 250 250 250
-2.5481713 -3.2161443 11.7152576 235 235 235
-2.3986216 -3.1495142 11.4725485 253 253 253
-2.2546294 -3.0848868 11.2371340 253 253 253
-2.1322470 -3.0454524 11.0934887 133 133 133
-1.9496411 -2.9808345 10.8581085 92 92 92
-1.7459792 -2.9462259 10.7320414 96 96 96
-1.6868812 -2.9222476 10.6446981 151 151 151
-1.6257837 -2.8933997 10.5396156 227 227 227
-1.5688856 -2.8706141 10.4566154 250 250 250
-1.5096953 -2.8421955 10.3530970 251 251 251
-1.4515471 -2.8141046 10.2507715 253 253 253
-1.3962687 -2.7900231 10.1630516 253 253 253
-1.3430789 -2.7687223 10.0854607 253 253 253
-1.2883571 -2.7427673 9.9909153 253 253 253
-1.2369301 -2.7223084 9.9163904 253 253 253
-1.0914384 -2.5762956 9.3845186 253 253 253
-1.0421115 -2.5524080 9.2975054 253 253 253
-0.9956599 -2.5339706 9.2303438 253 253 253
-0.9480298 -2.5109115 9.1463480 253 253 253
-0.9019279 -2.4901164 9.0705986 253 253 253
-0.8566754 -2.4699273 8.9970579 253 253 253
-0.8129976 -2.4526186 8.9340076 253 253 253
-0.7687825 -2.4319274 8.8586378 253 253 253
-0.7261679 -2.4144442 8.7949524 253 253 253
-0.6841787 -2.3972707 8.7323952 253 253 253
-0.6010593 -2.3600812 8.5969276 253 253 253
-0.5610005 -2.3441775 8.5389957 253 253 253
-0.5201262 -2.3224511 8.4598541 253 253 253
-0.4812261 -2.3069892 8.4035320 253 253 253
-0.4424490 -2.2897048 8.3405714 253 253 253
-0.4040793 -2.2717261 8.2750816 253 253 253
-0.3665309 -2.2554023 8.2156200 253 253 253
-0.3297978 -2.2412112 8.1639271 253 253 253
-0.2933632 -2.2259769 8.1084337 253 253 253
-0.2574465 -2.2111709 8.0545015 253 253 253
-0.2216126 -2.1926842 7.9871602 253 253 253
-0.1866889 -2.1781893 7.9343610 253 253 253
-0.1522103 -2.1636932 7.8815570 253 253 253
-0.1181742 -2.1491439 7.8285589 253 253 253
-0.0845917 -2.1347620 7.7761707 253 253 253
-0.0513723 -2.1171381 7.7119732 253 253 253
-0.0187270 -2.1031780 7.6611214 253 253 253
0.0134914 -2.0895226 7.6113801 253 253 253
0.0453067 -2.0766249 7.5643978 253 253 253
0.0766717 -2.0622685 7.5121031 253 253 253
0.1077279 -2.0504313 7.4689837 253 253 253
0.1383309 -2.0372748 7.4210601 253 253 253
0.1682832 -2.0211580 7.3623524 253 253 253
0.1980793 -2.0084772 7.3161607 253 253 253
0.2275108 -1.9960161 7.2707696 253 253 253
0.2565728 -1.9836583 7.2257543 253 253 253
0.2852372 -1.9711756 7.1802840 253 253 253
0.3136154 -1.9593015 7.1370311 253 253 253
0.3415923 -1.9472187 7.0930181 253 253 253
0.3692909 -1.9356229 7.0507789 253 253 253
0.3962741 -1.9222851 7.0021939 253 253 253
0.4236866 -1.9127351 6.9674067 253 253 253
0.4503081 -1.9010847 6.9249682 253 253 253
0.4766294 -1.8896629 6.8833623 253 253 253
0.5017039 -1.8748930 6.8295612 253 253 253
0.5274141 -1.8639734 6.7897849 253 253 253
0.5525143 -1.8521334 6.7466564 253 253 253
0.5776538 -1.8415784 6.7082081 253 253 253
0.6027529 -1.8318862 6.6729031 228 228 228
0.6925448 -1.8462125 6.7250886 124 124 124
0.7558118 -1.8623478 6.7838635 152 152 152
0.7866883 -1.8677356 6.8034897 159 159 159
0.8176844 -1.8730180 6.8227315 168 168 168
0.8485150 -1.8775754 6.8393326 163 163 163
0.8799444 -1.8831145 6.8595095 165 165 165
0.9110397 -1.8876086 6.8758802 162 162 162
0.9427041 -1.8929684 6.8954034 162 162 162
0.9746259 -1.8985088 6.9155855 160 160 160
1.0061159 -1.9029106 6.9316192 159 159 159
1.0383049 -1.9083486 6.9514279 156 156 156
1.0707622 -1.9139675 6.9718957 154 154 154
1.2074627 -2.0459642 7.4527125 68 68 68
1.2421918 -2.0514164 7.4725723 69 69 69
1.2781247 -2.0585375 7.4985123 71 71 71
1.3127317 -2.0632310 7.5156088 71 71 71
1.3484819 -2.0694573 7.5382895 53 53 53
1.3621155 -2.0422375 7.4391370 33 33 33
1.3912424 -2.0389493 7.4271593 30 30 30
1.4362330 -2.0585434 7.4985337 24 24 24
1.4565283 -2.0426602 7.4406767 35 35 35
1.7527691 -2.1360114 7.7807217 67 67 67
1.7904704 -2.1418614 7.8020315 67 67 67
1.8291179 -2.1486120 7.8266215 69 69 69
1.8669337 -2.1541636 7.8468437 62 62 62
1.9061034 -2.1610568 7.8719530 60 60 60
1.9443983 -2.1667392 7.8926520 49 49 49
1.9842312 -2.1739154 7.9187922 44 44 44
2.0238347 -2.1806068 7.9431672 42 42 42
2.0631974 -2.1868250 7.9658179 42 42 42
2.1025755 -2.1928604 7.9878020 39 39 39
2.1428452 -2.1996202 8.0124254 37 37 37
1.9207855 -1.8012651 6.5613613 49 49 49
1.9830929 -1.8076179 6.5845022 22 22 22
3.7517502 -2.4321911 8.8595982 20 20 20
-9.7804594 -5.2428141 19.3956203 15 15 15
-9.6892099 -5.2377009 19.3767033 16 16 16
-9.5064611 -5.2270737 19.3373890 18 18 18
-9.4343538 -5.2323074 19.3567524 18 18 18
-5.6482167 -4.3843050 16.2195950 30 30 30
-5.5927238 -4.3944445 16.2571049 29 29 29
-5.5341282 -4.4023676 16.2864170 30 30 30
-5.1017656 -4.2704101 15.7982426 52 52 52
-4.9625831 -4.2088685 15.5705729 62 62 62
-4.7017322 -4.0960250 15.1531115 89 89 89
-4.4320111 -3.9689326 14.6829367 64 64 64
-3.9685466 -3.7642460 13.9257050 110 110 110
-3.8841422 -3.7395215 13.8342381 169 169 169
-3.5827937 -3.6121528 13.3630419 207 207 207
-3.3884678 -3.5271878 13.0487165 214 214 214
-3.2926896 -3.4840667 12.8891916 212 212 212
-3.2031248 -3.4461830 12.7490425 228 228 228
-3.0271900 -3.3700247 12.4672966 234 234 234
-2.8596020 -3.2980118 12.2008877 249 249 249
-2.6981235 -3.2279320 11.9416294 244 244 244
-2.5426254 -3.1598496 11.6897612 253 253 253
-2.4707301 -3.1312079 11.5838013 253 253 253
-2.4001513 -3.1031127 11.4798651 253 253 253
-2.3247638 -3.0675159 11.3481760 253 253 253
-2.2563019 -3.0397534 11.2454691 253 253 253
-2.1844797 -3.0061743 11.1212444 246 246 246
-2.1330109 -2.9997458 11.0974627 121 121 121
-2.0832787 -2.9955258 11.0818510 88 88 88
-1.8725566 -2.9579377 10.9427938 131 131 131
-1.8094610 -2.9304860 10.8412371 210 210 210
-1.7471901 -2.9029813 10.7394848 238 238 238
-1.6880414 -2.8793385 10.6520195 244 244 244
-1.6268646 -2.8508489 10.5466223 249 249 249
-1.5699828 -2.8284960 10.4639282 252 252 252
-1.5107999 -2.8005846 10.3606710 253 253 253
-1.4527943 -2.7732582 10.2595787 253 253 253
-1.3971725 -2.7489440 10.1696291 253 253 253
-1.3439029 -2.7278652 10.0916491 253 253 253
-1.2891692 -2.7023382 9.9972124 253 253 253
-1.2377723 -2.6823168 9.9231434 253 253 253
-1.0901581 -2.5337458 9.3735104 253 253 253
-0.9964843 -2.4971128 9.2379875 253 253 253
-0.8136458 -2.4168694 8.9411297 253 253 253
-0.7265918 -2.3787441 8.8000860 253 253 253
-0.6845077 -2.3615816 8.7365942 253 253 253
-0.6420433 -2.3410797 8.6607485 253 253 253
-0.6013398 -2.3249128 8.6009398 253 253 253
-0.5612255 -2.3090949 8.5424223 253 253 253
-0.5204259 -2.2880938 8.4647284 253 253 253
-0.4814881 -2.2727885 8.4081068 253 253 253
-0.4427521 -2.2560778 8.3462868 253 253 253
-0.4043207 -2.2381668 8.2800255 253 253 253
-0.3669162 -2.2230923 8.2242584 253 253 253
-0.3298978 -2.2074533 8.1664009 253 253 253
-0.2932284 -2.1907771 8.1047087 253 253 253
-0.2571541 -2.1747329 8.0453539 253 253 253
-0.2217252 -2.1600993 7.9912171 253 253 253
-0.1867329 -2.1452363 7.9362316 253 253 253
-0.1522724 -2.1313260 7.8847709 253 253 253
-0.1181770 -2.1161807 7.8287416 253 253 253
-0.0845171 -2.1001165 7.7693129 253 253 253
-0.0514161 -2.0863950 7.7185507 253 253 253
-0.0187439 -2.0727377 7.6680255 253 253 253
0.0135029 -2.0591898 7.6179061 253 253 253
0.0453386 -2.0461626 7.5697117 253 253 253
0.0767412 -2.0324328 7.5189190 253 253 253
0.1076284 -2.0170708 7.4620881 253 253 253
0.1381816 -2.0038154 7.4130497 253 253 253
0.1683822 -1.9912819 7.3666825 253 253 253
0.1981943 -1.9787734 7.3204074 253 253 253
0.2276322 -1.9664042 7.2746482 253 253 253
0.2567325 -1.9544028 7.2302499 253 253 253
0.2854995 -1.9426813 7.1868863 253 253 253
0.3137313 -1.9299179 7.1396685 253 253 253
0.3419289 -1.9191971 7.1000075 253 253 253
0.3690439 -1.9046158 7.0460644 253 253 253
0.3962520 -1.8926519 7.0018044 253 253 253
0.4230633 -1.8805835 6.9571576 253 253 253
0.4496536 -1.8691618 6.9149032 253 253 253
0.4758841 -1.8577265 6.8725986 253 253 253
0.5019003 -1.8468153 6.8322334 253 253 253
0.5275722 -1.8358911 6.7918196 253 253 253
0.5529294 -1.8250532 6.7517252 253 253 253
0.5780960 -1.8146787 6.7133446 253 253 253
0.6030394 -1.8046045 6.6760759 219 219 219
0.6928098 -1.8185489 6.7276626 124 124 124
0.7561284 -1.8345088 6.7867055 152 152 152
0.7869560 -1.8396715 6.8058052 164 164 164
0.8179195 -1.8447772 6.8246937 167 167 167
0.8487700 -1.8492898 6.8413873 169 169 169
0.8803157 -1.8549707 6.8624034 167 167 167
0.9117820 -1.8601277 6.8814821 164 164 164
0.9431033 -1.8646802 6.8983235 162 162 162
0.9749865 -1.8700378 6.9181442 161 161 161
1.0068992 -1.8751391 6.9370160 159 159 159
1.0386924 -1.8797359 6.9540219 158 158 158
1.0712372 -1.8854034 6.9749889 152 152 152
1.2429514 -2.0211401 7.4771419 73 73 73
1.2784208 -2.0273862 7.5002489 72 72 72
1.3139261 -2.0333862 7.5224466 73 73 73
1.3489952 -2.0384443 7.5411587 52 52 52
1.3627331 -2.0117788 7.4425101 32 32 32
1.3921081 -2.0088787 7.4317813 31 31 31
1.4573658 -2.0124397 7.4449549 40 40 40
1.7156121 -2.0978858 7.7610607 66 66 66
1.7536279 -2.1042309 7.7845335 68 68 68
1.7925137 -2.1113677 7.8109360 65 65 65
1.8302467 -2.1169131 7.8314514 68 68 68
1.8695930 -2.1240952 7.8580213 64 64 64
1.9069139 -2.1287658 7.8753004 62 62 62
1.9464859 -2.1357470 7.9011259 58 58 58
1.9848173 -2.1411543 7.9211311 51 51 51
2.0243766 -2.1476858 7.9452939 45 45 45
2.0640619 -2.1541357 7.9691553 41 41 41
2.1045630 -2.1612172 7.9953527 39 39 39
2.1451516 -2.1681635 8.0210505 36 36 36
1.9012812 -1.7812452 6.5896587 48 48 48
1.9216326 -1.7743783 6.5642548 49 49 49
1.9516213 -1.7764788 6.5720253 22 22 22
1.9858977 -1.7823687 6.5938148 24 24 24
3.4545553 -2.3452501 8.6761761 22 22 22
3.5024841 -2.3528693 8.7043629 22 22 22
3.5519722 -2.3613667 8.7357998 21 21 21
3.6003881 -2.3689847 8.7639818 21 21 21
3.6496902 -2.3770247 8.7937260 22 22 22
3.7004759 -2.3858597 8.8264103 22 22 22
-9.9296761 -5.2839513 19.8575935 15 15 15
-9.7742453 -5.2904716 19.8820972 18 18 18
-7.4168444 -4.5623841 17.1458759 22 22 22
-4.9663568 -4.1463585 15.5824118 75 75 75
-4.7080145 -4.0375128 15.1733589 96 96 96
-4.4026184 -3.8811045 14.5855618 98 98 98
-3.9729793 -3.7096610 13.9412603 123 123 123
-3.8886344 -3.6854408 13.8502388 181 181 181
-3.6792893 -3.5950265 13.5104523 191 191 191
-3.5860298 -3.5590131 13.3751116 201 201 201
-3.4812441 -3.5102267 13.1917677 220 220 220
-3.3906960 -3.4744453 13.0572977 228 228 228
-3.2972934 -3.4345090 12.9072123 235 235 235
-3.2063844 -3.3958733 12.7620163 232 232 232
-3.0310106 -3.3216379 12.4830322 237 237 237
-2.8614657 -3.2486773 12.2088394 236 236 236
-2.4727862 -3.0849247 11.5934420 253 253 253
-2.3272979 -3.0229530 11.3605461 253 253 253
-2.1858041 -2.9610708 11.1279869 247 247 247
-2.1344695 -2.9549677 11.1050510 134 134 134
-2.0847480 -2.9508743 11.0896673 103 103 103
-1.8739640 -2.9139810 10.9510193 218 218 218
-1.7485476 -2.8599136 10.7478285 237 237 237
-1.6862214 -2.8313634 10.6405344 239 239 239
-1.6281922 -2.8086646 10.5552301 243 243 243
-1.5712174 -2.7865598 10.4721575 249 249 249
-1.5103755 -2.7561197 10.3577614 249 249 249
-1.4540974 -2.7324429 10.2687807 252 252 252
-1.3983599 -2.7083592 10.1782722 252 252 252
-1.2898293 -2.6615427 10.0023317 253 253 253
-1.0909704 -2.4960766 9.3804941 253 253 253
-1.0437605 -2.4779088 9.3122177 253 253 253
-0.9953202 -2.4552848 9.2271948 253 253 253
-0.9025732 -2.4153423 9.0770874 253 253 253
-0.8582200 -2.3983638 9.0132809 253 253 253
-0.8140814 -2.3804390 8.9459171 253 253 253
-0.7695872 -2.3596816 8.8679094 253 253 253
-0.7269765 -2.3428743 8.8047457 253 253 253
-0.6423261 -2.3055727 8.6645632 253 253 253
-0.6016003 -2.2896347 8.6046658 253 253 253
-0.5605244 -2.2702324 8.5317497 253 253 253
-0.5206817 -2.2535059 8.4688902 253 253 253
-0.4817786 -2.2386816 8.4131794 253 253 253
-0.4426865 -2.2205529 8.3450499 253 253 253
-0.4047717 -2.2057083 8.2892618 253 253 253
-0.3672608 -2.1904662 8.2319813 253 253 253
-0.3303100 -2.1757312 8.1766052 253 253 253
-0.2933031 -2.1571496 8.1067743 253 253 253
-0.2573463 -2.1424062 8.0513668 253 253 253
-0.2218858 -2.1279404 7.9970036 253 253 253
-0.1868981 -2.1136382 7.9432540 253 253 253
-0.1523800 -2.0995588 7.8903427 253 253 253
-0.1181226 -2.0822089 7.8251395 253 253 253
-0.0845741 -2.0687499 7.7745600 253 253 253
-0.0514500 -2.0551996 7.7236366 253 253 253
-0.0187552 -2.0416367 7.6726656 253 253 253
0.0135125 -2.0285029 7.6233072 253 253 253
0.0453666 -2.0154889 7.5743995 253 253 253
0.0766987 -1.9996175 7.5147538 253 253 253
0.1076754 -1.9864707 7.4653468 253 253 253
0.1382690 -1.9738022 7.4177370 253 253 253
0.1685365 -1.9620137 7.3734350 253 253 253
0.1983802 -1.9497315 7.3272772 253 253 253
0.2278168 -1.9372976 7.2805495 253 253 253
0.2570026 -1.9259373 7.2378564 253 253 253
0.2856243 -1.9132109 7.1900291 253 253 253
0.3134827 -1.8983047 7.1340108 253 253 253
0.3414151 -1.8864180 7.0893388 253 253 253
0.3690486 -1.8749263 7.0461526 253 253 253
0.3963909 -1.8637788 7.0042586 253 253 253
0.4232197 -1.8519297 6.9597287 253 253 253
0.4498526 -1.8408164 6.9179635 253 253 253
0.4762168 -1.8300235 6.8774033 253 253 253
0.5022147 -1.8191433 6.8365140 253 253 253
0.5279688 -1.8086090 6.7969251 253 253 253
0.5532898 -1.7977526 6.7561259 253 253 253
0.5784367 -1.7874213 6.7173004 253 253 253
0.6033518 -1.7773720 6.6795340 217 217 217
0.6328973 -1.7812508 6.6941109 120 120 120
0.6630573 -1.7864543 6.7136660 129 129 129
0.6931552 -1.7910712 6.7310166 121 121 121
0.7566330 -1.8070948 6.7912350 162 162 162
0.7872236 -1.8115876 6.8081193 164 164 164
0.8182575 -1.8167483 6.8275137 165 165 165
0.8492717 -1.8215160 6.8454313 168 168 168
0.8805975 -1.8266168 6.8646002 167 167 167
0.9121263 -1.8318003 6.8840809 166 166 166
0.9433682 -1.8361057 6.9002609 165 165 165
0.9753786 -1.8416045 6.9209256 163 163 163
1.0073292 -1.8466742 6.9399781 161 161 161
1.0390359 -1.8510233 6.9563222 158 158 158
1.0715394 -1.8565137 6.9769559 154 154 154
1.2434682 -1.9904366 7.4802504 77 77 77
1.2787520 -1.9962751 7.5021925 74 74 74
1.3144006 -2.0023873 7.5251627 76 76 76
1.3635042 -1.9815146 7.4467211 35 35 35
1.6788622 -2.0602224 7.7425127 69 69 69
1.7165012 -2.0662282 7.7650833 72 72 72
1.7542094 -2.0720909 7.7871151 72 72 72
1.7928005 -2.0787618 7.8121853 73 73 73
1.8305596 -2.0842445 7.8327904 72 72 72
1.8696812 -2.0910571 7.8583918 67 67 67
1.9090023 -2.0978513 7.8839254 62 62 62
1.9472562 -2.1032603 7.9042530 61 61 61
1.9865224 -2.1095622 7.9279366 57 57 57
2.0253937 -2.1152432 7.9492860 53 53 53
2.0658860 -2.1224043 7.9761987 48 48 48
2.1054885 -2.1284368 7.9988689 41 41 41
2.1455007 -2.1346862 8.0223551 35 35 35
1.9209374 -1.7460653 6.5618801 49 49 49
2.3689339 -1.9307758 7.2560396 106 106 106
2.3917449 -1.9245096 7.2324910 99 99 99
2.4228938 -1.9250259 7.2344317 72 72 72
2.5138519 -1.9015236 7.1461072 71 71 71
3.5533750 -2.3254466 8.7392502 20 20 20
3.6036620 -2.3341479 8.7719517 22 22 22
-10.2458105 -5.3657742 20.4898071 16 16 16
-10.0494518 -5.3532290 20.4419022 17 17 17
-6.3825350 -4.5779767 17.4815140 25 25 25
-5.2485156 -4.2013111 16.0431767 61 61 61
-4.4020395 -3.8190956 14.5836430 86 86 86
-4.1112475 -3.7228415 14.2160864 166 166 166
-3.9795325 -3.6568930 13.9642544 129 129 129
-3.8914979 -3.6297061 13.8604383 177 177 177
-3.7630081 -3.5633805 13.6071663 97 97 97
-3.6825981 -3.5412354 13.5226030 190 190 190
-3.5884292 -3.5049548 13.3840609 231 231 231
-3.4858563 -3.4591746 13.2092447 225 225 225
-3.2971077 -3.3798895 12.9064856 234 234 234
-3.0321181 -3.2701917 12.4875927 246 246 246
-2.9446685 -3.2320070 12.3417797 253 253 253
-2.6263857 -3.1019654 11.8452015 253 253 253
-2.4756200 -3.0395150 11.6067276 253 253 253
-2.3285666 -2.9766679 11.3667393 253 253 253
-2.1875196 -2.9164319 11.1367207 245 245 245
-2.1358113 -2.9099665 11.1120319 145 145 145
-2.0860353 -2.9059029 11.0965147 111 111 111
-2.0510342 -2.9227068 11.1606817 85 85 85
-1.9380727 -2.8945785 11.0532713 188 188 188
-1.8755063 -2.8701613 10.9600315 223 223 223
-1.8102067 -2.8402219 10.8457050 236 236 236
-1.7498373 -2.8166666 10.7557564 240 240 240
-1.6873803 -2.7884080 10.6478472 231 231 231
-1.6292499 -2.7659495 10.5620871 242 242 242
-1.5691164 -2.7387321 10.4581547 242 242 242
-1.5130821 -2.7173023 10.3763227 245 245 245
-1.4535112 -2.6880558 10.2646408 252 252 252
-1.3992635 -2.6671605 10.1848497 251 251 251
-1.3435103 -2.6419811 10.0887003 253 253 253
-1.2908957 -2.6215291 10.0106020 253 253 253
-1.0916954 -2.4581521 9.3867283 253 253 253
-1.0442954 -2.4398892 9.3169899 253 253 253
-0.9958853 -2.4177461 9.2324333 253 253 253
-0.9031986 -2.3787119 9.0833778 253 253 253
-0.8590719 -2.3626981 9.0222263 253 253 253
-0.8133044 -2.3404784 8.9373789 253 253 253
-0.7701491 -2.3239820 8.8743849 253 253 253
-0.7275252 -2.3074856 8.8113918 253 253 253
-0.6840984 -2.2865303 8.7313709 253 253 253
-0.6427732 -2.2706146 8.6705952 253 253 253
-0.5611336 -2.2366824 8.5410213 253 253 253
-0.5215020 -2.2212870 8.4822321 253 253 253
-0.4822294 -2.2052650 8.4210510 253 253 253
-0.4430062 -2.1869400 8.3510752 253 253 253
-0.4049545 -2.1717331 8.2930050 253 253 253
-0.3674963 -2.1571348 8.2372599 253 253 253
-0.3299637 -2.1390059 8.1680336 253 253 253
-0.2934797 -2.1242414 8.1116524 253 253 253
-0.2574302 -2.1091413 8.0539923 253 253 253
-0.2220512 -2.0957787 8.0029650 253 253 253
-0.1870279 -2.0815864 7.9487705 253 253 253
-0.1522200 -2.0641160 7.8820577 253 253 253
-0.1182000 -2.0505536 7.8302674 253 253 253
-0.0846305 -2.0373225 7.7797437 253 253 253
-0.0514816 -2.0238707 7.7283764 253 253 253
-0.0187490 -2.0086105 7.6701031 253 253 253
0.0135238 -1.9980305 7.6297030 253 253 253
0.0453360 -1.9822069 7.5692787 253 253 253
0.0767605 -1.9695126 7.5208039 253 253 253
0.1077563 -1.9564580 7.4709535 253 253 253
0.1383587 -1.9437832 7.4225531 253 253 253
0.1686180 -1.9318532 7.3769970 253 253 253
0.1984592 -1.9195968 7.3301945 253 253 253
0.2277892 -1.9063643 7.2796650 253 253 253
0.2566451 -1.8927791 7.2277884 253 253 253
0.2853165 -1.8808618 7.1822810 253 253 253
0.3136081 -1.8689684 7.1368642 253 253 253
0.3415319 -1.8571577 7.0917640 253 253 253
0.3692257 -1.8460989 7.0495353 253 253 253
0.3966491 -1.8354369 7.0088210 253 253 253
0.4233449 -1.8231200 6.9617877 253 253 253
0.4501698 -1.8129208 6.9228406 253 253 253
0.4764369 -1.8018544 6.8805823 253 253 253
0.5024833 -1.7912716 6.8401709 253 253 253
0.5282993 -1.7810611 6.8011804 253 253 253
0.5532869 -1.7692531 6.7560911 253 253 253
0.5787773 -1.7601306 6.7212553 253 253 253
0.6036575 -1.7500911 6.6829185 212 212 212
0.6334976 -1.7546849 6.7004604 112 112 112
0.6633511 -1.7589222 6.7166409 126 126 126
0.6936790 -1.7640189 6.7361031 119 119 119
0.7265442 -1.7749130 6.7777033 143 143 143
0.7569913 -1.7792987 6.7944508 164 164 164
0.7879125 -1.7844384 6.8140774 169 169 169
0.8186152 -1.7887387 6.8304987 171 171 171
0.8496745 -1.7934996 6.8486786 173 173 173
0.8809268 -1.7983413 6.8671670 167 167 167
0.9124454 -1.8034012 6.8864889 167 167 167
0.9439734 -1.8081670 6.9046874 168 168 168
0.9757032 -1.8130225 6.9232287 168 168 168
1.0077068 -1.8180900 6.9425797 165 165 165
1.0397335 -1.8229119 6.9609923 158 158 158
1.0718828 -1.8276780 6.9791923 154 154 154
1.2093016 -1.9546533 7.4640622 71 71 71
1.2444874 -1.9604983 7.4863820 74 74 74
1.2792248 -1.9653649 7.5049658 72 72 72
1.3148332 -1.9713026 7.5276394 71 71 71
1.3624796 -1.9486468 7.4411254 34 34 34
1.3898256 -1.9430088 7.4195962 29 29 29
1.6424980 -2.0229979 7.7250433 74 74 74
1.6794252 -2.0282526 7.7451091 75 75 75
1.7174805 -2.0346434 7.7695131 73 73 73
1.7559270 -2.0412495 7.7947397 76 76 76
1.7935202 -2.0466394 7.8153214 70 70 70
1.8322666 -2.0531268 7.8400946 70 70 70
1.8703445 -2.0586486 7.8611798 66 66 66
1.9095786 -2.0652285 7.8863053 65 65 65
1.9481308 -2.0708582 7.9078035 63 63 63
1.9871022 -2.0767365 7.9302497 58 58 58
2.0263851 -2.0827403 7.9531765 58 58 58
2.0665104 -2.0894005 7.9786091 54 54 54
2.1065397 -2.0957518 8.0028620 48 48 48
2.1461813 -2.1015232 8.0249004 41 41 41
1.9218819 -1.7192391 6.5651064 49 49 49
1.9533448 -1.7225709 6.5778294 23 23 23
1.9868051 -1.7275461 6.5968275 32 32 32
2.2882309 -1.9354403 7.3906951 92 92 92
2.3255644 -1.9148562 7.3120923 127 127 127
2.3508279 -1.9103290 7.2948046 122 122 122
2.3616965 -1.8943722 7.2338719 107 107 107
2.3829052 -1.8870106 7.2057605 104 104 104
2.4101589 -1.8845611 7.1964068 94 94 94
2.4774797 -1.8666891 7.1281610 115 115 115
2.4947836 -1.8571939 7.0919023 87 87 87
2.5273635 -1.8591607 7.0994124 79 79 79
2.5839620 -1.8785429 7.1734262 62 62 62
2.6201484 -1.8828088 7.1897159 59 59 59
2.6668987 -1.8944814 7.2342887 53 53 53
2.7185638 -1.9093416 7.2910342 61 61 61
2.7548037 -1.9131571 7.3056040 64 64 64
-10.5004578 -5.4105816 20.9990559 15 15 15
-10.3472929 -5.4231281 21.0477505 19 19 19
-9.9454594 -5.3977261 20.9491634 17 17 17
-6.2686524 -4.5284977 17.5755920 27 27 27
-6.1809130 -4.5185380 17.5369377 32 32 32
-5.2545309 -4.1383953 16.0615616 65 65 65
-4.1130795 -3.6645250 14.2224197 154 154 154
-3.8951640 -3.5746217 13.8734951 195 195 195
-3.6880572 -3.4893761 13.5426483 198 198 198
-3.4900298 -3.4075470 13.2250605 224 224 224
-3.2991726 -3.3275464 12.9145689 230 230 230
-3.2073913 -3.2892721 12.7660227 243 243 243
-3.1177979 -3.2519736 12.6212626 251 251 251
-2.9466367 -3.1820879 12.3500290 253 253 253
-2.7802415 -3.1124158 12.0796242 253 253 253
-2.6285465 -3.0545256 11.8549461 253 253 253
-2.5476971 -3.0179720 11.7130775 253 253 253
-2.4775839 -2.9929423 11.6159344 253 253 253
-2.3304152 -2.9310601 11.3757629 253 253 253
-2.1894922 -2.8720565 11.1467638 246 246 246
-2.1365666 -2.8641200 11.1159620 134 134 134
-2.0871859 -2.8606865 11.1026354 114 114 114
-2.0518444 -2.8767788 11.1650915 82 82 82
-1.9394073 -2.8499286 11.0608835 190 190 190
-1.8114288 -2.7963729 10.8530273 233 233 233
-1.7512641 -2.7735701 10.7645264 234 234 234
-1.6887730 -2.7457709 10.6566362 235 235 235
-1.6306664 -2.7237756 10.5712690 237 237 237
-1.5704539 -2.6969273 10.4670687 239 239 239
-1.5132297 -2.6738067 10.3773346 243 243 243
-1.4547216 -2.6469724 10.2731886 248 248 248
-1.4004579 -2.6264513 10.1935434 247 247 247
-1.3439934 -2.6003726 10.0923281 249 249 249
-1.0922176 -2.4197254 9.3912182 253 253 253
-1.0429927 -2.3976052 9.3053665 253 253 253
-0.9489883 -2.3590157 9.1555967 253 253 253
-0.8593996 -2.3255386 9.0256691 253 253 253
-0.7708184 -2.2885463 8.8820972 253 253 253
-0.6848368 -2.2521386 8.7407951 253 253 253
-0.6433491 -2.2360528 8.6783638 253 253 253
-0.6015676 -2.2169430 8.6041975 253 253 253
-0.5613065 -2.2013440 8.5436554 253 253 253
-0.5215502 -2.1857197 8.4830160 253 253 253
-0.4816656 -2.1672173 8.4112053 253 253 253
-0.4431983 -2.1526570 8.3546963 253 253 253
-0.4052339 -2.1382365 8.2987280 253 253 253
-0.3671214 -2.1202331 8.2288551 253 253 253
-0.3301869 -2.1059856 8.1735592 253 253 253
-0.2937392 -2.0918832 8.1188269 253 253 253
-0.2575890 -2.0764577 8.0589581 253 253 253
-0.2219711 -2.0612874 8.0000811 253 253 253
-0.1868924 -2.0465829 7.9430108 253 253 253
-0.1523426 -2.0325136 7.8884068 253 253 253
-0.1183040 -2.0193098 7.8371606 253 253 253
-0.0515314 -1.9932071 7.7358532 253 253 253
-0.0187613 -1.9775590 7.6751213 253 253 253
0.0135078 -1.9635253 7.6206551 253 253 253
0.0453413 -1.9505174 7.5701704 253 253 253
0.0767652 -1.9379166 7.5212655 253 253 253
0.1077971 -1.9256824 7.4737830 253 253 253
0.1383470 -1.9123200 7.4219217 253 253 253
0.1687153 -1.9018418 7.3812547 253 253 253
0.1982558 -1.8867495 7.3226800 253 253 253
0.2276552 -1.8745632 7.2753835 253 253 253
0.2567620 -1.8631483 7.2310815 253 253 253
0.2855088 -1.8518218 7.1871219 253 253 253
0.3138109 -1.8400613 7.1414781 253 253 253
0.3417849 -1.8286055 7.0970168 253 253 253
0.3694464 -1.8174572 7.0537491 253 253 253
0.3968624 -1.8068522 7.0125899 253 253 253
0.4235643 -1.7946922 6.9653955 253 253 253
0.4503812 -1.7845652 6.9260921 253 253 253
0.4766800 -1.7737437 6.8840923 253 253 253
0.5022345 -1.7615541 6.8367834 253 253 253
0.5279508 -1.7512246 6.7966933 253 253 253
0.5531933 -1.7404687 6.7549481 253 253 253
0.5783380 -1.7304730 6.7161541 253 253 253
0.6044145 -1.7240688 6.6912985 166 166 166
0.6336992 -1.7269789 6.7025928 105 105 105
0.6636032 -1.7312564 6.7191944 109 109 109
0.6939921 -1.7363964 6.7391434 117 117 117
0.7268404 -1.7470438 6.7804670 141 141 141
0.7571937 -1.7511151 6.7962680 160 160 160
0.7883016 -1.7565707 6.8174419 168 168 168
0.8193721 -1.7615620 6.8368134 170 170 170
0.8501933 -1.7656965 6.8528600 170 170 170
0.8817462 -1.7710286 6.8735547 172 172 172
0.9128212 -1.7750921 6.8893256 166 166 166
0.9445828 -1.7801987 6.9091449 171 171 171
0.9760570 -1.7844745 6.9257398 166 166 166
1.0080798 -1.7894756 6.9451494 162 162 162
1.0404341 -1.7947662 6.9656830 164 164 164
1.0723850 -1.7990893 6.9824615 156 156 156
1.2096902 -1.9237959 7.4664612 67 67 67
1.2449720 -1.9296798 7.4892969 75 75 75
1.2806337 -1.9358468 7.5132322 74 74 74
1.3152704 -1.9402041 7.5301433 74 74 74
1.3630714 -1.9181008 7.4443579 37 37 37
1.6054716 -1.9849195 7.7036891 74 74 74
1.6431812 -1.9912496 7.7282562 80 80 80
1.6810445 -1.9975159 7.7525764 76 76 76
1.7180994 -2.0026011 7.7723126 77 77 77
1.7565285 -2.0090675 7.7974100 74 74 74
1.7940890 -2.0143211 7.8177996 73 73 73
1.8329364 -2.0208039 7.8429604 72 72 72
1.8721635 -2.0274684 7.8688250 69 69 69
1.9101053 -2.0325329 7.8884811 66 66 66
1.9488466 -2.0382600 7.9107084 65 65 65
1.9882150 -2.0444393 7.9346910 58 58 58
2.0284941 -2.0513351 7.9614544 56 56 56
2.0673442 -2.0565846 7.9818282 53 53 53
2.1078849 -2.0633209 8.0079727 54 54 54
1.9026055 -1.6990632 6.5942488 54 54 54
1.9227850 -1.6923492 6.5681915 49 49 49
1.9553452 -1.6965681 6.5845652 23 23 23
2.2827890 -1.8997452 7.3731179 117 117 117
2.3270118 -1.8851943 7.3166437 171 171 171
2.3544157 -1.8581212 7.2115703 127 127 127
2.3767643 -1.8518397 7.1871910 123 123 123
2.3995388 -1.8460439 7.1646972 105 105 105
2.4544456 -1.8419018 7.1486211 151 151 151
2.4853821 -1.8204015 7.0651765 105 105 105
2.5150874 -1.8203377 7.0649285 86 86 86
2.5575206 -1.8293796 7.1000209 69 69 69
2.6068165 -1.8430642 7.1531329 64 64 64
2.6541023 -1.8550309 7.1995769 61 61 61
2.6864536 -1.8564067 7.2049165 54 54 54
2.7312794 -1.8662757 7.2432189 53 53 53
2.7755148 -1.8755274 7.2791257 52 52 52
2.8225863 -1.8864720 7.3216033 49 49 49
2.8702266 -1.8975561 7.3646212 56 56 56
2.9179223 -1.9084389 7.4068589 87 87 87
2.9487696 -1.9081885 7.4058871 80 80 80
-10.6404591 -5.4855080 21.6440887 16 16 16
-10.4806023 -5.4498444 21.5033722 17 17 17
-6.1847382 -4.4473362 17.5477905 35 35 35
-4.8402362 -3.9005461 15.3903284 110 110 110
-3.9754419 -3.5354822 13.9499016 135 135 135
-3.8990357 -3.5196128 13.8872852 200 200 200
-3.6920767 -3.4360082 13.5574083 179 179 179
-3.5873225 -3.3910286 13.3799334 228 228 228
-3.4917982 -3.3534758 13.2317610 241 241 241
-3.3026245 -3.2765107 12.9280815 244 244 244
-3.2106345 -3.2387102 12.7789316 250 250 250
-3.1213276 -3.2023718 12.6355524 252 252 252
-2.9494355 -3.1329813 12.3617592 240 240 240
-2.7836425 -3.0652215 12.0944004 253 253 253
-2.6256068 -3.0011737 11.8416882 253 253 253
-2.4737325 -2.9393823 11.5978785 253 253 253
-2.3324296 -2.8855813 11.3855963 253 253 253
-2.1367550 -2.8174930 11.1169415 142 142 142
-2.0878720 -2.8147922 11.1062851 116 116 116
-2.0520341 -2.8299580 11.1661243 93 93 93
-1.9410207 -2.8056176 11.0700846 192 192 192
-1.8130298 -2.7530372 10.8626194 232 232 232
-1.7527505 -2.7304921 10.7736626 234 234 234
-1.6901439 -2.7030251 10.6652870 229 229 229
-1.6317364 -2.6809552 10.5782061 232 232 232
-1.5703205 -2.6525631 10.4661798 239 239 239
-1.5147088 -2.6326168 10.3874779 239 239 239
-1.4557159 -2.6054306 10.2802105 244 244 244
-1.3450792 -2.5598800 10.1004810 249 249 249
-1.0917375 -2.3790772 9.3870907 253 253 253
-1.0436769 -2.3599119 9.3114710 253 253 253
-0.9972614 -2.3431141 9.2451916 253 253 253
-0.9500339 -2.3229635 9.1656837 253 253 253
-0.9048452 -2.3063006 9.0999374 253 253 253
-0.8583462 -2.2846742 9.0146055 253 253 253
-0.8144585 -2.2683158 8.9500608 253 253 253
-0.7714039 -2.2528009 8.8888435 253 253 253
-0.7272755 -2.2324049 8.8083677 253 253 253
-0.6852884 -2.2167399 8.7465582 253 253 253
-0.6019218 -2.1819439 8.6092644 253 253 253
-0.5616660 -2.1667025 8.5491266 253 253 253
-0.5210636 -2.1479414 8.4751005 253 253 253
-0.4819914 -2.1331894 8.4168949 253 253 253
-0.4435253 -2.1189880 8.3608608 253 253 253
-0.4055709 -2.1049898 8.3056278 253 253 253
-0.3674375 -2.0873287 8.2359419 253 253 253
-0.3304547 -2.0731983 8.1801891 253 253 253
-0.2939740 -2.0592911 8.1253157 253 253 253
-0.2578778 -2.0447636 8.0679941 253 253 253
-0.2220353 -2.0281382 8.0023947 253 253 253
-0.1870520 -2.0148070 7.9497952 253 253 253
-0.1524477 -2.0006285 7.8938503 253 253 253
-0.1183560 -1.9871329 7.8406014 253 253 253
-0.0847165 -1.9737114 7.7876444 253 253 253
-0.0514559 -1.9577140 7.7245235 253 253 253
-0.0187560 -1.9446442 7.6729546 253 253 253
0.0135135 -1.9322042 7.6238708 253 253 253
0.0453651 -1.9195988 7.5741334 253 253 253
0.0768119 -1.9073602 7.5258436 253 253 253
0.1078749 -1.8955320 7.4791732 253 253 253
0.1384652 -1.8826293 7.4282632 253 253 253
0.1685759 -1.8691694 7.3751545 253 253 253
0.1983649 -1.8568913 7.3267088 253 253 253
0.2278016 -1.8450694 7.2800636 253 253 253
0.2569171 -1.8337620 7.2354484 253 253 253
0.2856337 -1.8223107 7.1902652 253 253 253
0.3139476 -1.8107350 7.1445909 253 253 253
0.3419785 -1.7996968 7.1010375 253 253 253
0.3696457 -1.7886761 7.0575538 253 253 253
0.3970881 -1.7782912 7.0165782 253 253 253
0.4233728 -1.7645216 6.9622474 253 253 253
0.4499388 -1.7536340 6.9192882 253 253 253
0.4762623 -1.7431853 6.8780608 253 253 253
0.5023496 -1.7331210 6.8383508 253 253 253
0.5281785 -1.7233064 6.7996254 253 253 253
0.5535691 -1.7131463 6.7595367 253 253 253
0.5787375 -1.7033272 6.7207932 253 253 253
0.6045426 -1.6962113 6.6927166 204 204 204
0.6336433 -1.6985645 6.7020016 108 108 108
0.6640043 -1.7039510 6.7232547 99 99 99
0.6941339 -1.7083267 6.7405200 105 105 105
0.7271983 -1.7192971 6.7838058 142 142 142
0.7579556 -1.7241887 6.8031063 165 165 165
0.7885693 -1.7284087 6.8197575 169 169 169
0.8197004 -1.7334260 6.8395538 174 174 174
0.8505852 -1.7375989 6.8560185 170 170 170
0.8820278 -1.7425996 6.8757501 175 175 175
0.9136670 -1.7476580 6.8957090 173 173 173
0.9448758 -1.7516066 6.9112887 168 168 168
0.9768944 -1.7567749 6.9316816 167 167 167
1.0090176 -1.7618258 6.9516106 164 164 164
1.0407670 -1.7659571 6.9679112 161 161 161
1.0732689 -1.7711034 6.9882169 157 157 157
1.2105689 -1.8936846 7.4718843 72 72 72
1.2452995 -1.8985971 7.4912672 74 74 74
1.2803684 -1.9037695 7.5116758 80 80 80
1.3164113 -1.9101052 7.5366745 72 72 72
1.5698606 -1.9485546 7.6883841 71 71 71
1.6066929 -1.9539187 7.7095490 74 74 74
1.6438314 -1.9594349 7.7313137 75 75 75
1.6817569 -1.9656564 7.7558622 70 70 70
1.7199496 -1.9719470 7.7806826 76 76 76
1.7571321 -1.9768653 7.8000889 77 77 77
1.7957716 -1.9832122 7.8251319 71 71 71
1.8335180 -1.9883615 7.8454490 74 74 74
1.8727248 -1.9948838 7.8711843 67 67 67
1.9108853 -2.0000839 7.8917017 66 66 66
1.9505547 -2.0066583 7.9176426 62 62 62
1.9888815 -2.0116532 7.9373512 56 56 56
2.0291386 -2.0184031 7.9639835 55 55 55
2.0694304 -2.0249670 7.9898829 53 53 53
1.9025347 -1.6711934 6.5940037 46 46 46
1.9229950 -1.6648333 6.5689087 46 46 46
1.9561020 -1.6694473 6.5871143 24 24 24
1.9914489 -1.6758169 6.6122465 46 46 46
2.2793720 -1.8658562 7.3620815 123 123 123
2.3282423 -1.8553209 7.3205128 179 179 179
2.3491955 -1.8236581 7.1955814 149 149 149
2.3693314 -1.8158351 7.1647143 137 137 137
2.3870068 -1.8063473 7.1272779 122 122 122
2.4614480 -1.7948806 7.0820346 122 122 122
2.5099592 -1.7868943 7.0505233 96 96 96
2.5411267 -1.7879047 7.0545096 87 87 87
2.5892594 -1.8006898 7.1049562 65 65 65
2.6288269 -1.8072941 7.1310143 61 61 61
2.6763465 -1.8191541 7.1778102 53 53 53
2.7185261 -1.8271596 7.2093978 46 46 46
2.7642677 -1.8373559 7.2496285 55 55 55
2.8033793 -1.8429703 7.2717814 49 49 49
2.8462508 -1.8509084 7.3031025 51 51 51
2.9410112 -1.8720198 7.3864012 94 94 94
-11.1790276 -5.5716801 22.3560753 17 17 17
-11.0582123 -5.5583396 22.3025475 22 22 22
-7.1113634 -4.6917601 18.8254433 22 22 22
-6.0152369 -4.3049884 17.2735405 39 39 39
-4.8442669 -3.8388400 15.4031448 97 97 97
-4.5924435 -3.7395663 15.0048141 119 119 119
-4.1171694 -3.5480993 14.2365627 174 174 174
-3.9792969 -3.4800277 13.9634285 135 135 135
-3.9031484 -3.4647014 13.9019337 183 183 183
-3.7735527 -3.4007413 13.6452971 105 105 105
-3.6939323 -3.3805356 13.5642223 202 202 202
-3.5907152 -3.3377597 13.3925867 243 243 243
-3.4950614 -3.3007600 13.2441263 243 243 243
-3.3054776 -3.2247772 12.9392500 246 246 246
-3.2144468 -3.1886036 12.7941055 217 217 217
-3.1236339 -3.1514149 12.6448879 244 244 244
-2.9517186 -3.0832372 12.3713274 253 253 253
-2.7859783 -3.0167494 12.1045494 253 253 253
-2.7049963 -2.9837270 11.9720478 253 253 253
-2.1374302 -2.7714891 11.1204557 148 148 148
-2.0886281 -2.7689598 11.1103067 116 116 116
-1.9423934 -2.7608867 11.0779133 191 191 191
-1.8142538 -2.7090580 10.8699532 230 230 230
-1.6913838 -2.6600001 10.6731110 232 232 232
-1.6299909 -2.6335273 10.5668907 231 231 231
-1.5717450 -2.6107938 10.4756737 233 233 233
-1.5135328 -2.5868032 10.3794127 232 232 232
-1.4568732 -2.5641165 10.2883835 238 238 238
-1.3999776 -2.5396090 10.1900473 242 242 242
-1.3462749 -2.5195243 10.1094599 243 243 243
-1.0929886 -2.3421733 9.3978472 253 253 253
-0.9982150 -2.3063307 9.2540312 253 253 253
-0.9503511 -2.2850749 9.1687441 253 253 253
-0.9051120 -2.2685955 9.1026201 253 253 253
-0.8587946 -2.2478335 9.0193148 253 253 253
-0.8149295 -2.2318640 8.9552374 253 253 253
-0.7702984 -2.2121422 8.8761053 253 253 253
-0.7277396 -2.1966615 8.8139887 253 253 253
-0.6856999 -2.1811650 8.7518110 253 253 253
-0.6432426 -2.1625023 8.6769266 253 253 253
-0.6022454 -2.1467924 8.6138926 253 253 253
-0.5619687 -2.1317995 8.5537338 253 253 253
-0.5212889 -2.1131155 8.4787655 253 253 253
-0.4822931 -2.0990090 8.4221640 253 253 253
-0.4437879 -2.0849650 8.3658123 253 253 253
-0.4052489 -2.0683217 8.2990332 253 253 253
-0.3678328 -2.0548060 8.2448015 253 253 253
-0.3307794 -2.0407059 8.1882257 253 253 253
-0.2940816 -2.0257688 8.1282911 253 253 253
-0.2575666 -2.0083151 8.0582600 253 253 253
-0.2220564 -1.9945817 8.0031548 253 253 253
-0.1870234 -1.9809803 7.9485798 253 253 253
-0.1525213 -1.9682897 7.8976598 253 253 253
-0.1184292 -1.9552779 7.8454504 253 253 253
-0.0846291 -1.9388680 7.7796068 253 253 253
-0.0514827 -1.9261429 7.7285476 253 253 253
-0.0187687 -1.9135826 7.6781497 253 253 253
0.0135218 -1.9012233 7.6285591 253 253 253
0.0453997 -1.8891021 7.5799236 253 253 253
0.0768672 -1.8769729 7.5312557 253 253 253
0.1079286 -1.8649212 7.4828987 253 253 253
0.1383968 -1.8503903 7.4245944 253 253 253
0.1686539 -1.8389194 7.3785677 253 253 253
0.1984567 -1.8268404 7.3301015 253 253 253
0.2279249 -1.8153518 7.2840042 253 253 253
0.2570590 -1.8042467 7.2394452 253 253 253
0.2857775 -1.7928920 7.1938853 253 253 253
0.3141280 -1.7816298 7.1486964 253 253 253
0.3417626 -1.7686347 7.0965543 253 253 253
0.3693825 -1.7576623 7.0525279 253 253 253
0.3968235 -1.7475374 7.0119023 253 253 253
0.4236722 -1.7363890 6.9671702 253 253 253
0.4503233 -1.7259295 6.9252019 253 253 253
0.4765835 -1.7153369 6.8826995 253 253 253
0.5025140 -1.7048419 6.8405886 253 253 253
0.5282871 -1.6949812 6.8010235 253 253 253
0.5537277 -1.6851245 6.7614737 253 253 253
0.5788431 -1.6752915 6.7220197 253 253 253
0.6040669 -1.6666760 6.6874504 216 216 216
0.6337511 -1.6705868 6.7031422 119 119 119
0.6640431 -1.6756973 6.7236481 110 110 110
0.6940171 -1.6796198 6.7393866 111 111 111
0.7582035 -1.6960547 6.8053308 161 161 161
0.7888105 -1.7001699 6.8218431 170 170 170
0.8199944 -1.7051952 6.8420067 176 176 176
0.8512951 -1.7101135 6.8617411 177 177 177
0.8823726 -1.7142748 6.8784380 177 177 177
0.9139408 -1.7190942 6.8977757 174 174 174
0.9451690 -1.7229964 6.9134331 168 168 168
0.9771762 -1.7280428 6.9336815 168 168 168
1.0093911 -1.7331524 6.9541836 167 167 167
1.0411296 -1.7371789 6.9703393 162 162 162
1.0736675 -1.7422813 6.9908128 159 159 159
1.2109717 -1.8627958 7.4743710 72 72 72
1.2466044 -1.8689631 7.4991169 74 74 74
1.2813298 -1.8734988 7.5173159 80 80 80
1.3171742 -1.8794119 7.5410423 75 75 75
1.4193159 -1.8468055 7.4102101 35 35 35
1.5700442 -1.9163573 7.6892834 78 78 78
1.6079359 -1.9228944 7.7155132 77 77 77
1.6452174 -1.9284570 7.7378330 79 79 79
1.6818371 -1.9330425 7.7562318 78 78 78
1.7200007 -1.9391938 7.7809138 74 74 74
1.7575877 -1.9444768 7.8021116 71 71 71
1.7962207 -1.9507017 7.8270884 70 70 70
1.8351771 -1.9570469 7.8525481 72 72 72
1.8731077 -1.9620924 7.8727932 66 66 66
1.9127566 -1.9687310 7.8994303 63 63 63
1.9513603 -1.9740849 7.9209123 59 59 59
1.9910177 -1.9803065 7.9458761 56 56 56
2.0301833 -1.9858412 7.9680839 56 56 56
1.9033699 -1.6441082 6.5968981 47 47 47
1.9237982 -1.6378163 6.5716524 43 43 43
1.9567354 -1.6422013 6.5892467 24 24 24
1.9923033 -1.6486404 6.6150837 53 53 53
2.2714705 -1.8284501 7.3365607 168 168 168
2.3019304 -1.8280706 7.3350377 159 159 159
2.3471134 -1.7917253 7.1892037 162 162 162
2.3631852 -1.7809899 7.1461291 182 182 182
2.3826141 -1.7730230 7.1141620 193 193 193
2.4065514 -1.7685676 7.0962849 204 204 204
2.4308836 -1.7645081 7.0799966 182 182 182
2.4569311 -1.7617773 7.0690393 170 170 170
2.4824667 -1.7587491 7.0568891 157 157 157
2.5044322 -1.7532935 7.0349984 117 117 117
2.5364001 -1.7548859 7.0413880 98 98 98
2.5763600 -1.7619070 7.0695596 61 61 61
2.6186125 -1.7703174 7.1033063 61 61 61
2.6652403 -1.7814622 7.1480236 59 59 59
2.7125688 -1.7928207 7.1935992 47 47 47
2.7579103 -1.8026292 7.2329555 50 50 50
2.7960920 -1.8075945 7.2528787 47 47 47
2.8363822 -1.8138008 7.2777810 50 50 50
2.8749552 -1.8187878 7.2977910 49 49 49
2.9732621 -1.8415548 7.3891420 75 75 75
3.3979542 -1.9417976 7.7913613 64 64 64
-11.7600603 -5.6665220 23.1279545 15 15 15
-11.5409689 -5.6547470 23.0798950 20 20 20
-7.6449509 -4.7465091 19.3729153 31 31 31
-7.5804281 -4.7572861 19.4169006 29 29 29
-6.9220333 -4.5921021 18.7427006 26 26 26
-5.1196666 -3.8842692 15.8536758 78 78 78
-4.8468423 -3.7758920 15.4113331 100 100 100
-4.5955515 -3.6787796 15.0149679 125 125 125
-4.1183858 -3.4890950 14.2407684 183 183 183
-3.9826403 -3.4240189 13.9751606 143 143 143
-3.9055223 -3.4081495 13.9103889 209 209 209
-3.7759614 -3.3453336 13.6540060 108 108 108
-3.5923207 -3.2827513 13.3985748 237 237 237
-3.4942827 -3.2441871 13.2411757 209 209 209
-3.3970118 -3.2050943 13.0816183 232 232 232
-3.3075905 -3.1722395 12.9475212 250 250 250
-3.1230958 -3.0975585 12.6427097 253 253 253
-3.0423725 -3.0699008 12.5298252 253 253 253
-2.8688970 -2.9990253 12.2405453 253 253 253
-2.4057925 -2.8192635 11.5068464 253 253 253
-2.2625115 -2.7628069 11.2764177 253 253 253
-2.1391697 -2.7268119 11.1295052 146 146 146
-2.0894344 -2.7231593 11.1145964 121 121 121
-2.0086548 -2.7408431 11.1867733 107 107 107
-1.9440322 -2.7164614 11.0872593 198 198 198
-1.8772372 -2.6877682 10.9701471 218 218 218
-1.8157824 -2.6654637 10.8791113 227 227 227
-1.7516816 -2.6380184 10.7670927 225 225 225
-1.6927972 -2.6171770 10.6820288 221 221 221
-1.6313720 -2.5911608 10.5758438 227 227 227
-1.5730160 -2.5686941 10.4841452 227 227 227
-1.5147182 -2.5450256 10.3875418 222 222 222
-1.2602750 -2.3944936 9.7731447 110 110 110
-1.2120905 -2.3807998 9.7172537 137 137 137
-1.0928711 -2.3022954 9.3968372 253 253 253
-0.9988312 -2.2687066 9.2597437 253 253 253
-0.9057512 -2.2317851 9.1090479 253 253 253
-0.8155219 -2.1956949 8.9617462 253 253 253
-0.6850445 -2.1422095 8.7434454 253 253 253
-0.6434608 -2.1266332 8.6798706 253 253 253
-0.6026884 -2.1120205 8.6202288 253 253 253
-0.5615270 -2.0940816 8.5470104 253 253 253
-0.5216841 -2.0789361 8.4851942 253 253 253
-0.4823754 -2.0638454 8.4236012 253 253 253
-0.4434975 -2.0483453 8.3603373 253 253 253
-0.4054204 -2.0341861 8.3025465 253 253 253
-0.3678684 -2.0202336 8.2455988 253 253 253
-0.3308091 -2.0063565 8.1889601 253 253 253
-0.2937667 -1.9893597 8.1195879 253 253 253
-0.2577474 -1.9757196 8.0639153 253 253 253
-0.2222164 -1.9622452 8.0089197 253 253 253
-0.1871674 -1.9489609 7.9546995 253 253 253
-0.1524730 -1.9343724 7.8951564 253 253 253
-0.1183030 -1.9201459 7.8370905 253 253 253
-0.0846700 -1.9069847 7.7833729 253 253 253
-0.0515062 -1.8944159 7.7320733 253 253 253
-0.0187781 -1.8821510 7.6820145 253 253 253
0.0135280 -1.8699107 7.6320558 253 253 253
0.0453748 -1.8561181 7.5757608 253 253 253
0.0767875 -1.8433021 7.5234523 253 253 253
0.1078308 -1.8317051 7.4761190 253 253 253
0.1384723 -1.8200735 7.4286442 253 253 253
0.1687590 -1.8089311 7.3831668 253 253 253
0.1985599 -1.7968637 7.3339133 253 253 253
0.2281502 -1.7863991 7.2912021 253 253 253
0.2574530 -1.7764366 7.2505403 253 253 253
0.2856188 -1.7615769 7.1898899 253 253 253
0.3139304 -1.7503823 7.1441994 253 253 253
0.3419552 -1.7396885 7.1005521 253 253 253
0.3695886 -1.7288865 7.0564637 253 253 253
0.3969142 -1.7183611 7.0135045 253 253 253
0.4238800 -1.7078460 6.9705873 253 253 253
0.4505482 -1.6975735 6.9286599 253 253 253
0.4767685 -1.6869675 6.8853712 253 253 253
0.5028125 -1.6769910 6.8446522 253 253 253
0.5285951 -1.6672732 6.8049889 253 253 253
0.5540236 -1.6574968 6.7650862 253 253 253
0.5791022 -1.6476822 6.7250280 253 253 253
0.6042840 -1.6390642 6.6898537 203 203 203
0.6340680 -1.6431413 6.7064939 118 118 118
0.6642605 -1.6478834 6.7258492 115 115 115
0.6946271 -1.6526513 6.7453098 108 108 108
0.7281672 -1.6642975 6.7928433 140 140 140
0.7585608 -1.6681428 6.8085380 167 167 167
0.7892962 -1.6724317 6.8260431 172 172 172
0.8202383 -1.6768414 6.8440413 174 174 174
0.8516451 -1.6818690 6.8645616 177 177 177
0.8826264 -1.6857533 6.8804159 176 176 176
0.9143065 -1.6906828 6.9005356 174 174 174
0.9460522 -1.6954256 6.9198933 172 172 172
0.9775068 -1.6993786 6.9360271 171 171 171
1.0097038 -1.7043548 6.9563375 164 164 164
1.0421461 -1.7094527 6.9771447 162 162 162
1.0739878 -1.7133125 6.9928985 158 158 158
1.2120295 -1.8328763 7.4808989 73 73 73
1.2472010 -1.8382190 7.5027056 79 79 79
1.2826108 -1.8436400 7.5248308 83 83 83
1.3177180 -1.8483747 7.5441561 74 74 74
1.3523864 -1.8522850 7.5601163 46 46 46
1.5711107 -1.8852117 7.6945066 77 77 77
1.6084435 -1.8909553 7.7179489 78 78 78
1.6459117 -1.8966269 7.7410979 78 78 78
1.6832548 -1.9019368 7.7627702 78 78 78
1.7207267 -1.9071869 7.7841983 76 76 76
1.7593434 -1.9134853 7.8099055 73 73 73
1.7969937 -1.9185207 7.8304572 73 73 73
1.8357589 -1.9245430 7.8550377 75 75 75
1.8738892 -1.9296981 7.8760781 69 69 69
1.9133394 -1.9360093 7.9018369 66 66 66
1.9515549 -1.9408762 7.9217019 60 60 60
1.9913676 -1.9471413 7.9472728 58 58 58
1.9954766 -1.8876245 7.7043543 91 91 91
1.9047173 -1.6174335 6.6015682 49 49 49
1.9247000 -1.6108588 6.5747328 40 40 40
1.9575115 -1.6150552 6.5918608 23 23 23
2.2718105 -1.7977815 7.3376594 171 171 171
2.2984605 -1.7944301 7.3239808 180 180 180
2.3272934 -1.7928494 7.3175287 183 183 183
2.3464313 -1.7608968 7.1871142 168 168 168
2.3628120 -1.7505785 7.1450000 189 189 189
2.3828876 -1.7432232 7.1149793 204 204 204
2.4077127 -1.7394818 7.0997090 216 216 216
2.4227941 -1.7288796 7.0564361 112 112 112
2.4507394 -1.7276028 7.0512247 70 70 70
2.4798872 -1.7271941 7.0495563 64 64 64
2.5040393 -1.7233567 7.0338945 89 89 89
2.5327382 -1.7227019 7.0312219 106 106 106
2.5733070 -1.7300426 7.0611825 59 59 59
2.6112728 -1.7354851 7.0833964 52 52 52
2.6558216 -1.7451303 7.1227632 46 46 46
2.6981597 -1.7531234 7.1553874 48 48 48
2.7458739 -1.7643942 7.2013888 51 51 51
2.7879083 -1.7718085 7.2316504 51 51 51
2.8292708 -1.7786403 7.2595344 54 54 54
2.8680263 -1.7837042 7.2802029 53 53 53
2.9086742 -1.7898254 7.3051867 53 53 53
3.0066199 -1.8117198 7.3945484 65 65 65
3.4028261 -1.8754112 7.6545057 74 74 74
3.4200625 -1.8671988 7.6209869 69 69 69
3.4451532 -1.8633875 7.6054311 50 50 50
3.4702590 -1.8596545 7.5901947 40 40 40
3.5056794 -1.8614668 7.5975914 45 45 45
3.5582118 -1.8722501 7.6416035 73 73 73
-12.1450911 -5.7513242 23.8851757 20 20 20
-6.9203119 -4.5119424 18.7380390 28 28 28
-5.1231942 -3.8200455 15.8645992 82 82 82
-4.4695292 -3.5654414 14.8072319 137 137 137
-4.1198750 -3.4302821 14.2459183 192 192 192
-3.9102039 -3.3535051 13.9270630 212 212 212
-3.5940747 -3.2278254 13.4051170 252 252 252
-3.4959905 -3.1899083 13.2476473 246 246 246
-3.4002411 -3.1529245 13.0940542 253 253 253
-3.3099658 -3.1198795 12.9568186 253 253 253
-3.2140803 -3.0803485 12.7926474 253 253 253
-3.1264808 -3.0475445 12.6564131 253 253 253
-3.0386541 -3.0133758 12.5145111 253 253 253
-2.8681951 -2.9466863 12.2375507 246 246 246
-2.7082398 -2.8862123 11.9864025 253 253 253
-2.5578468 -2.8316343 11.7597408 253 253 253
-2.4073858 -2.7725749 11.5144682 253 253 253
-2.2650599 -2.7183132 11.2891197 253 253 253
-2.1403725 -2.6813865 11.1357632 151 151 151
-2.0900927 -2.6771326 11.1180973 118 118 118
-2.0098388 -2.6952569 11.1933670 108 108 108
-1.9454677 -2.6716785 11.0954466 197 197 197
-1.8785814 -2.6433990 10.9780016 211 211 211
-1.8170409 -2.6214027 10.8866520 222 222 222
-1.7530763 -2.5946784 10.7756653 221 221 221
-1.4745127 -2.4348314 10.1118231 114 114 114
-1.4257013 -2.4243391 10.0682487 100 100 100
-1.0935585 -2.2640927 9.4027481 253 253 253
-1.0466580 -2.2485185 9.3380680 253 253 253
-0.9974340 -2.2265396 9.2467909 253 253 253
-0.9514631 -2.2103300 9.1794720 253 253 253
-0.9045625 -2.1904943 9.0970945 253 253 253
-0.8599111 -2.1745892 9.0310411 253 253 253
-0.8147653 -2.1559017 8.9534321 253 253 253
-0.7710450 -2.1393538 8.8847084 253 253 253
-0.7283927 -2.1242297 8.8218985 253 253 253
-0.6855213 -2.1068044 8.7495317 253 253 253
-0.6438643 -2.0913410 8.6853132 253 253 253
-0.6024699 -2.0749171 8.6171036 253 253 253
-0.5615509 -2.0581267 8.5473738 253 253 253
-0.5218360 -2.0437491 8.4876642 253 253 253
-0.4825986 -2.0292618 8.4274988 253 253 253
-0.4436892 -2.0139601 8.3639507 253 253 253
-0.4056681 -2.0003963 8.3076191 253 253 253
-0.3680941 -1.9866809 8.2506599 253 253 253
-0.3303848 -1.9692950 8.1784573 253 253 253
-0.2939072 -1.9560544 8.1234694 253 253 253
-0.2578640 -1.9425930 8.0675640 253 253 253
-0.2223385 -1.9295319 8.0133209 253 253 253
-0.1873059 -1.9168329 7.9605823 253 253 253
-0.1524410 -1.9006807 7.8935022 253 253 253
-0.1183600 -1.8880063 7.8408661 253 253 253
-0.0847170 -1.8752028 7.7876930 253 253 253
-0.0515349 -1.8628482 7.7363844 253 253 253
-0.0187903 -1.8509574 7.6870022 253 253 253
0.0135382 -1.8391087 7.6377950 253 253 253
0.0453981 -1.8251096 7.5796566 253 253 253
0.0768466 -1.8129697 7.5292397 253 253 253
0.1386300 -1.7907847 7.4371057 253 253 253
0.1688617 -1.7788790 7.3876619 253 253 253
0.1985606 -1.7659426 7.3339367 253 253 253
0.2282361 -1.7563136 7.2939477 253 253 253
0.2569975 -1.7427731 7.2377138 253 253 253
0.2857093 -1.7318060 7.1921682 253 253 253
0.3140795 -1.7210726 7.1475921 253 253 253
0.3420743 -1.7103417 7.1030269 253 253 253
0.3697974 -1.7000896 7.0604501 253 253 253
0.3971269 -1.6896905 7.0172629 253 253 253
0.4241033 -1.6793360 6.9742608 253 253 253
0.4507680 -1.6691698 6.9320407 253 253 253
0.4770168 -1.6587958 6.8889575 253 253 253
0.5031050 -1.6490861 6.8486333 253 253 253
0.5284917 -1.6382563 6.8036571 253 253 253
0.5543637 -1.6299688 6.7692389 253 253 253
0.5795814 -1.6206632 6.7305937 253 253 253
0.6045939 -1.6116797 6.6932850 203 203 203
0.6345794 -1.6161628 6.7119031 116 116 116
0.6644497 -1.6199821 6.7277651 113 113 113
0.6949121 -1.6248732 6.7480774 111 111 111
0.7285025 -1.6364057 6.7959719 154 154 154
0.7588018 -1.6399524 6.8107014 170 170 170
0.7896153 -1.6443111 6.8288026 176 176 176
0.8210841 -1.6496797 6.8510985 177 177 177
0.8519040 -1.6534240 6.8666487 176 176 176
0.8832908 -1.6579863 6.8855958 177 177 177
0.9146147 -1.6621437 6.9028616 176 176 176
0.9463766 -1.6668161 6.9222660 171 171 171
0.9782410 -1.6713841 6.9412365 171 171 171
1.0100255 -1.6755539 6.9585543 166 166 166
1.0424231 -1.6804770 6.9789996 165 165 165
1.0746721 -1.6848965 6.9973536 159 159 159
1.2124962 -1.8020234 7.4837799 71 71 71
1.2479237 -1.8076276 7.5070539 77 77 77
1.2832175 -1.8127654 7.5283914 80 80 80
1.3182735 -1.8173273 7.5473366 76 76 76
1.3649049 -1.7949419 7.4543710 38 38 38
1.6466486 -1.8648177 7.7445641 78 78 78
1.6842535 -1.8703105 7.7673759 76 76 76
1.7217507 -1.8754767 7.7888308 81 81 81
1.7603238 -1.8815992 7.8142576 76 76 76
1.7989857 -1.8875902 7.8391376 78 78 78
1.8365641 -1.8922484 7.8584828 75 75 75
1.8759893 -1.8986105 7.8849049 71 71 71
1.9141624 -1.9035059 7.9052358 67 67 67
1.9538863 -1.9097496 7.9311657 59 59 59
1.9924225 -1.9146417 7.9514823 54 54 54
1.9888865 -1.8490089 7.6789103 111 111 111
1.9056077 -1.5903382 6.6046543 46 46 46
1.9253837 -1.5836958 6.5770683 40 40 40
1.9584711 -1.5880357 6.5950918 24 24 24
1.9942716 -1.5944233 6.6216192 65 65 65
2.2702212 -1.7656027 7.3325257 177 177 177
2.2980525 -1.7632322 7.3226805 172 172 172
2.3251863 -1.7603965 7.3109040 172 172 172
2.3466432 -1.7307454 7.1877632 172 172 172
2.3634508 -1.7209136 7.1469321 193 193 193
2.3834767 -1.7136432 7.1167378 209 209 209
2.4058623 -1.7082289 7.0942531 211 211 211
2.4223914 -1.6988405 7.0552630 108 108 108
2.4506600 -1.6978130 7.0509958 69 69 69
2.4792988 -1.6970637 7.0478835 78 78 78
2.5061402 -1.6951162 7.0397959 82 82 82
2.5318384 -1.6924503 7.0287242 104 104 104
2.5701015 -1.6981480 7.0523868 57 57 57
2.6064320 -1.7024530 7.0702653 54 54 54
2.6517017 -1.7124333 7.1117139 46 46 46
2.6892529 -1.7172619 7.1317668 43 43 43
2.7327077 -1.7257118 7.1668591 51 51 51
2.7807887 -1.7368662 7.2131829 56 56 56
2.8216796 -1.7433370 7.2400560 56 56 56
2.8631222 -1.7500064 7.2677541 59 59 59
2.9033937 -1.7558265 7.2919250 60 60 60
3.2688434 -1.8774141 7.7968764 71 71 71
3.2895103 -1.8704700 7.7680378 77 77 77
3.3089354 -1.8629638 7.7368646 74 74 74
3.3354990 -1.8595841 7.7228289 78 78 78
3.3704526 -1.8430806 7.6542902 84 84 84
3.3938787 -1.8382860 7.6343784 87 87 87
3.4171925 -1.8335215 7.6145911 86 86 86
3.4388919 -1.8279874 7.5916085 51 51 51
3.4663489 -1.8255877 7.5816422 38 38 38
3.5021372 -1.8275796 7.5899148 48 48 48
3.5510991 -1.8363477 7.6263285 67 67 67
-12.2392826 -5.8397164 24.6845665 15 15 15
-7.9732156 -4.8315434 20.4230061 20 20 20
-6.9255390 -4.4362736 18.7521935 27 27 27
-6.3680668 -4.2238617 17.8543243 34 34 34
-5.4117303 -3.8636165 16.3315620 68 68 68
-5.1297855 -3.7579739 15.8850107 86 86 86
-4.4731150 -3.5058103 14.8191109 150 150 150
-4.1217561 -3.3717468 14.2524233 184 184 184
-3.9129598 -3.2970974 13.9368792 250 250 250
-3.5971770 -3.1740339 13.4166880 250 250 250
-3.4997413 -3.1374061 13.2618608 253 253 253
-3.4022956 -3.0995791 13.1019659 253 253 253
-3.2171834 -3.0293243 12.8049984 232 232 232
-3.1289904 -2.9965765 12.6665726 252 252 252
-3.0408874 -2.9627786 12.5237083 253 253 253
-2.8708420 -2.8977530 12.2488441 253 253 253
-2.6342628 -2.8106663 11.8807278 253 253 253
-2.5548129 -2.7787445 11.7457924 253 253 253
-2.4825006 -2.7534769 11.6389866 253 253 253
-2.3353384 -2.6968906 11.3997955 253 253 253
-2.2660458 -2.6718700 11.2940331 253 253 253
-2.1950746 -2.6437533 11.1751833 253 253 253
-2.1412253 -2.6354773 11.1402006 151 151 151
-2.0909691 -2.6313512 11.1227598 125 125 125
-1.8789002 -2.5975461 10.9798651 185 185 185
-1.6489379 -2.4616108 10.4052649 111 111 111
-1.5987023 -2.4518611 10.3640528 139 139 139
-1.4574755 -2.4349661 10.2926369 115 115 115
-1.3472494 -2.3933625 10.1167774 107 107 107
-1.2945287 -2.3749089 10.0387745 109 109 109
-1.2405045 -2.3527353 9.9450464 134 134 134
-1.0944210 -2.2261961 9.4101629 253 253 253
-1.0471115 -2.2100973 9.3421135 253 253 253
-0.9981182 -2.1890471 9.2531338 253 253 253
-0.9521533 -2.1731958 9.1861305 253 253 253
-0.8152807 -2.1194854 8.9590960 253 253 253
-0.7279158 -2.0856616 8.8161221 253 253 253
-0.6857343 -2.0705514 8.7522507 253 253 253
-0.6441255 -2.0555491 8.6888361 253 253 253
-0.6022604 -2.0378704 8.6141071 253 253 253
-0.5620147 -2.0237532 8.5544338 253 253 253
-0.5220791 -2.0088925 8.4916182 253 253 253
-0.4826033 -1.9937433 8.4275818 253 253 253
-0.4439851 -1.9800096 8.3695288 253 253 253
-0.4056287 -1.9651722 8.3068113 253 253 253
-0.3676461 -1.9495126 8.2406178 253 253 253
-0.3305981 -1.9360561 8.1837378 253 253 253
-0.2941021 -1.9230726 8.1288557 253 253 253
-0.2580334 -1.9098262 8.0728626 253 253 253
-0.2224946 -1.8970714 8.0189486 253 253 253
-0.1871058 -1.8812522 7.9520802 253 253 253
-0.1525597 -1.8688483 7.8996491 253 253 253
-0.1184606 -1.8565186 7.8475313 253 253 253
-0.0847205 -1.8424377 7.7880111 253 253 253
-0.0515889 -1.8321418 7.7444897 253 253 253
-0.0188089 -1.8203387 7.6945987 253 253 253
0.0135286 -1.8056237 7.6323972 253 253 253
0.0454181 -1.7939332 7.5829816 253 253 253
0.0768873 -1.7821625 7.5332270 253 253 253
0.1079561 -1.7707072 7.4848056 253 253 253
0.1386295 -1.7594168 7.4370804 253 253 253
0.1689316 -1.7484486 7.3907175 253 253 253
0.1985144 -1.7346122 7.3322310 253 253 253
0.2279934 -1.7237204 7.2861915 253 253 253
0.2571141 -1.7130286 7.2409964 253 253 253
0.2858754 -1.7024660 7.1963487 253 253 253
0.3142594 -1.6919000 7.1516862 253 253 253
0.3422883 -1.6814396 7.1074700 253 253 253
0.3700337 -1.6713831 7.0649610 253 253 253
0.3970892 -1.6599417 7.0165973 253 253 253
0.4243920 -1.6510490 6.9790082 253 253 253
0.4510530 -1.6409744 6.9364228 253 253 253
0.4773278 -1.6308079 6.8934484 253 253 253
0.5026907 -1.6188716 6.8429937 253 253 253
0.5284377 -1.6094013 6.8029633 253 253 253
0.5538772 -1.6000179 6.7632990 253 253 253
0.5790461 -1.5908102 6.7243776 253 253 253
0.6047661 -1.5839055 6.6951914 195 195 195
0.6347802 -1.5883613 6.7140265 115 115 115
0.6650814 -1.5931247 6.7341614 113 113 113
0.6950839 -1.5968115 6.7497454 109 109 109
0.7287485 -1.6082903 6.7982664 149 149 149
0.7595503 -1.6128215 6.8174195 170 170 170
0.7901142 -1.6165351 6.8331175 175 175 175
0.8209990 -1.6206210 6.8503885 177 177 177
0.8522582 -1.6251432 6.8695040 179 179 179
0.8838151 -1.6299170 6.8896828 176 176 176
0.9151363 -1.6339661 6.9067984 179 179 179
0.9467134 -1.6382080 6.9247293 174 174 174
0.9786400 -1.6427829 6.9440675 172 172 172
1.0105823 -1.6471177 6.9623904 173 173 173
1.0427636 -1.6515863 6.9812789 161 161 161
1.0751479 -1.6561220 7.0004516 157 157 157
1.2139684 -1.7726145 7.4928670 75 75 75
1.2487261 -1.7771125 7.5118804 81 81 81
1.2841606 -1.7823273 7.5339236 80 80 80
1.3192294 -1.7867951 7.5528088 72 72 72
1.3656210 -1.7644325 7.4582820 39 39 39
1.6853575 -1.8387605 7.7724676 81 81 81
1.7234780 -1.8444802 7.7966442 84 84 84
1.7610172 -1.8493752 7.8173361 79 79 79
1.8000017 -1.8555802 7.8435645 77 77 77
1.8376811 -1.8602402 7.8632622 76 76 76
1.8768116 -1.8661779 7.8883615 71 71 71
1.9149684 -1.8709575 7.9085646 70 70 70
1.9547929 -1.8771750 7.9348459 57 57 57
1.9871747 -1.8150638 7.6723013 135 135 135
2.0106959 -1.8071256 7.6387463 143 143 143
2.0354311 -1.8005115 7.6107883 145 145 145
1.9041170 -1.5612644 6.5994873 49 49 49
1.9261841 -1.5566075 6.5798025 35 35 35
1.9599358 -1.5613915 6.6000242 24 24 24
2.2687230 -1.7335371 7.3276863 184 184 184
2.2956543 -1.7305450 7.3150392 185 185 185
2.3258832 -1.7300850 7.3130946 176 176 176
2.3432209 -1.6979551 7.1772809 176 176 176
2.3640401 -1.6911969 7.1487136 192 192 192
2.3833482 -1.6835414 7.1163545 210 210 210
2.4029830 -1.6763042 7.0857625 218 218 218
2.4218991 -1.6687497 7.0538292 110 110 110
2.4506979 -1.6681052 7.0511050 65 65 65
2.4782684 -1.6666502 7.0449548 75 75 75
2.5071008 -1.6660681 7.0424943 80 80 80
2.5315115 -1.6625957 7.0278163 104 104 104
2.5681677 -1.6671530 7.0470800 67 67 67
2.6047375 -1.6715505 7.0656686 56 56 56
2.6464069 -1.6790843 7.0975137 55 55 55
2.6958385 -1.6913193 7.1492314 42 42 42
2.7423809 -1.7014912 7.1922278 45 45 45
2.7744792 -1.7025768 7.1968169 54 54 54
2.8155072 -1.7090594 7.2242188 56 56 56
2.8562112 -1.7152084 7.2502112 53 53 53
2.8987532 -1.7223196 7.2802701 50 50 50
2.9479511 -1.7331947 7.3262391 62 62 62
3.2717059 -1.8461503 7.8037043 73 73 73
3.2943382 -1.8404099 7.7794390 78 78 78
3.3136108 -1.8329241 7.7477965 71 71 71
3.3224766 -1.8198843 7.6926775 73 73 73
3.3461351 -1.8151209 7.6725426 72 72 72
3.3700802 -1.8106028 7.6534443 76 76 76
3.3942358 -1.8062824 7.6351819 90 90 90
3.4314666 -1.7920961 7.5752163 52 52 52
3.4624338 -1.7915906 7.5730791 39 39 39
3.4981906 -1.7935499 7.5813618 49 49 49
3.5443604 -1.8007642 7.6118565 61 61 61
-10.1497240 -4.9676514 21.3794250 18 18 18
-10.0813351 -4.9784007 21.4256859 17 17 17
-9.9416199 -4.9538031 21.3198261 19 19 19
-9.8545933 -4.9552503 21.3260536 19 19 19
-9.7237082 -4.9803352 21.4340134 17 17 17
-8.4793854 -4.9399605 21.2602501 19 19 19
-8.2356586 -4.8492403 20.8698158 22 22 22
-7.9798932 -4.7493954 20.4401093 22 22 22
-7.1260567 -4.4327383 19.0773029 25 25 25
-6.9307432 -4.3604708 18.7662830 27 27 27
-5.4170122 -3.7984505 16.3475018 66 66 66
-5.1321864 -3.6927152 15.8924456 84 84 84
-4.5995030 -3.4918275 15.0278788 136 136 136
-4.4777369 -3.4468765 14.8344231 150 150 150
-4.1222129 -3.3120120 14.2540016 238 238 238
-3.9059563 -3.2325304 13.9119339 249 249 249
-3.6016893 -3.1213672 13.4335184 248 248 248
-3.5034549 -3.0847511 13.2759333 232 232 232
-3.4050877 -3.0468271 13.1127176 251 251 251
-3.2196009 -2.9775622 12.8146200 253 253 253
-3.1314790 -2.9455030 12.6766462 253 253 253
-3.0433469 -2.9123206 12.5338383 253 253 253
-2.8729897 -2.8482294 12.2580070 253 253 253
-2.7951462 -2.8218279 12.1443825 253 253 253
-2.6338670 -2.7601511 11.8789425 253 253 253
-2.1969774 -2.5988791 11.1848717 253 253 253
-2.1419685 -2.5893979 11.1440668 149 149 149
-2.0922868 -2.5860760 11.1297703 137 137 137
-1.8911904 -2.5061734 10.7858906 112 112 112
-1.6933454 -2.4828444 10.6854887 148 148 148
-1.6337725 -2.4609833 10.5914049 105 105 105
-1.5746084 -2.4385271 10.4947596 102 102 102
-1.4582460 -2.3928268 10.2980785 136 136 136
-1.4041313 -2.3747501 10.2202816 201 201 201
-1.3481182 -2.3522165 10.1233025 235 235 235
-1.2956125 -2.3345287 10.0471783 240 240 240
-1.2415366 -2.3127203 9.9533205 246 246 246
-1.0949671 -2.1876049 9.4148588 253 253 253
-1.0455363 -2.1674368 9.3280602 253 253 253
-0.9510316 -2.1319442 9.1753092 253 253 253
-0.9051151 -2.1150615 9.1026506 253 253 253
-0.8610888 -2.1012962 9.0434093 253 253 253
-0.7720505 -2.0671132 8.8962946 253 253 253
-0.6860552 -2.0345953 8.7563467 253 253 253
-0.6445869 -2.0203550 8.6950598 253 253 253
-0.6025937 -2.0026526 8.6188736 253 253 253
-0.5623493 -1.9888629 8.5595264 253 253 253
-0.5225201 -1.9747504 8.4987907 253 253 253
-0.4828721 -1.9592952 8.4322748 253 253 253
-0.4442709 -1.9459677 8.3749170 253 253 253
-0.4059762 -1.9317966 8.3139286 253 253 253
-0.3678338 -1.9157398 8.2448254 253 253 253
-0.3306084 -1.9016049 8.1839924 253 253 253
-0.2942755 -1.8899071 8.1336479 253 253 253
-0.2582312 -1.8772213 8.0790520 253 253 253
-0.2222718 -1.8613898 8.0109167 253 253 253
-0.1872171 -1.8488176 7.9568100 253 253 253
-0.1526766 -1.8369416 7.9056988 253 253 253
-0.1185263 -1.8244374 7.8518839 253 253 253
-0.0847764 -1.8107901 7.7931495 253 253 253
-0.0515275 -1.7973427 7.7352757 253 253 253
-0.0187840 -1.7855231 7.6844072 253 253 253
0.0135328 -1.7739873 7.6347604 253 253 253
0.0454351 -1.7626182 7.5858307 253 253 253
0.0769235 -1.7512202 7.5367775 253 253 253
0.1080338 -1.7403966 7.4901953 253 253 253
0.1387439 -1.7294811 7.4432178 253 253 253
0.1687992 -1.7159370 7.3849277 253 253 253
0.1986329 -1.7047094 7.3366075 253 253 253
0.2281523 -1.6941749 7.2912693 253 253 253
0.2572991 -1.6837040 7.2462058 253 253 253
0.2860759 -1.6732925 7.2013974 253 253 253
0.3143469 -1.6622043 7.1536765 253 253 253
0.3424813 -1.6523993 7.1114783 253 253 253
0.3702311 -1.6424663 7.0687299 253 253 253
0.3972910 -1.6311814 7.0201621 253 253 253
0.4239722 -1.6200149 6.9721045 253 253 253
0.4506317 -1.6102186 6.9299445 253 253 253
0.4768741 -1.6002160 6.8868961 253 253 253
0.5029631 -1.5908766 6.8467016 253 253 253
0.5287241 -1.5815701 6.8066487 253 253 253
0.5541781 -1.5723512 6.7669730 253 253 253
0.5794045 -1.5634208 6.7285395 253 253 253
0.6056900 -1.5580487 6.7054195 123 123 123
0.6351712 -1.5610098 6.7181625 100 100 100
0.6653197 -1.5652878 6.7365742 119 119 119
0.6953807 -1.5690180 6.7526283 122 122 122
0.7598215 -1.5846382 6.8198538 171 171 171
0.7904932 -1.5884818 6.8363953 180 180 180
0.8215793 -1.5928584 6.8552308 181 181 181
0.8531063 -1.5977632 6.8763399 182 182 182
0.8841413 -1.6014543 6.8922248 179 179 179
0.9158924 -1.6061664 6.9125047 180 180 180
0.9470909 -1.6096486 6.9274912 175 175 175
0.9789596 -1.6140271 6.9463353 176 176 176
1.0109982 -1.6184236 6.9652562 170 170 170
1.0437666 -1.6237068 6.9879937 168 168 168
1.0756476 -1.6273575 7.0037055 163 163 163
1.2144393 -1.7416927 7.4957733 73 73 73
1.2495317 -1.7465613 7.5167265 76 76 76
1.2848202 -1.7514564 7.5377932 82 82 82
1.3205889 -1.7567539 7.5605927 74 74 74
1.3660897 -1.7335761 7.4608417 41 41 41
1.4130228 -1.7527670 7.5434341 28 28 28
1.4350058 -1.7408453 7.4921265 26 26 26
1.7246659 -1.8128507 7.8020182 87 87 87
1.7630439 -1.8185004 7.8263326 84 84 84
1.8006961 -1.8232074 7.8465905 80 80 80
1.8396506 -1.8290395 7.8716898 81 81 81
1.8778361 -1.8339137 7.8926673 77 77 77
1.9173925 -1.8399336 7.9185758 71 71 71
1.9557337 -1.8446014 7.9386644 62 62 62
1.9863096 -1.7819340 7.6689610 125 125 125
2.0096009 -1.7739469 7.6345863 144 144 144
2.0362403 -1.7691205 7.6138148 161 161 161
1.9051871 -1.5342965 6.6031961 46 46 46
1.9276488 -1.5300233 6.5848055 38 38 38
1.9607526 -1.5341985 6.6027746 26 26 26
2.2677708 -1.7019219 7.3246107 114 114 114
2.2957988 -1.6998049 7.3154993 156 156 156
2.3247516 -1.6984196 7.3095374 180 180 180
2.3439178 -1.6681850 7.1794157 179 179 179
2.3619668 -1.6595945 7.1424451 194 194 194
2.3829303 -1.6532422 7.1151066 207 207 207
2.4031749 -1.6465554 7.0863280 221 221 221
2.4214733 -1.6387159 7.0525889 113 113 113
2.4498167 -1.6377819 7.0485692 61 61 61
2.4775467 -1.6364652 7.0429029 74 74 74
2.5065162 -1.6359887 7.0408521 83 83 83
2.5317802 -1.6331332 7.0285621 96 96 96
2.5671003 -1.6367552 7.0441508 68 68 68
2.6051009 -1.6419841 7.0666547 64 64 64
2.6447396 -1.6481154 7.0930419 53 53 53
2.6893623 -1.6571808 7.1320567 46 46 46
2.8269198 -1.6853994 7.2535019 68 68 68
2.8605535 -1.6871959 7.2612338 60 60 60
2.8927627 -1.6881232 7.2652249 58 58 58
2.9430566 -1.6994741 7.3140755 61 61 61
2.9913518 -1.7094473 7.3569980 67 67 67
3.0354168 -1.7168232 7.3887420 74 74 74
3.2561767 -1.8229719 7.8455772 63 63 63
3.2706289 -1.8126457 7.8011355 64 64 64
3.2913594 -1.8059698 7.7724047 68 68 68
3.3079765 -1.7971910 7.7346230 62 62 62
3.3220255 -1.7872020 7.6916332 66 66 66
3.3409748 -1.7800169 7.6607099 82 82 82
3.3657932 -1.7760664 7.6437082 98 98 98
3.3890488 -1.7713741 7.6235142 99 99 99
3.4147182 -1.7680197 7.6090775 93 93 93
3.4259038 -1.7572985 7.5629363 51 51 51
3.4582632 -1.7575357 7.5639572 43 43 43
3.5040810 -1.7645459 7.5941272 60 60 60
3.5383182 -1.7656502 7.5988798 74 74 74
-12.6523104 -5.5841103 24.4767151 15 15 15
-9.1314993 -4.9610553 21.7456894 17 17 17
-8.4912157 -4.8570743 21.2899132 18 18 18
-8.2473269 -4.7679791 20.8993835 21 21 21
-8.0013342 -4.6757302 20.4950314 23 23 23
-7.3338079 -4.4291735 19.4143047 25 25 25
-7.1376686 -4.3593822 19.1083908 27 27 27
-5.8693843 -3.8923621 17.0613098 50 50 50
-5.4198194 -3.7314467 16.3559742 68 68 68
-4.8606248 -3.5259347 15.4551573 114 114 114
-4.7313790 -3.4788246 15.2486601 135 135 135
-4.4793344 -3.3855281 14.8397150 208 208 208
-3.9104726 -3.1775343 13.9280205 239 239 239
-3.7017026 -3.1010470 13.5927553 204 204 204
-3.6043689 -3.0669987 13.4435129 244 244 244
-3.5007515 -3.0264301 13.2656889 253 253 253
-3.4081490 -2.9942210 13.1245070 253 253 253
-3.2223363 -2.9260075 12.8255081 253 253 253
-3.0442772 -2.8603401 12.5376692 238 238 238
-2.9633982 -2.8335588 12.4202805 238 238 238
-2.7975683 -2.7730165 12.1549053 253 253 253
-2.1429212 -2.5435348 11.1490240 147 147 147
-1.9462636 -2.5323472 11.0999851 131 131 131
-1.8831279 -2.5105793 11.0045710 115 115 115
-1.8174031 -2.4841723 10.8888216 102 102 102
-1.7572267 -2.4641774 10.8011770 108 108 108
-1.6944598 -2.4393885 10.6925211 124 124 124
-1.6349684 -2.4180887 10.5991583 160 160 160
-1.5759209 -2.3962667 10.5035067 216 216 216
-1.4595538 -2.3515074 10.3073139 226 226 226
-1.3491753 -2.3113382 10.1312399 237 237 237
-1.2944741 -2.2901464 10.0383511 248 248 248
-1.2425876 -2.2726698 9.9617462 247 247 247
-1.0956717 -2.1492851 9.4209166 253 253 253
-1.0462356 -2.1295242 9.3342991 253 253 253
-0.9995254 -2.1139834 9.2661791 253 253 253
-0.9515531 -2.0944002 9.1803408 253 253 253
-0.8605623 -2.0618989 9.0378790 253 253 253
-0.8163294 -2.0465546 8.9706202 253 253 253
-0.7727007 -2.0313070 8.9037857 253 253 253
-0.7289274 -2.0141027 8.8283749 253 253 253
-0.6864778 -1.9989008 8.7617407 253 253 253
-0.6029465 -1.9674586 8.6239204 253 253 253
-0.5627543 -1.9541742 8.5656910 253 253 253
-0.5223050 -1.9381132 8.4952917 253 253 253
-0.4833752 -1.9257408 8.4410601 253 253 253
-0.4447799 -1.9128401 8.3845129 253 253 253
-0.4057865 -1.8958510 8.3100443 253 253 253
-0.3681712 -1.8826970 8.2523870 253 253 253
-0.3309498 -1.8690217 8.1924438 253 253 253
-0.2941861 -1.8550447 8.1311789 253 253 253
-0.2579536 -1.8411705 8.0703650 253 253 253
-0.2223926 -1.8286011 8.0152693 253 253 253
-0.1873205 -1.8162665 7.9612036 253 253 253
-0.1527896 -1.8049386 7.9115500 253 253 253
-0.1186109 -1.7926046 7.8574862 253 253 253
-0.0847617 -1.7776185 7.7917986 253 253 253
-0.0515576 -1.7657509 7.7397795 253 253 253
-0.0187996 -1.7545748 7.6907916 253 253 253
0.0135418 -1.7429550 7.6398582 253 253 253
0.0454681 -1.7318839 7.5913305 253 253 253
0.0769776 -1.7206481 7.5420809 253 253 253
0.1079522 -1.7075197 7.4845357 253 253 253
0.1386252 -1.6966400 7.4368472 253 253 253
0.1689220 -1.6860203 7.3902974 253 253 253
0.1987451 -1.6747175 7.3407550 253 253 253
0.2282186 -1.6639116 7.2933893 253 253 253
0.2574601 -1.6541820 7.2507415 253 253 253
0.2862359 -1.6438437 7.2054257 253 253 253
0.3145110 -1.6328896 7.1574111 253 253 253
0.3421276 -1.6207346 7.1041322 253 253 253
0.3698450 -1.6109760 7.0613580 253 253 253
0.3971521 -1.6010180 7.0177093 253 253 253
0.4242050 -1.5914869 6.9759316 253 253 253
0.4509330 -1.5820526 6.9345784 253 253 253
0.4775481 -1.5733951 6.8966303 253 253 253
0.5035883 -1.5639461 6.8552132 253 253 253
0.5294222 -1.5549171 6.8156362 253 253 253
0.5544451 -1.5445589 6.7702327 253 253 253
0.5797902 -1.5360687 6.7330179 253 253 253
0.6055520 -1.5294237 6.7038918 182 182 182
0.6356525 -1.5338410 6.7232533 123 123 123
0.6655922 -1.5375094 6.7393332 120 120 120
0.6960396 -1.5420020 6.7590256 114 114 114
0.7294420 -1.5524304 6.8047361 156 156 156
0.7600216 -1.5562891 6.8216496 170 170 170
0.7912108 -1.5610690 6.8426018 177 177 177
0.8219647 -1.5646839 6.8584466 182 182 182
0.8534808 -1.5694547 6.8793583 182 182 182
0.8844281 -1.5729003 6.8944612 180 180 180
0.9162107 -1.5775648 6.9149070 180 180 180
0.9480701 -1.5820696 6.9346533 179 179 179
0.9795397 -1.5856739 6.9504519 173 173 173
1.0116402 -1.5900605 6.9696794 172 172 172
1.0441680 -1.5948519 6.9906812 170 170 170
1.0767839 -1.5995111 7.0111041 167 167 167
1.2148576 -1.7106725 7.4983554 81 81 81
1.2507155 -1.7164882 7.5238476 80 80 80
1.2861578 -1.7214602 7.5456409 84 84 84
1.3210714 -1.7255013 7.5633545 74 74 74
1.3667790 -1.7029730 7.4646063 41 41 41
1.4360110 -1.7104487 7.4973745 25 25 25
1.5754354 -1.7602544 7.7156868 83 83 83
1.8017876 -1.7912040 7.8513470 84 84 84
1.8408421 -1.7970080 7.8767881 77 77 77
1.8800435 -1.8027474 7.9019451 75 75 75
1.9186448 -1.8077214 7.9237475 68 68 68
1.9635302 -1.7581546 7.7064829 121 121 121
1.9862536 -1.7495451 7.6687450 136 136 136
2.0088556 -1.7411062 7.6317549 154 154 154
2.0362780 -1.7370454 7.6139555 171 171 171
1.9065139 -1.5075003 6.6077948 46 46 46
1.9285105 -1.5029272 6.5877495 35 35 35
1.9616911 -1.5070760 6.6059351 25 25 25
2.2682519 -1.6713890 7.3261647 102 102 102
2.2955616 -1.6687833 7.3147435 163 163 163
2.3245094 -1.6674218 7.3087754 187 187 187
2.3449059 -1.6386002 7.1824422 177 177 177
2.3618333 -1.6293830 7.1420407 198 198 198
2.3811512 -1.6220262 7.1097941 212 212 212
2.4036994 -1.6170256 7.0878749 227 227 227
2.4209216 -1.6086090 7.0509825 120 120 120
2.4491427 -1.6076161 7.0466304 73 73 73
2.4769905 -1.6064049 7.0413213 80 80 80
2.5057108 -1.6057818 7.0385900 90 90 90
2.5325224 -1.6039641 7.0306230 105 105 105
2.5664525 -1.6066449 7.0423732 76 76 76
2.6043434 -1.6117156 7.0645995 57 57 57
2.6447976 -1.6182399 7.0931973 51 51 51
2.6866300 -1.6254522 7.1248107 47 47 47
2.7964156 -1.6548610 7.2537179 111 111 111
2.8304677 -1.6568885 7.2626052 104 104 104
2.8658154 -1.6596229 7.2745910 93 93 93
2.9038460 -1.6638366 7.2930608 90 90 90
2.9401598 -1.6669886 7.3068767 71 71 71
2.9872487 -1.6761210 7.3469067 70 70 70
3.0343914 -1.6850959 7.3862457 73 73 73
3.2600439 -1.7920133 7.8548946 52 52 52
3.2812486 -1.7855275 7.8264656 44 44 44
3.3030665 -1.7619554 7.7231426 57 57 57
3.3188422 -1.7530853 7.6842623 78 78 78
3.3392055 -1.7467866 7.6566534 86 86 86
3.3611231 -1.7414137 7.6331024 104 104 104
3.3879116 -1.7386425 7.6209555 109 109 109
3.4131088 -1.7351146 7.6054916 104 104 104
3.4393346 -1.7321701 7.5925856 70 70 70
3.4640522 -1.7285275 7.5766191 73 73 73
3.5014007 -1.7311965 7.5883183 81 81 81
3.5333765 -1.7311850 7.5882673 82 82 82
-8.5004854 -4.7724996 21.3131523 20 20 20
-8.2566032 -4.6851110 20.9228897 21 21 21
-7.3414826 -4.3518538 19.4346218 25 25 25
-6.5589814 -4.0697317 18.1747131 35 35 35
-4.7354856 -3.4174855 15.2618952 165 165 165
-4.4862790 -3.3281014 14.8627214 217 217 217
-4.1270971 -3.1955771 14.2708912 240 240 240
-3.9129868 -3.1208057 13.9369755 247 247 247
-3.7045403 -3.0460603 13.6031752 203 203 203
-3.6079569 -3.0133047 13.4568949 251 251 251
-3.5042620 -2.9734681 13.2789907 253 253 253
-3.4115036 -2.9417684 13.1374254 244 244 244
-3.3143013 -2.9051266 12.9737902 250 250 250
-3.1323690 -2.8393962 12.6802492 253 253 253
-3.0452838 -2.8083975 12.5418148 253 253 253
-2.9583731 -2.7764671 12.3992195 253 253 253
-2.7931528 -2.7174640 12.1357212 253 253 253
-2.6356628 -2.6617789 11.8870411 253 253 253
-2.4131103 -2.5844822 11.5418472 253 253 253
-2.3406079 -2.5584333 11.4255180 253 253 253
-2.2685850 -2.5318246 11.3066883 253 253 253
-2.1435039 -2.4971988 11.1520557 158 158 158
-2.1012299 -2.5028610 11.1773415 163 163 163
-2.0587320 -2.5085104 11.2025709 125 125 125
-2.0124516 -2.5097077 11.2079182 82 82 82
-1.9476725 -2.4873385 11.1080208 120 120 120
-1.8189690 -2.4403558 10.8982038 209 209 209
-1.6943220 -2.3941040 10.6916513 221 221 221
-1.6340301 -2.3720305 10.5930758 227 227 227
-1.5768899 -2.3534200 10.5099640 230 230 230
-1.5172280 -2.3298612 10.4047537 222 222 222
-1.4605479 -2.3096139 10.3143339 233 233 233
-1.4035615 -2.2876248 10.2161341 238 238 238
-1.3501381 -2.2702339 10.1384697 247 247 247
-1.2950869 -2.2488792 10.0431032 241 241 241
-1.0964501 -2.1110563 9.4276104 253 253 253
-1.0470065 -2.0917020 9.3411770 253 253 253
-0.9993905 -2.0746284 9.2649288 253 253 253
-0.9523417 -2.0573909 9.1879492 253 253 253
-0.9068704 -2.0422437 9.1203051 253 253 253
-0.8609759 -2.0247595 9.0422239 253 253 253
-0.8168517 -2.0100112 8.9763603 253 253 253
-0.7720397 -1.9920547 8.8961697 253 253 253
-0.7296304 -1.9787803 8.8368883 253 253 253
-0.6869328 -1.9632531 8.7675467 253 253 253
-0.6444535 -1.9466189 8.6932611 253 253 253
-0.6035464 -1.9330134 8.6325016 253 253 253
-0.5623236 -1.9165852 8.5591364 253 253 253
-0.5225982 -1.9033573 8.5000620 253 253 253
-0.4833885 -1.8901974 8.4412928 253 253 253
-0.4441094 -1.8746524 8.3718710 253 253 253
-0.4058583 -1.8611369 8.3115139 253 253 253
-0.3683363 -1.8487258 8.2560873 253 253 253
-0.3312204 -1.8359745 8.1991425 253 253 253
-0.2941239 -1.8203706 8.1294575 253 253 253
-0.2580638 -1.8079103 8.0738134 253 253 253
-0.2225048 -1.7957069 8.0193138 253 253 253
-0.1874233 -1.7836733 7.9655747 253 253 253
-0.1528765 -1.7725843 7.9160528 253 253 253
-0.1184935 -1.7577282 7.8497086 253 253 253
-0.0848163 -1.7458847 7.7968168 253 253 253
-0.0515937 -1.7343284 7.7452087 253 253 253
-0.0187947 -1.7216978 7.6888027 253 253 253
0.0135501 -1.7117851 7.6445341 253 253 253
0.0454934 -1.7008191 7.5955620 253 253 253
0.0769020 -1.6871834 7.5346670 253 253 253
0.1080067 -1.6768044 7.4883165 253 253 253
0.1386654 -1.6657622 7.4390039 253 253 253
0.1690155 -1.6557720 7.3943896 253 253 253
0.1988539 -1.6446615 7.3447723 253 253 253
0.2283629 -1.6341887 7.2980022 253 253 253
0.2576596 -1.6248641 7.2563605 253 253 253
0.2860710 -1.6125290 7.2012739 253 253 253
0.3145009 -1.6026559 7.1571822 253 253 253
0.3425316 -1.5926553 7.1125216 253 253 253
0.3702745 -1.5830352 7.0695596 253 253 253
0.3977897 -1.5739474 7.0289755 253 253 253
0.4245034 -1.5631688 6.9808393 253 253 253
0.4513856 -1.5543684 6.9415383 253 253 253
0.4777374 -1.5449246 6.8993640 253 253 253
0.5038194 -1.5357425 6.8583589 253 253 253
0.5296003 -1.5266894 6.8179293 253 253 253
0.5546696 -1.5166229 6.7729735 253 253 253
0.5801232 -1.5085419 6.7368855 253 253 253
0.6057230 -1.5015777 6.7057848 178 178 178
0.6358237 -1.5058948 6.7250638 120 120 120
0.6658064 -1.5095756 6.7415018 121 121 121
0.6962736 -1.5140084 6.7612982 109 109 109
0.7603389 -1.5281603 6.8244977 179 179 179
0.7915090 -1.5327916 6.8451805 178 178 178
0.8225833 -1.5369179 6.8636079 183 183 183
0.8537157 -1.5408688 6.8812518 180 180 180
0.8852543 -1.5452688 6.9009018 183 183 183
0.9164715 -1.5488456 6.9168749 180 180 180
0.9483702 -1.5533181 6.9368482 177 177 177
0.9804516 -1.5578132 6.9569221 176 176 176
1.0120538 -1.5613079 6.9725289 172 172 172
1.0444783 -1.5658377 6.9927583 171 171 171
1.0771687 -1.5705067 7.0136099 166 166 166
1.2510452 -1.6852047 7.5258312 81 81 81
1.2865812 -1.6901968 7.5481243 83 83 83
1.3222140 -1.6950719 7.5698962 75 75 75
1.3673673 -1.6722146 7.4678192 41 41 41
1.4373950 -1.6804508 7.5046005 27 27 27
1.5763168 -1.7286843 7.7200036 82 82 82
1.6140124 -1.7342080 7.7446709 84 84 84
1.8414273 -1.7643528 7.8792925 85 85 85
1.8808746 -1.7702074 7.9054384 79 79 79
1.9194505 -1.7750524 7.9270754 70 70 70
1.9636811 -1.7257894 7.7070751 132 132 132
1.9855057 -1.7165598 7.6658573 150 150 150
2.0088341 -1.7089051 7.6316729 163 163 163
2.0344141 -1.7033770 7.6069856 173 173 173
1.9050238 -1.4784791 6.6026306 47 47 47
1.9291685 -1.4756502 6.5899973 33 33 33
1.9639643 -1.4809333 6.6135902 24 24 24
2.2692654 -1.6412281 7.3294387 122 122 122
2.2969098 -1.6388994 7.3190398 181 181 181
2.3238964 -1.6361696 7.3068480 179 179 179
2.3460729 -1.6091125 7.1860166 175 175 175
2.3621244 -1.5994625 7.1429210 196 196 196
2.3816142 -1.5923542 7.1111765 216 216 216
2.4041312 -1.5874214 7.0891480 228 228 228
2.4258773 -1.5821073 7.0654159 183 183 183
2.4507546 -1.5789393 7.0512681 147 147 147
2.4777555 -1.5771991 7.0434966 173 173 173
2.5067132 -1.5767307 7.0414052 175 175 175
2.5323932 -1.5742360 7.0302644 121 121 121
2.5667882 -1.5771539 7.0432949 97 97 97
2.6015260 -1.5802132 7.0569568 78 78 78
2.6434817 -1.5875380 7.0896688 68 68 68
2.6834254 -1.5935042 7.1163125 65 65 65
2.7596102 -1.6206216 7.2374139 78 78 78
2.7946172 -1.6232280 7.2490535 103 103 103
2.8258626 -1.6236166 7.2507892 98 98 98
2.8632841 -1.6275074 7.2681651 87 87 87
2.8998115 -1.6308131 7.2829275 89 89 89
2.9369235 -1.6343750 7.2988338 79 79 79
2.9858692 -1.6443797 7.3435135 73 73 73
3.0348132 -1.6541783 7.3872724 78 78 78
3.2738752 -1.7663521 7.8882208 66 66 66
3.2999725 -1.7277673 7.7159085 67 67 67
3.3170624 -1.7197584 7.6801414 82 82 82
3.3370469 -1.7133905 7.6517038 87 87 87
3.3600409 -1.7086750 7.6306453 96 96 96
3.3841896 -1.7046305 7.6125832 112 112 112
3.4106739 -1.7018275 7.6000657 89 89 89
3.4394777 -1.7002233 7.5929012 77 77 77
3.4624071 -1.6957716 7.5730209 82 82 82
3.4984939 -1.6977865 7.5820189 89 89 89
3.5305786 -1.6978401 7.5822587 82 82 82
-12.3305426 -5.4637809 24.8686237 16 16 16
-8.5086040 -4.6870956 21.3335075 20 20 20
-8.2658052 -4.6020041 20.9462109 20 20 20
-7.7824879 -4.4275417 20.1521397 23 23 23
-7.3465447 -4.2728434 19.4480228 25 25 25
-7.1432385 -4.2015004 19.1233006 28 28 28
-6.7488914 -4.0612507 18.4849510 32 32 32
-6.2091403 -3.8705630 17.6170273 41 41 41
-4.7423162 -3.3579636 15.2839098 164 164 164
-4.4896407 -3.2678730 14.8738585 212 212 212
-4.1283660 -3.1363614 14.2752781 247 247 247
-3.9174032 -3.0654902 13.9527054 240 240 240
-3.7082241 -2.9916685 13.6167021 191 191 191
-3.5081718 -2.9207265 13.2938070 243 243 243
-3.4131296 -2.8877442 13.1436872 253 253 253
-3.3163469 -2.8521762 12.9817982 253 253 253
-3.1350458 -2.7883050 12.6910858 253 253 253
-3.0476816 -2.7576792 12.5516901 253 253 253
-2.9606059 -2.7262361 12.4085760 253 253 253
-2.7954686 -2.6684988 12.1457825 253 253 253
-2.5638270 -2.5897241 11.7872353 253 253 253
-2.4142768 -2.5370367 11.5474272 253 253 253
-2.2703240 -2.4860492 11.3153563 253 253 253
-2.1441472 -2.4509063 11.1554012 162 162 162
-2.1024063 -2.4571016 11.1835995 166 166 166
-2.0604937 -2.4633758 11.2121572 152 152 152
-1.9490954 -2.4422793 11.1161356 206 206 206
-1.8204906 -2.3964016 10.9073210 227 227 227
-1.7561476 -2.3716240 10.7945442 225 225 225
-1.6957734 -2.3510299 10.7008095 224 224 224
-1.6353859 -2.3292911 10.6018648 223 223 223
-1.5781927 -2.3110080 10.5186481 224 224 224
-1.5186930 -2.2881920 10.4148006 227 227 227
-1.4618549 -2.2681470 10.3235645 226 226 226
-1.4047844 -2.2464995 10.2250347 239 239 239
-1.3511678 -2.2291794 10.1462021 243 243 243
-1.2961332 -2.2083106 10.0512171 250 250 250
-1.0954562 -2.0694232 9.4190655 253 253 253
-1.0471368 -2.0525663 9.3423405 253 253 253
-0.9995273 -2.0358374 9.2661972 253 253 253
-0.9532744 -2.0206227 9.1969471 253 253 253
-0.9078855 -2.0060265 9.1305132 253 253 253
-0.8616294 -1.9881369 9.0490866 253 253 253
-0.8155472 -1.9690088 8.9620247 243 243 243
-0.7298796 -1.9421787 8.8399067 253 253 253
-0.6863742 -1.9247144 8.7604170 253 253 253
-0.6450452 -1.9117134 8.7012424 253 253 253
-0.6039584 -1.8979051 8.6383934 253 253 253
-0.5626020 -1.8814229 8.5633736 253 253 253
-0.5228488 -1.8684084 8.5041380 253 253 253
-0.4837334 -1.8559244 8.4473162 253 253 253
-0.4444495 -1.8407576 8.3782845 253 253 253
-0.4061530 -1.8274137 8.3175488 253 253 253
-0.3685920 -1.8151697 8.2618198 253 253 253
-0.3308921 -1.7996134 8.1910143 253 253 253
-0.2943234 -1.7873012 8.1349745 253 253 253
-0.2582633 -1.7752349 8.0800552 253 253 253
-0.2226741 -1.7632309 8.0254183 253 253 253
-0.1875517 -1.7512814 7.9710298 253 253 253
-0.1527304 -1.7375405 7.9084868 253 253 253
-0.1185888 -1.7260143 7.8560252 253 253 253
-0.0848801 -1.7142953 7.8026853 253 253 253
-0.0516345 -1.7030134 7.7513361 253 253 253
-0.0188126 -1.6908833 7.6961246 253 253 253
0.0135603 -1.6808091 7.6502724 253 253 253
0.0454528 -1.6672977 7.5887747 253 253 253
0.0769643 -1.6567515 7.5407729 253 253 253
0.1081037 -1.6467034 7.4950380 253 253 253
0.1387823 -1.6357700 7.4452748 253 253 253
0.1691743 -1.6261164 7.4013357 253 253 253
0.1990774 -1.6155024 7.3530254 253 253 253
0.2282802 -1.6028324 7.2953577 253 253 253
0.2574531 -1.5929866 7.2505441 253 253 253
0.2862310 -1.5830468 7.2053027 253 253 253
0.3146837 -1.5733882 7.1613412 253 253 253
0.3427160 -1.5635036 7.1163516 253 253 253
0.3704359 -1.5539002 7.0726409 253 253 253
0.3977875 -1.5442978 7.0289350 253 253 253
0.4248152 -1.5348573 6.9859662 253 253 253
0.4516047 -1.5258365 6.9449077 253 253 253
0.4780092 -1.5166925 6.9032884 253 253 253
0.5035531 -1.5060247 6.8547335 253 253 253
0.5290625 -1.4964175 6.8110061 253 253 253
0.5544693 -1.4875244 6.7705283 253 253 253
0.5796239 -1.4788589 6.7310877 253 253 253
0.6059138 -1.4737639 6.7078972 170 170 170
0.6360617 -1.4780885 6.7275805 121 121 121
0.6662956 -1.4822353 6.7464552 127 127 127
0.6965347 -1.4860535 6.7638335 126 126 126
0.7607892 -1.5002698 6.8285394 175 175 175
0.7917712 -1.5044241 6.8474483 184 184 184
0.8229508 -1.5086482 6.8666744 187 187 187
0.8539585 -1.5122809 6.8832088 188 188 188
0.8855526 -1.5166789 6.9032269 183 183 183
0.9171922 -1.5208726 6.9223142 183 183 183
0.9487178 -1.5246245 6.9393911 178 178 178
0.9807320 -1.5289133 6.9589119 174 174 174
1.0128835 -1.5331609 6.9782453 173 173 173
1.0448743 -1.5369320 6.9954095 168 168 168
1.0775331 -1.5414519 7.0159822 159 159 159
1.2521877 -1.6549789 7.5327044 79 79 79
1.2870843 -1.6590154 7.5510769 83 83 83
1.3227402 -1.6638119 7.5729089 75 75 75
1.3678786 -1.6413367 7.4706116 40 40 40
1.4385977 -1.6501838 7.5108795 27 27 27
1.5769665 -1.6968286 7.7231855 79 79 79
1.6145999 -1.7021685 7.7474899 89 89 89
1.6519028 -1.7069550 7.7692757 86 86 86
1.8815452 -1.7374899 7.9082570 82 82 82
1.9213834 -1.7433782 7.9350576 69 69 69
1.9632574 -1.6929238 7.7054124 138 138 138
1.9863057 -1.6849120 7.6689463 153 153 153
2.0106628 -1.6782491 7.6386204 160 160 160
2.0357835 -1.6724240 7.6121063 172 172 172
1.9057351 -1.4511778 6.6050959 44 44 44
1.9298489 -1.4483713 6.5923214 31 31 31
1.9645789 -1.4534988 6.6156597 23 23 23
2.2421074 -1.6130179 7.3417172 126 126 126
2.2683933 -1.6097012 7.3266215 105 105 105
2.2957625 -1.6072322 7.3153834 184 184 184
2.3235223 -1.6050985 7.3056722 184 184 184
2.3422651 -1.5762472 7.1743541 176 176 176
2.3618948 -1.5691886 7.1422267 205 205 205
2.3824539 -1.5629177 7.1136842 225 225 225
2.4044309 -1.5577211 7.0900321 232 232 232
2.4270451 -1.5530601 7.0688167 221 221 221
2.4513199 -1.5495617 7.0528941 216 216 216
2.4775805 -1.5473876 7.0429988 194 194 194
2.5069742 -1.5471988 7.0421391 191 191 191
2.5322871 -1.5445251 7.0299697 129 129 129
2.5670273 -1.5475968 7.0439506 115 115 115
2.6020765 -1.5507826 7.0584507 94 94 94
2.6410429 -1.5562042 7.0831275 85 85 85
2.6837330 -1.5636743 7.1171279 80 80 80
2.7552643 -1.5875976 7.2260160 79 79 79
2.7905495 -1.5903409 7.2385020 110 110 110
2.8230808 -1.5914723 7.2436514 101 101 101
2.8581488 -1.5939941 7.2551303 93 93 93
2.8978679 -1.5990289 7.2780461 87 87 87
2.9413173 -1.6059951 7.3097529 81 81 81
2.9837129 -1.6122473 7.3382106 71 71 71
3.2709286 -1.7315280 7.8811212 59 59 59
3.2942729 -1.6923018 7.7025814 71 71 71
3.3155341 -1.6865942 7.6766033 84 84 84
3.3366632 -1.6809304 7.6508236 86 86 86
3.3589714 -1.6759633 7.6282158 102 102 102
3.3822911 -1.6715904 7.6083126 114 114 114
3.4084234 -1.6686767 7.5950508 110 110 110
3.4377687 -1.6673756 7.5891285 101 101 101
3.4604566 -1.6628994 7.5687551 83 83 83
3.4964747 -1.6648520 7.5776429 94 94 94
3.5275581 -1.6644410 7.5757718 84 84 84
-12.3358526 -5.3612185 24.8793316 17 17 17
-12.0998497 -5.3496466 24.8256302 16 16 16
-8.5170736 -4.6017094 21.3547440 21 21 21
-8.2717819 -4.5169382 20.9613533 21 21 21
-7.7875719 -4.3453984 20.1653042 23 23 23
-7.3545551 -4.1954017 19.4692287 27 27 27
-6.7570405 -3.9881105 18.5072708 33 33 33
-6.2139435 -3.7992094 17.6306534 45 45 45
-5.7392979 -3.6396520 16.8902111 60 60 60
-5.0098186 -3.3872216 15.7187786 124 124 124
-4.7446265 -3.2951167 15.2913551 172 172 172
-4.6135159 -3.2482061 15.0736628 192 192 192
-4.4942551 -3.2084451 14.8891468 218 218 218
-4.1301198 -3.0774701 14.2813435 243 243 243
-3.9182062 -3.0072687 13.9555655 238 238 238
-3.5103517 -2.8664472 13.3020678 244 244 244
-3.3188791 -2.7995687 12.9917097 253 253 253
-3.1379199 -2.7372944 12.7027197 253 253 253
-2.9624653 -2.6755893 12.4163704 253 253 253
-2.8826039 -2.6503034 12.2990284 253 253 253
-2.7981851 -2.6198242 12.1575851 253 253 253
-2.7210624 -2.5951655 12.0431538 253 253 253
-2.5654662 -2.5416417 11.7947712 253 253 253
-2.4156210 -2.4897273 11.5538559 253 253 253
-2.2716408 -2.4397473 11.3219185 253 253 253
-2.1459875 -2.4059279 11.1649771 173 173 173
-2.1033070 -2.4109733 11.1883907 168 168 168
-2.0609918 -2.4166789 11.2148666 149 149 149
-2.0154040 -2.4187245 11.2243614 150 150 150
-1.9506440 -2.3973067 11.1249685 209 209 209
-1.8835909 -2.3719454 11.0072765 219 219 219
-1.8220090 -2.3523662 10.9164171 224 224 224
-1.7576625 -2.3281105 10.8038559 228 228 228
-1.6971289 -2.3077486 10.7093639 225 225 225
-1.6366655 -2.2863712 10.6101599 229 229 229
-1.5792884 -2.2682250 10.5259504 226 226 226
-1.5199842 -2.2461815 10.4236555 228 228 228
-1.4057136 -2.2048385 10.2317982 244 244 244
-1.3505161 -2.1853387 10.1413078 247 247 247
-1.0962434 -2.0311618 9.4258327 253 253 253
-1.0484680 -2.0157292 9.3542166 253 253 253
-1.0004877 -1.9986808 9.2751007 253 253 253
-0.9538520 -1.9830403 9.2025194 253 253 253
-0.9068242 -1.9652238 9.1198397 253 253 253
-0.8619688 -1.9507455 9.0526514 253 253 253
-0.8163430 -1.9331008 8.9707699 253 253 253
-0.7730397 -1.9195085 8.9076929 253 253 253
-0.7302725 -1.9059268 8.8446655 253 253 253
-0.6867943 -1.8889277 8.7657795 253 253 253
-0.6454154 -1.8760970 8.7062368 253 253 253
-0.5629451 -1.8464369 8.5685959 253 253 253
-0.5231686 -1.8336678 8.5093393 253 253 253
-0.4831131 -1.8179680 8.4364824 253 253 253
-0.4447306 -1.8065687 8.3835831 253 253 253
-0.4063933 -1.7933997 8.3224707 253 253 253
-0.3687981 -1.7813252 8.2664385 253 253 253
-0.3310805 -1.7660773 8.1956787 253 253 253
-0.2944839 -1.7539521 8.1394100 253 253 253
-0.2584026 -1.7421008 8.0844126 253 253 253
-0.2225486 -1.7284131 8.0208941 253 253 253
-0.1873624 -1.7159346 7.9629855 253 253 253
-0.1528213 -1.7052054 7.9131956 253 253 253
-0.1186808 -1.6941986 7.8621173 253 253 253
-0.0849539 -1.6828532 7.8094678 253 253 253
-0.0516781 -1.6717367 7.7578802 253 253 253
-0.0188337 -1.6602863 7.7047439 253 253 253
0.0135506 -1.6473724 7.6448150 253 253 253
0.0455119 -1.6374240 7.5986481 253 253 253
0.0770259 -1.6262535 7.5468102 253 253 253
0.1081551 -1.6158648 7.4986005 253 253 253
0.1388595 -1.6052661 7.4494162 253 253 253
0.1690470 -1.5937058 7.3957691 253 253 253
0.1988773 -1.5829028 7.3456364 253 253 253
0.2283985 -1.5728829 7.2991381 253 253 253
0.2576645 -1.5636944 7.2564974 253 253 253
0.2863745 -1.5534405 7.2089133 253 253 253
0.3148379 -1.5439454 7.1648507 253 253 253
0.3429085 -1.5343555 7.1203475 253 253 253
0.3706889 -1.5251162 7.0774717 253 253 253
0.3980646 -1.5157124 7.0338321 253 253 253
0.4251395 -1.5065472 6.9913001 253 253 253
0.4519205 -1.4975966 6.9497638 253 253 253
0.4775933 -1.4862875 6.8972826 253 253 253
0.5036643 -1.4774448 6.8562469 253 253 253
0.5294678 -1.4688202 6.8162241 253 253 253
0.5547856 -1.4598057 6.7743912 253 253 253
0.5799975 -1.4514091 6.7354255 253 253 253
0.6064982 -1.4468712 6.7143669 168 168 168
0.6362361 -1.4501163 6.7294259 124 124 124
0.6665495 -1.4543399 6.7490258 133 133 133
0.6967177 -1.4579136 6.7656107 124 124 124
0.7611450 -1.4721622 6.8317327 180 180 180
0.7920401 -1.4760498 6.8497734 181 181 181
0.8231804 -1.4801046 6.8685899 182 182 182
0.8544946 -1.4841859 6.8875299 184 184 184
0.8857957 -1.4879768 6.9051218 183 183 183
0.9176054 -1.4923536 6.9254332 183 183 183
0.9492911 -1.4962649 6.9435840 179 179 179
0.9811121 -1.5001491 6.9616089 177 177 177
1.0133194 -1.5043809 6.9812474 172 172 172
1.0456953 -1.5086174 7.0009069 170 170 170
1.0778521 -1.5123135 7.0180593 162 162 162
1.2526870 -1.6238610 7.5357080 80 80 80
1.2877953 -1.6280717 7.5552478 84 84 84
1.3232003 -1.6324451 7.5755434 70 70 70
1.3685056 -1.6105715 7.4740362 40 40 40
1.4357606 -1.6153189 7.4960670 28 28 28
1.5785745 -1.6659573 7.7310605 75 75 75
1.6152654 -1.6701857 7.7506828 82 82 82
1.6525788 -1.6748774 7.7724552 90 90 90
1.6917667 -1.6812495 7.8020253 88 88 88
1.9220536 -1.7105129 7.9378257 70 70 70
1.9637530 -1.6608496 7.7073574 138 138 138
1.9866618 -1.6528686 7.6703210 150 150 150
2.0112405 -1.6465104 7.6408148 155 155 155
2.0365021 -1.6409030 7.6147933 171 171 171
1.9069202 -1.4242096 6.6092033 47 47 47
1.9324794 -1.4225080 6.6013069 31 31 31
1.9652946 -1.4261203 6.6180696 25 25 25
2.2415848 -1.5816895 7.3400064 124 124 124
2.2670281 -1.5778551 7.3222127 106 106 106
2.2945950 -1.5755819 7.3116632 186 186 186
2.3222301 -1.5734154 7.3016090 181 181 181
2.3421130 -1.5458927 7.1738873 176 176 176
2.3626454 -1.5395594 7.1444964 206 206 206
2.3830233 -1.5332859 7.1153836 221 221 221
2.4043252 -1.5277556 7.0897202 227 227 227
2.4270229 -1.5232372 7.0687523 221 221 221
2.4508119 -1.5195051 7.0514331 205 205 205
2.4795203 -1.5188760 7.0485134 201 201 201
2.5071564 -1.5176127 7.0426507 200 200 200
2.5342000 -1.5160244 7.0352798 127 127 127
2.5678923 -1.5184044 7.0463243 117 117 117
2.6019900 -1.5209668 7.0582156 104 104 104
2.6395202 -1.5254550 7.0790439 91 91 91
2.6832824 -1.5334042 7.1159329 77 77 77
2.7418602 -1.5495507 7.1908622 78 78 78
2.7898242 -1.5594110 7.2366204 110 110 110
2.8220489 -1.5603555 7.2410035 103 103 103
2.8579752 -1.5633047 7.2546897 84 84 84
2.8961468 -1.5674064 7.2737241 78 78 78
2.9382226 -1.5735130 7.3020625 76 76 76
2.9855993 -1.5823023 7.3428502 72 72 72
3.2670176 -1.6962631 7.8716974 54 54 54
3.2821424 -1.6701763 7.7506390 56 56 56
3.2940958 -1.6597313 7.7021675 70 70 70
3.3120027 -1.6524603 7.6684260 84 84 84
3.3361561 -1.6484168 7.6496615 94 94 94
3.3586676 -1.6436470 7.6275268 104 104 104
3.3815682 -1.6391561 7.6066866 115 115 115
3.4076586 -1.6362815 7.5933466 112 112 112
3.4361973 -1.6346251 7.5856600 109 109 109
3.4627228 -1.6320504 7.5737114 85 85 85
3.4952459 -1.6323236 7.5749798 94 94 94
3.5254762 -1.6315309 7.5713010 89 89 89
-13.2951279 -5.5241051 26.1469002 16 16 16
-12.3460903 -5.2606659 24.8999805 17 17 17
-12.2590456 -5.2683830 24.9365063 16 16 16
-12.0195303 -5.2556138 24.8760662 16 16 16
-8.5259924 -4.5163817 21.3771057 20 20 20
-8.2659922 -4.4254456 20.9466839 21 21 21
-7.7948875 -4.2643642 20.1842461 24 24 24
-6.7656517 -3.9150491 18.5308552 31 31 31
-6.2200565 -3.7285261 17.6479988 43 43 43
-5.0124741 -3.3226967 15.7271109 123 123 123
-4.7507243 -3.2347856 15.3110075 174 174 174
-4.6197872 -3.1889706 15.0941544 194 194 194
-4.1330671 -3.0193996 14.2915344 244 244 244
-3.9220803 -2.9513340 13.9693642 243 243 243
-3.7890642 -2.8947179 13.7013865 160 160 160
-3.7098014 -2.8780503 13.6224947 200 200 200
-3.6067908 -2.8421450 13.4525452 250 250 250
-3.5132143 -2.8126450 13.3129148 253 253 253
-3.3218718 -2.7472584 13.0034246 251 251 251
-3.1394925 -2.6850729 12.7090864 253 253 253
-2.9648316 -2.6253254 12.4262886 253 253 253
-2.8850036 -2.6006021 12.3092670 253 253 253
-2.7229626 -2.5461571 12.0515652 253 253 253
-2.5630038 -2.4895122 11.7834511 253 253 253
-2.2726583 -2.3930748 11.3269911 253 253 253
-2.1467268 -2.3596585 11.1688232 173 173 173
-2.1039095 -2.3644695 11.1915951 177 177 177
-2.0618198 -2.3703382 11.2193727 150 150 150
-2.0166481 -2.3728557 11.2312889 148 148 148
-1.9520518 -2.3520894 11.1329966 207 207 207
-1.8848851 -2.3271260 11.0148392 222 222 222
-1.7588558 -2.2841008 10.8111906 229 229 229
-1.6378201 -2.2432101 10.6176453 233 233 233
-1.5774509 -2.2212503 10.5137043 225 225 225
-1.5211289 -2.2038839 10.4315052 227 227 227
-1.4612623 -2.1801949 10.3193789 239 239 239
-1.4069365 -2.1635721 10.2406998 243 243 243
-1.3507800 -2.1429923 10.1432896 249 249 249
-1.0971596 -1.9930780 9.4337111 253 253 253
-0.9545303 -1.9456164 9.2090635 253 253 253
-0.8626696 -1.9141258 9.0600109 253 253 253
-0.8169578 -1.8966990 8.9775257 253 253 253
-0.7736354 -1.8833956 8.9145575 253 253 253
-0.7294528 -1.8665320 8.8347378 253 253 253
-0.6873112 -1.8533566 8.7723761 253 253 253
-0.6459485 -1.8409022 8.7134266 253 253 253
-0.6038187 -1.8246279 8.6363964 253 253 253
-0.5634049 -1.8117819 8.5755930 253 253 253
-0.5235709 -1.7991668 8.5158825 253 253 253
-0.4834815 -1.7837511 8.4429169 253 253 253
-0.4449544 -1.7721068 8.3878012 253 253 253
-0.4066913 -1.7595934 8.3285723 253 253 253
-0.3684936 -1.7450244 8.2596140 253 253 253
-0.3313990 -1.7331825 8.2035637 253 253 253
-0.2947991 -1.7214689 8.1481199 253 253 253
-0.2586752 -1.7098112 8.0929413 253 253 253
-0.2227062 -1.6957893 8.0265732 253 253 253
-0.1875851 -1.6843550 7.9724517 253 253 253
-0.1529220 -1.6729376 7.9184103 253 253 253
-0.1187557 -1.6620939 7.8670845 253 253 253
-0.0850360 -1.6515166 7.8170195 253 253 253
-0.0516223 -1.6372528 7.7495060 253 253 253
-0.0188202 -1.6266290 7.6992207 253 253 253
0.0135590 -1.6161339 7.6495447 253 253 253
0.0455128 -1.6054122 7.5987968 253 253 253
0.0770796 -1.5955408 7.5520725 253 253 253
0.1082346 -1.5854079 7.5041113 253 253 253
0.1387626 -1.5727549 7.4442215 253 253 253
0.1691180 -1.5631737 7.3988719 253 253 253
0.1990496 -1.5532709 7.3519998 253 253 253
0.2285439 -1.5430845 7.3037848 253 253 253
0.2577666 -1.5337015 7.2593732 253 253 253
0.2865746 -1.5241051 7.2139506 253 253 253
0.3150432 -1.5147185 7.1695218 253 253 253
0.3431454 -1.5053688 7.1252675 253 253 253
0.3704989 -1.4945043 7.0738435 253 253 253
0.3976946 -1.4846697 7.0272937 253 253 253
0.4247449 -1.4756943 6.9848113 253 253 253
0.4514748 -1.4668416 6.9429088 253 253 253
0.4778596 -1.4580144 6.9011278 253 253 253
0.5039256 -1.4492838 6.8598042 253 253 253
0.5297698 -1.4408978 6.8201108 253 253 253
0.5551086 -1.4320718 6.7783351 253 253 253
0.5801680 -1.4234245 6.7374058 253 253 253
0.6067016 -1.4190327 6.7166185 148 148 148
0.6364632 -1.4222460 6.7318277 122 122 122
0.6667096 -1.4262221 6.7506475 129 129 129
0.6971917 -1.4303560 6.7702141 118 118 118
0.7311555 -1.4410266 6.8207202 167 167 167
0.7616499 -1.4443107 6.8362646 173 173 173
0.7927703 -1.4484988 6.8560886 183 183 183
0.8235745 -1.4518350 6.8718791 189 189 189
0.8549026 -1.4558363 6.8908181 188 188 188
0.8862712 -1.4596413 6.9088287 185 185 185
0.9178653 -1.4635638 6.9273944 186 186 186
0.9497001 -1.4676163 6.9465761 181 181 181
0.9815686 -1.4714768 6.9648485 182 182 182
1.0137831 -1.4756163 6.9844422 176 176 176
1.0458980 -1.4793816 7.0022635 176 176 176
1.0788252 -1.4840574 7.0243955 163 163 163
1.2529503 -1.5924180 7.5372915 82 82 82
1.2880573 -1.5965363 7.5567851 88 88 88
1.3236822 -1.6010822 7.5783019 74 74 74
1.3423730 -1.5854139 7.5041399 39 39 39
1.3690680 -1.5797029 7.4771080 39 39 39
1.4164168 -1.5975437 7.5615530 27 27 27
1.4378214 -1.5859815 7.5068264 27 27 27
1.5793808 -1.6341901 7.7350092 76 76 76
1.6171979 -1.6394607 7.7599559 73 73 73
1.6538080 -1.6433228 7.7782364 85 85 85
1.6921599 -1.6487317 7.8038383 79 79 79
1.7302473 -1.6536816 7.8272672 77 77 77
1.9410455 -1.6366060 7.7464442 118 118 118
1.9644393 -1.6289172 7.7100511 136 136 136
1.9864295 -1.6203338 7.6694241 145 145 145
2.0107045 -1.6138593 7.6387787 160 160 160
2.0360322 -1.6084206 7.6130362 174 174 174
1.9080448 -1.3971624 6.6131010 45 45 45
1.9327172 -1.3948424 6.6021194 29 29 29
1.9674488 -1.3997449 6.6253242 26 26 26
2.2409077 -1.5502687 7.3377891 182 182 182
2.2665498 -1.5466514 7.3206673 188 188 188
2.2933998 -1.5439444 7.3078551 196 196 196
2.3212583 -1.5419793 7.2985535 180 180 180
2.3431857 -1.5163350 7.1771731 178 178 178
2.3600464 -1.5077709 7.1366372 206 206 206
2.3807101 -1.5018215 7.1084771 217 217 217
2.4038982 -1.4975928 7.0884614 218 218 218
2.4271226 -1.4934901 7.0690427 230 230 230
2.4523261 -1.4906900 7.0557895 214 214 214
2.4784334 -1.4885000 7.0454235 195 195 195
2.5058563 -1.4871426 7.0389981 142 142 142
2.5278566 -1.4826365 7.0176702 118 118 118
2.5693769 -1.4895511 7.0503983 120 120 120
2.6025105 -1.4915009 7.0596275 109 109 109
2.6415370 -1.4967457 7.0844526 94 94 94
2.6843762 -1.5040096 7.1188340 73 73 73
2.7527647 -1.5252693 7.2194610 81 81 81
2.7887464 -1.5283039 7.2338243 112 112 112
2.8208523 -1.5291719 7.2379336 109 109 109
2.8554068 -1.5313345 7.2481694 93 93 93
2.8929069 -1.5350144 7.2655869 84 84 84
2.9342690 -1.5406448 7.2922368 77 77 77
2.9824378 -1.5496953 7.3350749 72 72 72
3.2612877 -1.6601517 7.8578916 54 54 54
3.2868552 -1.6563376 7.8398390 42 42 42
3.2794173 -1.6361327 7.7442040 52 52 52
3.2959268 -1.6281561 7.7064486 70 70 70
3.3129430 -1.6205831 7.6706038 83 83 83
3.3341396 -1.6151816 7.6450377 97 97 97
3.3567016 -1.6105386 7.6230612 105 105 105
3.3811378 -1.6068746 7.6057186 113 113 113
3.4062340 -1.6035901 7.5901723 108 108 108
3.4348686 -1.6020170 7.5827265 112 112 112
3.4561436 -1.5970722 7.5593214 88 88 88
3.4928880 -1.5993006 7.5698690 101 101 101
3.5248442 -1.5993164 7.5699434 93 93 93
-13.5546646 -5.3855386 26.0101891 15 15 15
-13.2876987 -5.4108200 26.1322899 17 17 17
-8.2741899 -4.3414159 20.9674568 23 23 23
-7.8074765 -4.1859980 20.2168446 25 25 25
-7.1547537 -3.9659572 19.1541290 28 28 28
-6.7677646 -3.8381038 18.5366440 33 33 33
-5.0181656 -3.2600737 15.7449684 120 120 120
-4.8811440 -3.2135761 15.5204020 144 144 144
-4.6233039 -3.1276982 15.1056433 201 201 201
-4.1347551 -2.9603415 14.2973700 244 244 244
-3.9269209 -2.8959959 13.9866047 244 244 244
-3.7121637 -2.8224010 13.6311684 192 192 192
-3.6111133 -2.7887542 13.4686670 250 250 250
-3.5154123 -2.7582295 13.3212442 250 250 250
-3.4155474 -2.7233932 13.1529970 253 253 253
-3.3245537 -2.6945972 13.0139227 253 253 253
-3.2297175 -2.6616678 12.8548861 253 253 253
-3.1427400 -2.6342013 12.7222328 253 253 253
-3.0514116 -2.6020703 12.5670519 253 253 253
-2.8815668 -2.5456586 12.2946033 253 253 253
-2.7192454 -2.4919298 12.0351124 253 253 253
-2.5630019 -2.4398201 11.7834415 253 253 253
-2.4907107 -2.4178798 11.6774788 253 253 253
-2.1475086 -2.3134022 11.1728907 177 177 177
-2.1047025 -2.3181486 11.1958132 176 176 176
-2.0624888 -2.3237803 11.2230129 149 149 149
-2.0180624 -2.3271251 11.2391663 144 144 144
-1.8865216 -2.2826571 11.0244026 227 227 227
-1.7588860 -2.2385490 10.8113766 226 226 226
-1.6976054 -2.2180493 10.7123699 225 225 225
-1.6391879 -2.2002721 10.6265125 228 228 228
-1.5787410 -2.1786947 10.5223026 223 223 223
-1.4625186 -2.1385155 10.3282499 232 232 232
-1.0982443 -1.9552276 9.4430370 253 253 253
-1.0487193 -1.9373010 9.3564587 253 253 253
-0.9535048 -1.9047338 9.1991701 253 253 253
-0.8632255 -1.8771291 9.0658503 253 253 253
-0.8174990 -1.8600726 8.9834728 253 253 253
-0.7741309 -1.8469852 8.9202662 253 253 253
-0.6877264 -1.8174613 8.7776756 253 253 253
-0.6042399 -1.7894559 8.6424198 253 253 253
-0.5638227 -1.7769361 8.5819540 253 253 253
-0.5234804 -1.7629510 8.5144110 253 253 253
-0.4839480 -1.7498347 8.4510641 253 253 253
-0.4452770 -1.7379949 8.3938828 253 253 253
-0.4063987 -1.7232318 8.3225813 253 253 253
-0.3688194 -1.7117059 8.2669163 253 253 253
-0.3315930 -1.6995828 8.2083654 253 253 253
-0.2949207 -1.6878049 8.1514835 253 253 253
-0.2583406 -1.6735162 8.0824728 253 253 253
-0.2227983 -1.6626290 8.0298929 253 253 253
-0.1876712 -1.6514933 7.9761109 253 253 253
-0.1529195 -1.6395189 7.9182787 253 253 253
-0.1188159 -1.6297433 7.8710666 253 253 253
-0.0849121 -1.6161935 7.8056259 253 253 253
-0.0516486 -1.6053897 7.7534471 253 253 253
-0.0188271 -1.5947539 7.7020802 253 253 253
0.0135658 -1.5846697 7.6533775 253 253 253
0.0455423 -1.5743904 7.6037321 253 253 253
0.0771248 -1.5646107 7.5564995 253 253 253
0.1081213 -1.5521380 7.4962606 253 253 253
0.1388431 -1.5422571 7.4485397 253 253 253
0.1691666 -1.5324140 7.4010010 253 253 253
0.1991619 -1.5231268 7.3561478 253 253 253
0.2286578 -1.5130384 7.3074241 253 253 253
0.2579227 -1.5039996 7.2637701 253 253 253
0.2865447 -1.4935282 7.2131972 253 253 253
0.3146794 -1.4827710 7.1612439 253 253 253
0.3427974 -1.4738256 7.1180406 253 253 253
0.3704888 -1.4646344 7.0736508 253 253 253
0.3979225 -1.4558699 7.0313210 253 253 253
0.4249600 -1.4469720 6.9883475 253 253 253
0.4517255 -1.4383622 6.9467659 253 253 253
0.4781844 -1.4298840 6.9058189 253 253 253
0.5043872 -1.4216574 6.8660879 253 253 253
0.5297922 -1.4121976 6.8203998 253 253 253
0.5556725 -1.4049135 6.7852211 253 253 253
0.5807800 -1.3964849 6.7445135 253 253 253
0.6071799 -1.3918056 6.7219143 152 152 152
0.6373857 -1.3958786 6.7415848 129 129 129
0.6673579 -1.3991141 6.7572112 143 143 143
0.6976748 -1.4027777 6.7749052 134 134 134
0.7313855 -1.4127083 6.8228664 166 166 166
0.7619268 -1.4159970 6.8387499 178 178 178
0.7931305 -1.4202319 6.8592029 186 186 186
0.8245166 -1.4244841 6.8797398 185 185 185
0.8554670 -1.4277200 6.8953671 190 190 190
0.8870788 -1.4318109 6.9151244 193 193 193
0.9184355 -1.4352423 6.9316978 185 185 185
0.9503120 -1.4392496 6.9510517 191 191 191
0.9818969 -1.4425887 6.9671779 180 180 180
1.0141438 -1.4466779 6.9869275 175 175 175
1.0465920 -1.4508154 7.0069098 175 175 175
1.0792859 -1.4550568 7.0273943 165 165 165
1.2532901 -1.5610567 7.5393357 83 83 83
1.2890978 -1.5659336 7.5628891 91 91 91
1.3250159 -1.5707060 7.5859375 73 73 73
1.3434685 -1.5550373 7.5102634 37 37 37
1.3698233 -1.5490264 7.4812331 40 40 40
1.4169176 -1.5662106 7.5642266 25 25 25
1.4372849 -1.5537457 7.5040259 27 27 27
1.5798273 -1.6020248 7.7371960 83 83 83
1.6180198 -1.6075540 7.7638998 80 80 80
1.6554697 -1.6121407 7.7860518 85 85 85
1.6924891 -1.6161379 7.8053570 89 89 89
1.7305325 -1.6209416 7.8285575 92 92 92
1.7699348 -1.6268146 7.8569221 90 90 90
1.9436589 -1.6060992 7.7568741 118 118 118
1.9634130 -1.5955702 7.7060232 135 135 135
1.9868706 -1.5883448 7.6711273 142 142 142
2.0116284 -1.5823739 7.6422892 158 158 158
2.0390804 -1.5786767 7.6244330 189 189 189
1.9066305 -1.3682604 6.6081991 43 43 43
1.9340600 -1.3679513 6.6067066 28 28 28
1.9683266 -1.3724182 6.6282797 28 28 28
2.2414885 -1.5197194 7.3396907 200 200 200
2.2673697 -1.5163288 7.3233161 193 193 193
2.2932286 -1.5130147 7.3073096 200 200 200
2.3212678 -1.5112078 7.2985835 186 186 186
2.3452203 -1.4873596 7.1834054 182 182 182
2.3620958 -1.4789592 7.1428342 204 204 204
2.3811729 -1.4721315 7.1098590 218 218 218
2.4031203 -1.4672260 7.0861673 229 229 229
2.4265249 -1.4633198 7.0673013 224 224 224
2.4527588 -1.4611939 7.0570340 193 193 193
2.4813476 -1.4605051 7.0537076 200 200 200
2.5053222 -1.4571489 7.0374985 155 155 155
2.5296335 -1.4540646 7.0226026 87 87 87
2.5693631 -1.4598119 7.0503602 116 116 116
2.6027813 -1.4618829 7.0603623 105 105 105
2.6423502 -1.4673226 7.0866337 88 88 88
2.6895335 -1.4768217 7.1325111 76 76 76
2.7552454 -1.4961722 7.2259665 86 86 86
2.7892628 -1.4980766 7.2351642 120 120 120
2.8206871 -1.4985621 7.2375093 108 108 108
2.8543615 -1.5002201 7.2455163 95 95 95
2.8923631 -1.5040929 7.2642207 89 89 89
2.9313257 -1.5083792 7.2849221 81 81 81
2.9827938 -1.5189447 7.3359499 72 72 72
3.2639549 -1.6283461 7.8643184 41 41 41
3.2827892 -1.6051246 7.7521667 47 47 47
3.2936080 -1.5945357 7.7010264 68 68 68
3.3117793 -1.5876786 7.6679091 84 84 84
3.3349628 -1.5833337 7.6469250 96 96 96
3.3574708 -1.5787543 7.6248083 106 106 106
3.3793671 -1.5739770 7.6017356 116 116 116
3.4050915 -1.5710557 7.5876265 117 117 117
3.4332826 -1.5693163 7.5792255 118 118 118
3.4546816 -1.5645329 7.5561237 92 92 92
3.4917006 -1.5668461 7.5672960 99 99 99
3.5237966 -1.5669284 7.5676937 94 94 94
-13.4757328 -5.2879219 26.0696812 16 16 16
-13.3916101 -5.2981343 26.1200275 17 17 17
-12.5205135 -5.3974442 26.6096306 15 15 15
-7.3720493 -3.9584932 19.5155392 26 26 26
-7.1611271 -3.8886464 19.1711922 26 26 26
-6.2307615 -3.5858457 17.6783714 47 47 47
-5.5964818 -3.3827045 16.6768780 66 66 66
-4.8842893 -3.1501558 15.5304022 161 161 161
-4.6289582 -3.0677459 15.1241188 192 192 192
-4.1362658 -2.9011099 14.3025951 244 244 244
-3.9299026 -2.8391690 13.9972248 246 246 246
-3.7158518 -2.7676659 13.6447105 203 203 203
-3.6124272 -2.7329519 13.4735689 253 253 253
-3.5184872 -2.7044182 13.3328962 253 253 253
-3.4189444 -2.6705813 13.1660795 253 253 253
-3.3274672 -2.6420317 13.0253286 253 253 253
-3.2323830 -2.6096113 12.8654947 253 253 253
-3.0543408 -2.5515227 12.5791159 253 253 253
-2.8844199 -2.4962819 12.3067760 253 253 253
-2.7209656 -2.4427226 12.0427265 253 253 253
-2.6459253 -2.4205322 11.9333267 253 253 253
-2.5650451 -2.3920352 11.7928352 253 253 253
-2.4922907 -2.3701391 11.6848869 253 253 253
-2.3439121 -2.3208010 11.4416475 253 253 253
-2.1482894 -2.2671108 11.1769533 174 174 174
-2.1064074 -2.2727761 11.2048836 176 176 176
-2.0631840 -2.2772210 11.2267962 155 155 155
-2.0193985 -2.2812393 11.2466068 137 137 137
-1.9512423 -2.2572587 11.1283808 204 204 204
-1.8880956 -2.2380335 11.0336008 227 227 227
-1.8224571 -2.2148089 10.9191027 225 225 225
-1.7604243 -2.1948760 10.8208313 225 225 225
-1.2490553 -1.9647171 9.6861391 208 208 208
-1.1475083 -1.9313000 9.5213909 252 252 252
-1.0992286 -1.9171236 9.4515009 253 253 253
-1.0494326 -1.8991362 9.3628225 253 253 253
-1.0023923 -1.8849243 9.2927570 253 253 253
-0.9543553 -1.8676058 9.2073755 253 253 253
-0.9087922 -1.8538647 9.1396313 253 253 253
-0.8623884 -1.8371156 9.0570583 253 253 253
-0.8183780 -1.8241490 8.9931326 253 253 253
-0.7736002 -1.8081287 8.9141512 253 253 253
-0.6878566 -1.7807833 8.7793369 253 253 253
-0.6455892 -1.7664311 8.7085810 253 253 253
-0.6042672 -1.7530904 8.6428099 253 253 253
-0.5634933 -1.7397294 8.5769396 253 253 253
-0.5234103 -1.7268146 8.5132694 253 253 253
-0.4842477 -1.7152582 8.4562960 253 253 253
-0.4451482 -1.7021061 8.3914557 253 253 253
-0.4066687 -1.6892574 8.3281107 253 253 253
-0.3691055 -1.6781455 8.2733288 253 253 253
-0.3318404 -1.6662107 8.2144899 253 253 253
-0.2951333 -1.6546222 8.1573582 253 253 253
-0.2585073 -1.6404909 8.0876894 253 253 253
-0.2229365 -1.6297774 8.0348721 253 253 253
-0.1877827 -1.6188197 7.9808502 253 253 253
-0.1530297 -1.6072854 7.9239855 253 253 253
-0.1186768 -1.5946828 7.8618541 253 253 253
-0.0849712 -1.5843796 7.8110585 253 253 253
-0.0516785 -1.5736047 7.7579379 253 253 253
-0.0188408 -1.5634092 7.7076740 253 253 253
0.0135756 -1.5535135 7.6588879 253 253 253
0.0455823 -1.5436807 7.6104116 253 253 253
0.0770529 -1.5313159 7.5494528 253 253 253
0.1081968 -1.5215875 7.5014911 253 253 253
0.1389286 -1.5117769 7.4531245 253 253 253
0.1692736 -1.5021533 7.4056792 253 253 253
0.1991424 -1.4919602 7.3554273 253 253 253
0.2288232 -1.4832959 7.3127122 253 253 253
0.2581042 -1.4744052 7.2688799 253 253 253
0.2866067 -1.4634274 7.2147593 253 253 253
0.3149890 -1.4540018 7.1682906 253 253 253
0.3432541 -1.4457331 7.1275258 253 253 253
0.3709330 -1.4365256 7.0821319 253 253 253
0.3982241 -1.4273003 7.0366516 253 253 253
0.4253233 -1.4187144 6.9943223 253 253 253
0.4519949 -1.4099084 6.9509087 253 253 253
0.4784698 -1.4015988 6.9099417 253 253 253
0.5045957 -1.3932792 6.8689260 253 253 253
0.5304335 -1.3851109 6.8286552 253 253 253
0.5802301 -1.3667482 6.7381268 253 253 253
0.6073778 -1.3639040 6.7241049 156 156 156
0.6376040 -1.3679179 6.7438936 131 131 131
0.6679063 -1.3717457 6.7627649 141 141 141
0.6979223 -1.3746958 6.7773085 132 132 132
0.7316967 -1.3845254 6.8257694 169 169 169
0.7626175 -1.3884159 6.8449492 182 182 182
0.7933959 -1.3917726 6.8614984 184 184 184
0.8248187 -1.3959839 6.8822603 189 189 189
0.8558040 -1.3991936 6.8980846 190 190 190
0.8874183 -1.4031869 6.9177713 190 190 190
0.9191887 -1.4071648 6.9373822 192 192 192
0.9506299 -1.4104091 6.9533768 185 185 185
0.9827583 -1.4144481 6.9732895 189 189 189
1.0150908 -1.4185377 6.9934516 180 180 180
1.0469942 -1.4218138 7.0096030 170 170 170
1.0797552 -1.4260426 7.0304503 161 161 161
1.2545685 -1.5308237 7.5470262 87 87 87
1.2895294 -1.5345551 7.5654221 84 84 84
1.3255328 -1.5393167 7.5888968 74 74 74
1.3703487 -1.5180604 7.4841022 37 37 37
1.4365234 -1.5212952 7.5000496 31 31 31
1.5813297 -1.5708899 7.7445540 84 84 84
1.6185793 -1.5753585 7.7665844 83 83 83
1.6561050 -1.5799133 7.7890396 82 82 82
1.6934651 -1.5841360 7.8098578 87 87 87
1.7317947 -1.5890872 7.8342676 88 88 88
1.7704726 -1.5941666 7.8593092 91 91 91
1.9663078 -1.5653789 7.7173843 136 136 136
1.9885670 -1.5573246 7.6776767 146 146 146
2.0130365 -1.5512317 7.6476383 150 150 150
2.0387080 -1.5462425 7.6230412 154 154 154
1.9075986 -1.3410745 6.6115541 47 47 47
1.9691187 -1.3450081 6.6309471 25 25 25
2.2431529 -1.4898736 7.3451409 139 139 139
2.2674208 -1.4854801 7.3234801 183 183 183
2.2938113 -1.4825767 7.3091664 204 204 204
2.3342481 -1.4692279 7.2433562 164 164 164
2.3443460 -1.4565244 7.1807275 185 185 185
2.3634245 -1.4496533 7.1468520 202 202 202
2.3825214 -1.4429663 7.1138854 219 219 219
2.4027841 -1.4371430 7.0851760 226 226 226
2.4266326 -1.4335811 7.0676160 212 212 212
2.4510090 -1.4304137 7.0520005 194 194 194
2.4793537 -1.4296101 7.0480390 189 189 189
2.5074129 -1.4286633 7.0433707 183 183 183
2.5283751 -1.4237421 7.0191092 104 104 104
2.5690796 -1.4299232 7.0495825 106 106 106
2.6067050 -1.4342687 7.0710058 91 91 91
2.6450243 -1.4388934 7.0938058 87 87 87
2.6914380 -1.4477687 7.1375613 77 77 77
2.7884595 -1.4671437 7.2330804 119 119 119
2.8209980 -1.4682038 7.2383070 109 109 109
2.8540163 -1.4694883 7.2446399 101 101 101
2.8918421 -1.4731946 7.2629123 94 94 94
2.9305685 -1.4772774 7.2830405 80 80 80
2.9825664 -1.4878960 7.3353906 75 75 75
3.2661459 -1.5962535 7.8695974 58 58 58
3.2870250 -1.5902994 7.8402433 41 41 41
3.2845693 -1.5732868 7.7563705 51 51 51
3.2944193 -1.5624456 7.7029233 69 69 69
3.3116024 -1.5552603 7.6674995 87 87 87
3.3320169 -1.5497168 7.6401701 95 95 95
3.3555334 -1.5457084 7.6204085 104 104 104
3.3790624 -1.5417819 7.6010504 119 119 119
3.4060824 -1.5395068 7.5898342 118 118 118
3.4322307 -1.5368840 7.5769033 113 113 113
3.4555943 -1.5330739 7.5581198 87 87 87
3.4908578 -1.5345649 7.5654697 97 97 97
3.5228047 -1.5345838 7.5655632 95 95 95
-13.4799852 -5.1796217 26.0779076 17 17 17
-13.3965168 -5.1898880 26.1295967 18 18 18
-13.3090267 -5.1987538 26.1742325 16 16 16
-13.2277956 -5.2102332 26.2320290 15 15 15
-6.9241171 -3.4850576 17.5462646 38 38 38
-6.3785763 -3.5520971 17.8837891 37 37 37
-6.2399993 -3.5165029 17.7045822 46 46 46
-6.0666223 -3.4601974 17.4211006 51 51 51
-5.3012409 -3.2185237 16.2043419 83 83 83
-5.1590109 -3.1730728 15.9755096 93 93 93
-4.8894572 -3.0879285 15.5468340 154 154 154
-4.1376114 -2.8417206 14.3072472 247 247 247
-3.7193818 -2.7127016 13.6576729 199 199 199
-3.6157305 -2.6785815 13.4858885 253 253 253
-3.4232218 -2.6183324 13.1825514 250 250 250
-3.2352827 -2.5576506 12.8770361 253 253 253
-3.0556655 -2.4995608 12.5845718 253 253 253
-2.8865256 -2.4461696 12.3157616 253 253 253
-2.8071311 -2.4224725 12.1964531 253 253 253
-2.6484196 -2.3724444 11.9445763 253 253 253
-2.4940479 -2.3225009 11.6931248 253 253 253
-2.3464468 -2.2750096 11.4540195 253 253 253
-2.1490815 -2.2207966 11.1810732 161 161 161
-2.1073060 -2.2264752 11.2096634 169 169 169
-2.0641446 -2.2309163 11.2320223 145 145 145
-1.5179737 -2.0095065 10.1172876 225 225 225
-1.4082688 -1.9753144 9.9451408 253 253 253
-1.3558366 -1.9601432 9.8687582 253 253 253
-1.3013661 -1.9409709 9.7722311 253 253 253
-1.2503068 -1.9257988 9.6958437 253 253 253
-1.1980634 -1.9077153 9.6047993 253 253 253
-1.1487768 -1.8932395 9.5319176 253 253 253
-1.0999061 -1.8784242 9.4573259 253 253 253
-1.0500031 -1.8606646 9.3679123 253 253 253
-1.0029070 -1.8466851 9.2975292 253 253 253
-0.9092046 -1.8161471 9.1437788 253 253 253
-0.8630843 -1.8003740 9.0643663 253 253 253
-0.8181301 -1.7856845 8.9904089 253 253 253
-0.7739161 -1.7712612 8.9177914 253 253 253
-0.7312657 -1.7591262 8.8566952 253 253 253
-0.6876304 -1.7431878 8.7764502 253 253 253
-0.6459321 -1.7306263 8.7132072 253 253 253
-0.6046761 -1.7178060 8.6486597 253 253 253
-0.5635048 -1.7035955 8.5771141 253 253 253
-0.5236567 -1.6917109 8.5172787 253 253 253
-0.4842475 -1.6795979 8.4562931 253 253 253
-0.4450329 -1.6662879 8.3892813 253 253 253
-0.4069110 -1.6551236 8.3330727 253 253 253
-0.3690770 -1.6431303 8.2726898 253 253 253
-0.3314693 -1.6297463 8.2053051 253 253 253
-0.2947961 -1.6183721 8.1480389 253 253 253
-0.2586636 -1.6073567 8.0925789 253 253 253
-0.2230544 -1.5967393 8.0391245 253 253 253
-0.1878805 -1.5859900 7.9850039 253 253 253
-0.1529286 -1.5728303 7.9187489 253 253 253
-0.1187464 -1.5624455 7.8664646 253 253 253
-0.0849921 -1.5518225 7.8129807 253 253 253
-0.0517094 -1.5418096 7.7625680 253 253 253
-0.0188507 -1.5317129 7.7117343 253 253 253
0.0135824 -1.5219778 7.6627212 253 253 253
0.0455483 -1.5104576 7.6047206 253 253 253
0.0771038 -1.5004719 7.5544453 253 253 253
0.1082754 -1.4910371 7.5069442 253 253 253
0.1390623 -1.4817717 7.4602947 253 253 253
0.1694269 -1.4722564 7.4123883 253 253 253
0.1993442 -1.4624231 7.3628802 253 253 253
0.2286696 -1.4514831 7.3078008 253 253 253
0.2578448 -1.4423019 7.2615762 253 253 253
0.2867086 -1.4335124 7.2173238 253 253 253
0.3151054 -1.4242995 7.1709390 253 253 253
0.3432944 -1.4158425 7.1283603 253 253 253
0.3710345 -1.4070452 7.0840688 253 253 253
0.3984271 -1.3983394 7.0402369 253 253 253
0.4254779 -1.3897247 6.9968648 253 253 253
0.4522598 -1.3814059 6.9549823 253 253 253
0.4782398 -1.3718001 6.9066195 253 253 253
0.5040989 -1.3629701 6.8621631 253 253 253
0.5298655 -1.3548625 6.8213434 253 253 253
0.5553576 -1.3469241 6.7813759 253 253 253
0.5805252 -1.3390144 6.7415533 253 253 253
0.6077722 -1.3364160 6.7284708 150 150 150
0.6378099 -1.3399118 6.7460713 132 132 132
0.6680256 -1.3434671 6.7639713 127 127 127
0.6981179 -1.3464935 6.7792077 127 127 127
0.7629732 -1.3601853 6.8481421 182 182 182
0.7937251 -1.3634036 6.8643451 191 191 191
0.8250509 -1.3673466 6.8841977 192 192 192
0.8565679 -1.3713278 6.9042416 190 190 190
0.8877962 -1.3746001 6.9207168 188 188 188
0.9195514 -1.3784541 6.9401202 187 187 187
0.9515195 -1.3823794 6.9598837 186 186 186
0.9831070 -1.3855337 6.9757643 186 186 186
1.0154403 -1.3895251 6.9958596 180 180 180
1.0480227 -1.3936224 7.0164886 174 174 174
1.0800508 -1.3967779 7.0323758 154 154 154
1.2551712 -1.4997184 7.5506520 83 83 83
1.2905788 -1.5038749 7.5715785 82 82 82
1.3259628 -1.5078037 7.5913582 72 72 72
1.3708349 -1.4870278 7.4867578 33 33 33
1.4180772 -1.5036443 7.5704174 25 25 25
1.4371119 -1.4902781 7.5031223 31 31 31
1.5819204 -1.5388062 7.7474470 83 83 83
1.6198999 -1.5438658 7.7729211 86 86 86
1.6566341 -1.5475616 7.7915282 80 80 80
1.6949354 -1.5525490 7.8166385 83 83 83
1.7322258 -1.5564378 7.8362174 87 87 87
1.7711557 -1.5616267 7.8623419 92 92 92
1.8101850 -1.5667107 7.8879385 90 90 90
2.0174813 -1.5223359 7.6645241 157 157 157
2.0428817 -1.5171962 7.6386471 164 164 164
1.9088817 -1.3140771 6.6160011 43 43 43
1.9377924 -1.3147634 6.6194563 27 27 27
1.9695227 -1.3173161 6.6323080 27 27 27
2.2439086 -1.4593912 7.3476157 133 133 133
2.2692552 -1.4557742 7.3294048 156 156 156
2.2959919 -1.4531345 7.3161149 199 199 199
2.3220148 -1.4501189 7.3009324 183 183 183
2.3385408 -1.4413289 7.2566772 164 164 164
2.3466458 -1.4276429 7.1877723 180 180 180
2.3628972 -1.4191986 7.1452575 192 192 192
2.3817916 -1.4125346 7.1117063 198 198 198
2.4037752 -1.4078456 7.0880980 200 200 200
2.4270182 -1.4040004 7.0687385 197 197 197
2.4550464 -1.4029830 7.0636163 202 202 202
2.4812446 -1.4009567 7.0534148 212 212 212
2.5027912 -1.3963833 7.0303888 168 168 168
2.5332115 -1.3968097 7.0325360 83 83 83
2.5739419 -1.4028456 7.0629249 89 89 89
2.6113358 -1.4069456 7.0835671 85 85 85
2.6532667 -1.4133698 7.1159110 86 86 86
2.6955185 -1.4198192 7.1483827 78 78 78
2.7883484 -1.4365848 7.2327924 117 117 117
2.8213899 -1.4378799 7.2393126 109 109 109
2.8555217 -1.4396970 7.2484612 100 100 100
2.8914912 -1.4423922 7.2620311 94 94 94
2.9330544 -1.4477923 7.2892184 80 80 80
2.9847312 -1.4580206 7.3407149 73 73 73
3.2610219 -1.5606155 7.8572512 47 47 47
3.2728205 -1.5505080 7.8063631 38 38 38
3.2774467 -1.5372378 7.7395506 53 53 53
3.2976029 -1.5314413 7.7103677 74 74 74
3.3128195 -1.5234866 7.6703176 86 86 86
3.3331087 -1.5179960 7.6426735 99 99 99
3.3569005 -1.5141903 7.6235132 109 109 109
3.3811831 -1.5106761 7.6058207 118 118 118
3.4064362 -1.5076575 7.5906229 123 123 123
3.4321916 -1.5049154 7.5768170 116 116 116
3.4554844 -1.5011541 7.5578794 94 94 94
3.4893930 -1.5020311 7.5622950 96 96 96
3.5204313 -1.5016677 7.5604663 91 91 91
-13.4850988 -5.0715756 26.0877991 17 17 17
-13.4006004 -5.0812492 26.1375618 16 16 16
-13.3143530 -5.0904150 26.1847076 18 18 18
-13.2326002 -5.1014667 26.2415581 16 16 16
-13.1468544 -5.1111526 26.2913818 16 16 16
-12.8883591 -5.1407137 26.4434395 19 19 19
-12.8020201 -5.1508412 26.4955368 17 17 17
-12.7146454 -5.1607265 26.5463867 18 18 18
-12.6266670 -5.1705408 26.5968685 17 17 17
-12.5446939 -5.1830120 26.6610203 15 15 15
-12.4546728 -5.1923532 26.7090721 18 18 18
-12.3641129 -5.2016387 26.7568359 18 18 18
-12.1718941 -5.2159710 26.8305588 17 17 17
-12.0718222 -5.2216249 26.8596420 16 16 16
-6.9261947 -3.4120893 17.5515289 39 39 39
-6.8702679 -3.4210961 17.5978584 42 42 42
-6.8117952 -3.4290175 17.6386070 44 44 44
-6.7505088 -3.4356823 17.6728897 41 41 41
-6.3804293 -3.4776921 17.8889847 37 37 37
-6.2462339 -3.4452822 17.7222710 44 44 44
-6.0716848 -3.3895597 17.4356384 48 48 48
-5.1640635 -3.1087463 15.9911556 95 95 95
-4.8922019 -3.0240650 15.5555620 158 158 158
-4.1393294 -2.7825427 14.3131886 244 244 244
-3.7191563 -2.6549470 13.6568460 195 195 195
-3.6202974 -2.6250236 13.5029230 250 250 250
-3.5185013 -2.5919800 13.3329487 253 253 253
-3.4252214 -2.5642390 13.1902514 253 253 253
-3.2382956 -2.5056801 12.8890285 253 253 253
-3.1449256 -2.4749744 12.7310801 253 253 253
-3.0584192 -2.4486971 12.5959120 253 253 253
-2.8876410 -2.3951597 12.3205194 253 253 253
-2.8095343 -2.3730707 12.2068958 253 253 253
-2.6505795 -2.3239684 11.9543171 253 253 253
-2.4964581 -2.2753882 11.7044249 253 253 253
-2.3486512 -2.2288005 11.4647808 253 253 253
-2.2065179 -2.1838274 11.2334423 253 253 253
-1.8765709 -2.0806124 10.7025127 167 167 167
-1.8159862 -2.0630572 10.6122103 253 253 253
-1.7537929 -2.0427413 10.5077066 253 253 253
-1.6955972 -2.0261490 10.4223576 253 253 253
-1.6348954 -2.0055997 10.3166533 253 253 253
-1.5782084 -1.9889865 10.2311954 253 253 253
-1.5196362 -1.9689965 10.1283684 253 253 253
-1.4642051 -1.9520383 10.0411367 253 253 253
-1.4090087 -1.9343922 9.9503670 253 253 253
-1.3564551 -1.9194021 9.8732586 253 253 253
-1.3020838 -1.9008096 9.7776213 253 253 253
-1.2500097 -1.8844639 9.6935396 253 253 253
-1.1986547 -1.8681339 9.6095390 253 253 253
-1.0986083 -1.8363736 9.4461660 253 253 253
-1.0018114 -1.8055034 9.2873726 253 253 253
-0.9555585 -1.7922083 9.2189837 253 253 253
-0.9082642 -1.7757497 9.1343212 253 253 253
-0.7745297 -1.7350298 8.9248619 253 253 253
-0.7314996 -1.7223287 8.8595276 253 253 253
-0.6464396 -1.6952138 8.7200518 253 253 253
-0.6051859 -1.6827524 8.6559505 253 253 253
-0.5639452 -1.6687295 8.5838184 253 253 253
-0.5240065 -1.6569000 8.5229683 253 253 253
-0.4846576 -1.6453304 8.4634552 253 253 253
-0.4452499 -1.6317058 8.3933706 253 253 253
-0.4069200 -1.6200194 8.3332567 253 253 253
-0.3692535 -1.6090138 8.2766447 253 253 253
-0.3316545 -1.5960361 8.2098885 253 253 253
-0.2950133 -1.5851792 8.1540413 253 253 253
-0.2588643 -1.5744512 8.0988579 253 253 253
-0.2232433 -1.5641618 8.0459299 253 253 253
-0.1877172 -1.5509689 7.9780664 253 253 253
-0.1530439 -1.5405983 7.9247203 253 253 253
-0.1188278 -1.5303210 7.8718553 253 253 253
-0.0850389 -1.5197123 7.8172846 253 253 253
-0.0517469 -1.5101696 7.7681980 253 253 253
-0.0188675 -1.5005288 7.7186060 253 253 253
0.0135711 -1.4884343 7.6563931 253 253 253
0.0455608 -1.4787958 7.6068134 253 253 253
0.0771473 -1.4694426 7.5587015 253 253 253
0.1082672 -1.4592706 7.5063772 253 253 253
0.1391231 -1.4509467 7.4635596 253 253 253
0.1692614 -1.4395912 7.4051480 253 253 253
0.1992027 -1.4303581 7.3576536 253 253 253
0.2287685 -1.4212810 7.3109617 253 253 253
0.2579991 -1.4125249 7.2659211 253 253 253
0.2868662 -1.4038486 7.2212911 253 253 253
0.3153447 -1.3951185 7.1763835 253 253 253
0.3435208 -1.3866966 7.1330619 253 253 253
0.3712542 -1.3779875 7.0882635 253 253 253
0.3985623 -1.3691155 7.0426264 253 253 253
0.4251381 -1.3591330 6.9912772 253 253 253
0.4518595 -1.3508803 6.9488258 253 253 253
0.4782838 -1.3427986 6.9072542 253 253 253
0.5043133 -1.3346003 6.8650827 253 253 253
0.5301168 -1.3267262 6.8245788 253 253 253
0.5556501 -1.3190216 6.7849469 253 253 253
0.5808198 -1.3112509 6.7449751 253 253 253
0.6079987 -1.3085297 6.7309775 136 136 136
0.6379818 -1.3118174 6.7478895 120 120 120
0.6683032 -1.3154904 6.7667828 138 138 138
0.6986418 -1.3188950 6.7842960 130 130 130
0.7631222 -1.3315669 6.8494797 182 182 182
0.7942663 -1.3353668 6.8690262 191 191 191
0.8253263 -1.3387630 6.8864951 186 186 186
0.8568709 -1.3426877 6.9066834 195 195 195
0.8881011 -1.3458778 6.9230933 188 188 188
0.9198766 -1.3496649 6.9425745 191 191 191
0.9518634 -1.3535190 6.9623990 186 186 186
0.9839976 -1.3573458 6.9820838 187 187 187
1.0158312 -1.3605475 6.9985533 182 182 182
1.0484458 -1.3645849 7.0193210 178 178 178
1.0812157 -1.3685971 7.0399604 150 150 150
1.2556139 -1.4683955 7.5533152 83 83 83
1.2914665 -1.4729583 7.5767860 79 79 79
1.3274918 -1.4774930 7.6001120 67 67 67
1.3438287 -1.4604175 7.5122771 35 35 35
1.3715254 -1.4561895 7.4905286 34 34 34
1.4187249 -1.4723924 7.5738750 24 24 24
1.4380434 -1.4595833 7.5079856 32 32 32
1.5825648 -1.5067490 7.7506027 75 75 75
1.6203474 -1.5115052 7.7750688 87 87 87
1.6574132 -1.5154175 7.7951927 87 87 87
1.6956605 -1.5202366 7.8199821 82 82 82
1.7339697 -1.5249265 7.8441067 85 85 85
1.7717521 -1.5289862 7.8649888 90 90 90
1.8108246 -1.5339895 7.8907261 90 90 90
1.8493888 -1.5383894 7.9133587 89 89 89
2.0453076 -1.4867480 7.6477189 172 172 172
1.9077394 -1.2854083 6.6120424 44 44 44
1.9395604 -1.2880236 6.6254959 27 27 27
1.9720106 -1.2909766 6.6406860 31 31 31
2.2463963 -1.4299903 7.3557615 189 189 189
2.2723205 -1.4267912 7.3393059 199 199 199
2.2982848 -1.4237031 7.3234210 202 202 202
2.3226273 -1.4197055 7.3028579 170 170 170
2.3332579 -1.4075409 7.2402835 167 167 167
2.3499379 -1.3992927 7.1978555 181 181 181
2.3671069 -1.3915423 7.1579881 177 177 177
2.3863616 -1.3851976 7.1253514 165 165 165
2.4098778 -1.3814538 7.1060929 154 154 154
2.4321995 -1.3771255 7.0838294 149 149 149
2.4566371 -1.3740858 7.0681930 142 142 142
2.6633556 -1.3886225 7.1429691 77 77 77
2.7053359 -1.3947363 7.1744180 77 77 77
2.7532473 -1.4037389 7.2207265 92 92 92
2.7861965 -1.4049994 7.2272105 108 108 108
2.8184109 -1.4058661 7.2316685 102 102 102
2.8555152 -1.4091275 7.2484450 93 93 93
2.8949914 -1.4134777 7.2708216 85 85 85
2.9352276 -1.4181039 7.2946191 82 82 82
2.9831481 -1.4263083 7.3368216 61 61 61
3.2562919 -1.5252663 7.8458543 39 39 39
3.2680159 -1.5153611 7.7949028 42 42 42
3.2784543 -1.5050631 7.7419300 56 56 56
3.2979491 -1.4990845 7.7111769 73 73 73
3.3154261 -1.4923146 7.6763530 87 87 87
3.3351767 -1.4866890 7.6474156 94 94 94
3.3568337 -1.4820127 7.6233616 104 104 104
3.3798885 -1.4780366 7.6029086 116 116 116
3.4046674 -1.4748820 7.5866814 121 121 121
3.4306059 -1.4722838 7.5733166 113 113 113
3.4525461 -1.4680336 7.5514531 88 88 88
3.4870722 -1.4691635 7.5572658 88 88 88
3.5189075 -1.4691496 7.5571942 89 89 89
-12.6313066 -5.0602422 26.6066437 16 16 16
-12.5486851 -5.0721970 26.6695023 17 17 17
-12.4591551 -5.0815511 26.7186852 17 17 17
-12.3687572 -5.0907183 26.7668877 19 19 19
-12.2813177 -5.1012831 26.8224373 17 17 17
-12.1768360 -5.1048999 26.8414536 17 17 17
-12.0760803 -5.1101613 26.8691177 17 17 17
-6.9289007 -3.3393798 17.5583878 38 38 38
-6.3828373 -3.4035394 17.8957367 36 36 36
-6.0770779 -3.3189802 17.4511261 51 51 51
-5.1668792 -3.0429709 15.9998760 100 100 100
-4.7592268 -2.9171686 15.3384104 183 183 183
-4.1400919 -2.7226861 14.3158245 163 163 163
-3.9884071 -2.6617448 13.9953966 122 122 122
-3.7217388 -2.5991602 13.6663284 189 189 189
-3.6239600 -2.5706806 13.5165825 253 253 253
-3.5194068 -2.5364084 13.3363810 248 248 248
-3.4279444 -2.5106108 13.2007380 253 253 253
-3.2417648 -2.4539540 12.9028368 253 253 253
-3.1483345 -2.4239125 12.7448797 253 253 253
-2.9802411 -2.3756037 12.4908724 253 253 253
-2.8055320 -2.3182876 12.1895065 253 253 253
-2.6450226 -2.2687912 11.9292545 253 253 253
-2.4926500 -2.2226357 11.6865711 253 253 253
-2.4218481 -2.2030597 11.5836401 253 253 253
-2.3508637 -2.1825082 11.4755812 253 253 253
-2.2773962 -2.1587391 11.3506031 253 253 253
-2.1402540 -2.1177621 11.1351471 253 253 253
-2.0750055 -2.0992560 11.0378428 253 253 253
-2.0069265 -2.0769715 10.9206715 253 253 253
-1.9442658 -2.0593793 10.8281717 253 253 253
-1.8786434 -2.0377283 10.7143326 253 253 253
-1.8173032 -2.0197699 10.6199064 253 253 253
-1.7547004 -1.9994651 10.5131445 253 253 253
-1.6938304 -1.9801333 10.4114981 253 253 253
-1.6354071 -1.9627090 10.3198814 253 253 253
-1.5790732 -1.9469082 10.2368021 253 253 253
-1.5205687 -1.9274678 10.1345844 253 253 253
-1.4649900 -1.9107190 10.0465193 253 253 253
-1.4097667 -1.8934499 9.9557190 253 253 253
-1.3573196 -1.8789638 9.8795519 253 253 253
-1.3028705 -1.8607014 9.7835283 253 253 253
-1.2508442 -1.8448178 9.7000122 253 253 253
-1.1994263 -1.8287876 9.6157255 253 253 253
-1.1500691 -1.8148875 9.5426397 253 253 253
-1.0992272 -1.7975519 9.4514894 253 253 253
-1.0514597 -1.7841282 9.3809080 253 253 253
-1.0024161 -1.7674052 9.2929783 253 253 253
-0.9551408 -1.7525659 9.2149534 253 253 253
-0.9089197 -1.7384845 9.1409140 253 253 253
-0.8642791 -1.7263125 9.0769138 253 253 253
-0.8185561 -1.7107506 8.9950895 253 253 253
-0.7750062 -1.6984384 8.9303532 253 253 253
-0.7320171 -1.6861604 8.8657951 253 253 253
-0.6884825 -1.6712366 8.7873259 253 253 253
-0.6467884 -1.6593367 8.7247562 253 253 253
-0.6046768 -1.6448660 8.6486702 253 253 253
-0.5642692 -1.6334699 8.5887499 253 253 253
-0.5243915 -1.6221499 8.5292301 253 253 253
-0.4844568 -1.6089735 8.4599476 253 253 253
-0.4458018 -1.5982903 8.4037762 253 253 253
-0.4073978 -1.5867394 8.3430414 253 253 253
-0.3690678 -1.5733205 8.2724848 253 253 253
-0.3318858 -1.5625041 8.2156124 253 253 253
-0.2950762 -1.5511247 8.1557798 253 253 253
-0.2590638 -1.5414857 8.1050978 253 253 253
-0.2229801 -1.5284284 8.0364437 253 253 253
-0.1878096 -1.5180725 7.9819922 253 253 253
-0.1531088 -1.5078187 7.9280782 253 253 253
-0.1188866 -1.4978669 7.8757515 253 253 253
-0.0851050 -1.4879028 7.8233604 253 253 253
-0.0516991 -1.4760481 7.7610288 253 253 253
-0.0188459 -1.4662969 7.7097573 253 253 253
0.0135772 -1.4567949 7.6597958 253 253 253
0.0455806 -1.4473487 7.6101284 253 253 253
0.0771788 -1.4381553 7.5617895 253 253 253
0.1084247 -1.4296929 7.5172944 253 253 253
0.1389745 -1.4179574 7.4555893 253 253 253
0.1693276 -1.4089149 7.4080443 253 253 253
0.1992956 -1.3999842 7.3610868 253 253 253
0.2288998 -1.3912494 7.3151593 253 253 253
0.2581100 -1.3824790 7.2690444 253 253 253
0.2869950 -1.3740133 7.2245326 253 253 253
0.3154686 -1.3653927 7.1792049 253 253 253
0.3436888 -1.3572805 7.1365514 253 253 253
0.3708539 -1.3466433 7.0806217 253 253 253
0.3982955 -1.3385206 7.0379128 253 253 253
0.4253042 -1.3301704 6.9940076 253 253 253
0.4520824 -1.3222294 6.9522538 253 253 253
0.4784529 -1.3141356 6.9096961 253 253 253
0.5045382 -1.3062326 6.8681431 253 253 253
0.5304022 -1.2986461 6.8282533 253 253 253
0.5556403 -1.2903870 6.7848272 253 253 253
0.5810917 -1.2834082 6.7481327 253 253 253
0.6083146 -1.2808110 6.7344761 131 131 131
0.6383822 -1.2841674 6.7521248 119 119 119
0.6685655 -1.2874603 6.7694383 133 133 133
0.6989244 -1.2908077 6.7870393 138 138 138
0.7328591 -1.3002361 6.8366137 167 167 167
0.7634778 -1.3032901 6.8526711 181 181 181
0.7945646 -1.3068912 6.8716059 188 188 188
0.8261410 -1.3110158 6.8932934 192 192 192
0.8571634 -1.3140109 6.9090409 194 194 194
0.8887469 -1.3176409 6.9281278 190 190 190
0.9202492 -1.3209233 6.9453864 193 193 193
0.9522324 -1.3246722 6.9650979 183 183 183
0.9842514 -1.3282452 6.9838843 189 189 189
1.0164449 -1.3318391 7.0027814 182 182 182
1.0488380 -1.3354843 7.0219474 180 180 180
1.2211518 -1.4334795 7.5372047 82 82 82
1.2559859 -1.4369692 7.5555525 86 86 86
1.2917638 -1.4413390 7.5785298 87 87 87
1.3278739 -1.4458600 7.6023006 70 70 70
1.3721342 -1.4252347 7.4938536 35 35 35
1.4194701 -1.4412104 7.5778532 24 24 24
1.4387391 -1.4286133 7.5116181 35 35 35
1.5833267 -1.4747748 7.7543344 86 86 86
1.6206541 -1.4789982 7.7765403 88 88 88
1.6589690 -1.4839373 7.8025098 91 91 91
1.6962774 -1.4878013 7.8228269 82 82 82
1.7347405 -1.4925115 7.8475933 83 83 83
1.7739211 -1.4976512 7.8746176 86 86 86
1.8115954 -1.5013535 7.8940845 88 88 88
1.8513511 -1.5066161 7.9217553 77 77 77
1.9085151 -1.2580369 6.6147308 43 43 43
1.9750718 -1.2649337 6.6509943 31 31 31
2.2699692 -1.3943974 7.3317113 164 164 164
2.2952855 -1.3910030 7.3138638 175 175 175
2.3161380 -1.3850293 7.2824540 149 149 149
2.4542933 -1.3268979 6.9768004 88 88 88
2.4724760 -1.3208941 6.9452329 86 86 86
2.4935396 -1.3165519 6.9224014 86 86 86
2.5211315 -1.3157171 6.9180126 57 57 57
2.6494136 -1.3362769 7.0261149 37 37 37
2.7456656 -1.3695078 7.2008424 56 56 56
2.8218138 -1.3770312 7.2404008 69 69 69
2.8587899 -1.3801421 7.2567573 68 68 68
2.9002614 -1.3853343 7.2840576 66 66 66
2.9437425 -1.3913674 7.3157802 62 62 62
2.9949327 -1.4008815 7.3658047 77 77 77
3.2570922 -1.4925476 7.8477831 47 47 47
3.2715564 -1.4840965 7.8033476 44 44 44
3.2828529 -1.4743912 7.7523174 56 56 56
3.2979081 -1.4665487 7.7110810 74 74 74
3.3158309 -1.4601220 7.6772900 83 83 83
3.3390679 -1.4561371 7.6563377 89 89 89
3.3595386 -1.4510338 7.6295047 95 95 95
3.3814125 -1.4466276 7.6063366 105 105 105
3.4031701 -1.4422548 7.5833445 114 114 114
3.4450743 -1.4330813 7.5351105 71 71 71
3.4794810 -1.4341660 7.5408134 78 78 78
3.5182295 -1.4370043 7.5557375 88 88 88
-12.4639807 -4.9708042 26.7290344 19 19 19
-12.3750105 -4.9803600 26.7804184 18 18 18
-12.2859049 -4.9900374 26.8324547 18 18 18
-12.1814079 -4.9935851 26.8515320 17 17 17
-12.0792675 -4.9981742 26.8762093 18 18 18
-11.9868984 -5.0069323 26.9233017 19 19 19
-6.9311199 -3.2663827 17.5640106 39 39 39
-6.3846154 -3.3290012 17.9007225 39 39 39
-6.2583103 -3.3021865 17.7565346 45 45 45
-4.1421366 -2.6636317 14.3228941 238 238 238
-3.9324956 -2.6047845 14.0064602 220 220 220
-3.7247744 -2.5436029 13.6774750 189 189 189
-3.6274979 -2.5161359 13.5297785 251 251 251
-3.5233576 -2.4829538 13.3513517 253 253 253
-3.4317923 -2.4576998 13.2155561 253 253 253
-3.3321927 -2.4257631 13.0438261 253 253 253
-3.1490560 -2.3707111 12.7478008 253 253 253
-2.9754629 -2.3192058 12.4708462 253 253 253
-2.8076687 -2.2686114 12.1987896 253 253 253
-2.7300050 -2.2470286 12.0827332 253 253 253
-2.6473072 -2.2204022 11.9395580 253 253 253
-2.5734746 -2.2003233 11.8315907 253 253 253
-2.4236803 -2.1558418 11.5924034 253 253 253
-2.2787516 -2.1121304 11.3573589 253 253 253
-2.2069678 -2.0895116 11.2357330 253 253 253
-2.1412630 -2.0717819 11.1403961 253 253 253
-2.0716305 -2.0493712 11.0198898 253 253 253
-2.0079489 -2.0319541 10.9262342 253 253 253
-1.9410900 -2.0104282 10.8104849 253 253 253
-1.8782258 -1.9921038 10.7119503 253 253 253
-1.8149843 -1.9724661 10.6063547 253 253 253
-1.7556469 -1.9561863 10.5188150 253 253 253
-1.6946992 -1.9372215 10.4168377 253 253 253
-1.6362802 -1.9202151 10.3253908 253 253 253
-1.5765859 -1.9007415 10.2206774 253 253 253
-1.5200152 -1.8840448 10.1308947 253 253 253
-1.4640293 -1.8671283 10.0399313 253 253 253
-1.4105316 -1.8524718 9.9611206 253 253 253
-1.3577992 -1.8379515 9.8830423 253 253 253
-1.3034999 -1.8203238 9.7882547 253 253 253
-1.2523969 -1.8061523 9.7120523 253 253 253
-1.2022465 -1.7924433 9.6383352 235 235 235
-1.0995311 -1.7581813 9.4541016 253 253 253
-1.0517826 -1.7451051 9.3837881 253 253 253
-1.0025370 -1.7284255 9.2940989 253 253 253
-0.9556252 -1.7145761 9.2196274 253 253 253
-0.8648797 -1.6892087 9.0832214 253 253 253
-0.7756577 -1.6621757 8.9378595 253 253 253
-0.6890815 -1.6356027 8.7949715 253 253 253
-0.6474264 -1.6241454 8.7333632 253 253 253
-0.6052514 -1.6099234 8.6568880 253 253 253
-0.5647936 -1.5987362 8.5967321 253 253 253
-0.5242495 -1.5857532 8.5269203 253 253 253
-0.4847435 -1.5742294 8.4649544 253 253 253
-0.4460062 -1.5635685 8.4076281 253 253 253
-0.4069533 -1.5498642 8.3339376 253 253 253
-0.3693033 -1.5394175 8.2777634 253 253 253
-0.3320894 -1.5287969 8.2206545 253 253 253
-0.2952613 -1.5176836 8.1608963 253 253 253
-0.2587816 -1.5056651 8.0962696 253 253 253
-0.2231017 -1.4953544 8.0408278 253 253 253
-0.1879242 -1.4853184 7.9868617 253 253 253
-0.1532076 -1.4753381 7.9331961 253 253 253
-0.1189635 -1.4656029 7.8808475 253 253 253
-0.0850208 -1.4534731 7.8156233 253 253 253
-0.0517262 -1.4440771 7.7650995 253 253 253
-0.0188551 -1.4344817 7.7135029 253 253 253
0.0135844 -1.4252568 7.6638985 253 253 253
0.0456047 -1.4160045 7.6141472 253 253 253
0.0772226 -1.4070649 7.5660772 253 253 253
0.1082666 -1.3959546 7.5063343 253 253 253
0.1390299 -1.3870695 7.4585571 253 253 253
0.1694145 -1.3783822 7.4118443 253 253 253
0.1993928 -1.3696103 7.3646760 253 253 253
0.2290047 -1.3610250 7.3185105 253 253 253
0.2582435 -1.3525249 7.2728038 253 253 253
0.2871272 -1.3441671 7.2278619 253 253 253
0.3151708 -1.3338578 7.1724267 253 253 253
0.3433009 -1.3256880 7.1284966 253 253 253
0.3710475 -1.3174721 7.0843177 253 253 253
0.3984789 -1.3094448 7.0411534 253 253 253
0.4255550 -1.3014442 6.9981322 253 253 253
0.4525480 -1.2942437 6.9594140 253 253 253
0.4786798 -1.2856072 6.9129739 253 253 253
0.5048398 -1.2780335 6.8722486 253 253 253
0.5308717 -1.2709758 6.8342981 253 253 253
0.5816213 -1.2560954 6.7542830 253 253 253
0.6086889 -1.2531824 6.7386189 133 133 133
0.6388337 -1.2565823 6.7569008 114 114 114
0.6688947 -1.2595338 6.7727718 121 121 121
0.6992778 -1.2628254 6.7904711 125 125 125
0.7331178 -1.2718551 6.8390260 172 172 172
0.7641997 -1.2755977 6.8591509 183 183 183
0.7948217 -1.2783276 6.8738294 188 188 188
0.8260376 -1.2817869 6.8924308 195 195 195
0.8574420 -1.2852936 6.9112873 193 193 193
0.8891749 -1.2890458 6.9314642 192 192 192
0.9206803 -1.2922401 6.9486408 190 190 190
0.9526081 -1.2958119 6.9678464 195 195 195
0.9847162 -1.2994078 6.9871826 184 184 184
1.0169559 -1.3029634 7.0063014 187 187 187
1.0493145 -1.3064662 7.0251369 181 181 181
1.2566345 -1.4058334 7.5594544 86 86 86
1.2922186 -1.4098769 7.5811977 87 87 87
1.3284377 -1.4144017 7.6055279 70 70 70
1.3452846 -1.3985733 7.5204158 33 33 33
1.3726481 -1.3941555 7.4966602 32 32 32
1.4193268 -1.4091127 7.5770884 25 25 25
1.4381200 -1.3963361 7.5083857 34 34 34
1.5841638 -1.4428376 7.7584338 84 84 84
1.6217242 -1.4471598 7.7816753 89 89 89
1.6597205 -1.4516917 7.8060441 91 91 91
1.6978295 -1.4561441 7.8299851 85 85 85
1.7354667 -1.4600296 7.8508787 85 85 85
1.7746124 -1.4650151 7.8776865 82 82 82
1.8124982 -1.4687963 7.8980188 86 86 86
1.8519905 -1.4737192 7.9244909 82 82 82
1.8856082 -1.4738760 7.9253340 63 63 63
1.9084642 -1.4657620 7.8817029 100 100 100
1.9299463 -1.4568887 7.8339891 108 108 108
1.9550550 -1.4510055 7.8023539 97 97 97
1.9094942 -1.2307739 6.6181240 39 39 39
1.9399475 -1.2323908 6.6268177 24 24 24
1.9731650 -1.2356927 6.6445732 36 36 36
2.3156528 -1.3363177 7.1856542 86 86 86
2.3377802 -1.3316613 7.1606164 80 80 80
2.4358654 -1.3033590 7.0084291 74 74 74
2.4542823 -1.2974712 6.9767690 82 82 82
2.4721103 -1.2914152 6.9442048 72 72 72
2.4923077 -1.2867244 6.9189811 77 77 77
2.5216620 -1.2868149 6.9194674 53 53 53
2.5595975 -1.2912322 6.9432206 48 48 48
2.6015265 -1.2975415 6.9771471 46 46 46
2.6438324 -1.3038956 7.0113139 45 45 45
2.7151294 -1.3097636 7.0428672 46 46 46
2.7623787 -1.3181379 7.0878978 45 45 45
2.7926989 -1.3183413 7.0889916 47 47 47
2.8424850 -1.3276322 7.1389508 45 45 45
2.9266274 -1.3385788 7.1978130 46 46 46
3.3214395 -1.4301622 7.6902757 73 73 73
3.3414652 -1.4248730 7.6618347 78 78 78
3.3616920 -1.4197700 7.6343946 86 86 86
3.3867261 -1.4167749 7.6182895 90 90 90
3.4078970 -1.4122350 7.5938778 87 87 87
3.4816024 -1.4032217 7.5454111 45 45 45
3.5176651 -1.4049168 7.5545254 57 57 57
-6.9370737 -3.1950583 17.5790977 42 42 42
-6.3873506 -3.2549083 17.9083900 42 42 42
-5.4651914 -2.9976380 16.4928970 81 81 81
-5.0323830 -2.8698070 15.7895756 128 128 128
-4.1439342 -2.6043627 14.3291111 208 208 208
-4.0526519 -2.5846829 14.2208328 165 165 165
-3.9332919 -2.5462353 14.0092964 139 139 139
-3.6299770 -2.4607620 13.5390253 253 253 253
-3.5252888 -2.4279819 13.3586693 253 253 253
-3.4285171 -2.3996780 13.2029428 253 253 253
-3.3351483 -2.3728609 13.0553961 253 253 253
-3.1521790 -2.3192520 12.7604427 253 253 253
-3.0634220 -2.2930930 12.6165152 253 253 253
-2.9784102 -2.2688622 12.4831991 253 253 253
-2.7319601 -2.1976490 12.0913868 253 253 253
-2.5752370 -2.1519029 11.8396940 253 253 253
-2.4249465 -2.1080580 11.5984602 253 253 253
-2.2800550 -2.0654180 11.3638554 253 253 253
-2.2072866 -2.0424261 11.2373552 253 253 253
-2.1421473 -2.0256395 11.1449966 253 253 253
-2.0728219 -2.0040526 11.0262270 253 253 253
-2.0086131 -1.9865358 10.9298487 253 253 253
-1.9419261 -1.9656873 10.8151417 253 253 253
-1.8789020 -1.9476329 10.7158070 253 253 253
-1.8157650 -1.9285688 10.6109171 253 253 253
-1.7564114 -1.9126614 10.5233946 253 253 253
-1.6946230 -1.8932092 10.4163694 233 233 233
-1.6369029 -1.8773879 10.3293209 241 241 241
-1.5772429 -1.8584155 10.2249355 238 238 238
-1.0506642 -1.7037207 9.3738108 253 253 253
-1.0030255 -1.6900560 9.2986279 253 253 253
-0.9554647 -1.6754160 9.2180796 253 253 253
-0.9099533 -1.6632802 9.1513081 253 253 253
-0.8637003 -1.6486541 9.0708361 253 253 253
-0.8195836 -1.6369390 9.0063810 253 253 253
-0.7760617 -1.6253313 8.9425144 253 253 253
-0.7317495 -1.6107981 8.8625536 253 253 253
-0.6894016 -1.5992572 8.7990561 253 253 253
-0.6055833 -1.5742804 8.6616344 253 253 253
-0.5651184 -1.5633826 8.6016750 253 253 253
-0.5244948 -1.5505208 8.5309095 253 253 253
-0.4850928 -1.5396417 8.4710541 253 253 253
-0.4463740 -1.5293740 8.4145613 253 253 253
-0.4071549 -1.5154711 8.3380680 253 253 253
-0.3694839 -1.5052460 8.2818098 253 253 253
-0.3322660 -1.4949253 8.2250252 253 253 253
-0.2955112 -1.4845253 8.1678047 253 253 253
-0.2589153 -1.4722841 8.1004543 253 253 253
-0.2231548 -1.4617949 8.0427427 253 253 253
-0.1880334 -1.4524817 7.9915028 253 253 253
-0.1532943 -1.4427006 7.9376874 253 253 253
-0.1188315 -1.4307799 7.8721004 253 253 253
-0.0850713 -1.4213583 7.8202629 253 253 253
-0.0517504 -1.4119933 7.7687368 253 253 253
-0.0188648 -1.4026812 7.7175021 253 253 253
0.0135914 -1.3936551 7.6678405 253 253 253
0.0456299 -1.3846598 7.6183491 253 253 253
0.0771372 -1.3736387 7.5577116 253 253 253
0.1083369 -1.3651863 7.5112071 253 253 253
0.1391175 -1.3564719 7.4632602 253 253 253
0.1695263 -1.3480165 7.4167385 253 253 253
0.1995206 -1.3394122 7.3693981 253 253 253
0.2291676 -1.3311096 7.3237181 253 253 253
0.2581253 -1.3212509 7.2694755 253 253 253
0.2870407 -1.3132915 7.2256837 253 253 253
0.3155268 -1.3050845 7.1805282 253 253 253
0.3436528 -1.2969555 7.1358027 253 253 253
0.3715652 -1.2893944 7.0942016 253 253 253
0.3989584 -1.2812924 7.0496249 253 253 253
0.4260370 -1.2733742 7.0060592 253 253 253
0.4528490 -1.2657374 6.9640422 253 253 253
0.4792803 -1.2580317 6.9216456 253 253 253
0.5051658 -1.2498602 6.8766861 253 253 253
0.5310760 -1.2426337 6.8369265 253 253 253
0.5558470 -1.2336235 6.7873526 253 253 253
0.5810699 -1.2264491 6.7478795 253 253 253
0.6092152 -1.2258251 6.7444458 125 125 125
0.6392100 -1.2288121 6.7608805 118 118 118
0.6696363 -1.2323382 6.7802811 132 132 132
0.6996617 -1.2348679 6.7941995 133 133 133
0.7334358 -1.2435546 6.8419933 174 174 174
0.7644541 -1.2470880 6.8614335 187 187 187
0.7952030 -1.2499404 6.8771272 195 195 195
0.8267142 -1.2537478 6.8980761 195 195 195
0.8582941 -1.2573973 6.9181552 197 197 197
0.8894963 -1.2602717 6.9339700 192 192 192
0.9214010 -1.2639266 6.9540792 190 190 190
0.9535027 -1.2676181 6.9743896 186 186 186
0.9852574 -1.2706412 6.9910226 189 189 189
1.0176415 -1.2742767 7.0110250 185 185 185
1.0502617 -1.2779943 7.0314789 180 180 180
1.0824828 -1.2810353 7.0482106 145 145 145
1.2576514 -1.3750674 7.5655718 87 87 87
1.2938290 -1.3796247 7.5906463 86 86 86
1.3289198 -1.3828312 7.6082883 68 68 68
1.3445511 -1.3661149 7.5163155 31 31 31
1.3733037 -1.3631932 7.5002403 33 33 33
1.4388515 -1.3653678 7.5122046 35 35 35
1.5855918 -1.4113919 7.7654276 90 90 90
1.6234088 -1.4158140 7.7897587 84 84 84
1.6603508 -1.4193128 7.8090086 89 89 89
1.6982807 -1.4235036 7.8320661 86 86 86
1.7378080 -1.4288479 7.8614702 84 84 84
1.7753388 -1.4323813 7.8809109 82 82 82
1.8142633 -1.4368886 7.9057102 81 81 81
1.8500791 -1.4388156 7.9163122 55 55 55
1.8747333 -1.4321477 7.8796263 41 41 41
1.8986944 -1.4251919 7.8413553 50 50 50
1.9223940 -1.4182813 7.8033333 58 58 58
1.9732549 -1.4076155 7.7446508 61 61 61
1.9105349 -1.2035213 6.6217308 40 40 40
1.9418092 -1.2056017 6.6331778 22 22 22
1.9754074 -1.2090453 6.6521239 56 56 56
2.4363027 -1.2740335 7.0096869 54 54 54
2.4574499 -1.2696872 6.9857736 58 58 58
2.4758608 -1.2640468 6.9547400 58 58 58
2.4942629 -1.2585341 6.9244094 62 62 62
2.5238936 -1.2587488 6.9255910 46 46 46
2.5614009 -1.2628422 6.9481130 34 34 34
2.7598710 -1.2870791 7.0814633 36 36 36
2.7956996 -1.2898319 7.0966086 42 42 42
2.8349142 -1.2940718 7.1199374 43 43 43
2.9159598 -1.3034575 7.1715770 43 43 43
3.0405943 -1.3181573 7.2524548 44 44 44
3.0808709 -1.3223177 7.2753453 41 41 41
3.3300834 -1.4013703 7.7102900 56 56 56
3.3710549 -1.3914407 7.6556578 49 49 49
3.3889213 -1.3855464 7.6232271 43 43 43
3.4490192 -1.3710991 7.5437388 38 38 38
3.4727337 -1.3679097 7.5261908 35 35 35
-6.9392056 -3.1218872 17.5844994 39 39 39
-6.3897657 -3.1805918 17.9151611 40 40 40
-6.2719030 -3.1592767 17.7951012 45 45 45
-5.9206853 -3.0554771 17.2104340 58 58 58
-5.4704790 -2.9309213 16.5088539 82 82 82
-5.0371032 -2.8058524 15.8043861 130 130 130
-4.1587729 -2.5530469 14.3804207 127 127 127
-4.0404148 -2.5170908 14.1778927 172 172 172
-3.9365559 -2.4892228 14.0209217 160 160 160
-3.5280161 -2.3734839 13.3690042 253 253 253
-3.4319677 -2.3463609 13.2162313 253 253 253
-3.3381195 -2.3198719 13.0670271 249 249 249
-3.1547341 -2.2672784 12.7707863 250 250 250
-3.0652514 -2.2412274 12.6240501 252 252 252
-2.9790425 -2.2166917 12.4858494 253 253 253
-2.8091309 -2.1668561 12.2051430 253 253 253
-2.7335844 -2.1479366 12.0985756 253 253 253
-2.5771384 -2.1035275 11.8484344 253 253 253
-2.4267952 -2.0607176 11.6073017 253 253 253
-2.1428931 -1.9793307 11.1488771 242 242 242
-2.0095510 -1.9413513 10.9349527 192 192 192
-1.1006945 -1.6802224 9.4641047 253 253 253
-1.0511575 -1.6649731 9.3782120 253 253 253
-0.9560134 -1.6374837 9.2233734 253 253 253
-0.9104789 -1.6256282 9.1565952 253 253 253
-0.8641798 -1.6112969 9.0758715 253 253 253
-0.8199887 -1.5997498 9.0108318 253 253 253
-0.7750243 -1.5854989 8.9305611 253 253 253
-0.7321644 -1.5743173 8.8675785 253 253 253
-0.6898404 -1.5631464 8.8046570 253 253 253
-0.6472075 -1.5499650 8.7304106 253 253 253
-0.6060839 -1.5390258 8.6687937 253 253 253
-0.5655780 -1.5283519 8.6086721 253 253 253
-0.5248044 -1.5154405 8.5359459 253 253 253
-0.4854891 -1.5051485 8.4779749 253 253 253
-0.4457262 -1.4917225 8.4023504 253 253 253
-0.4074244 -1.4812893 8.3435850 253 253 253
-0.3697478 -1.4713722 8.2877254 253 253 253
-0.3324928 -1.4612377 8.2306414 253 253 253
-0.2952597 -1.4488475 8.1608515 253 253 253
-0.2590837 -1.4390603 8.1057234 253 253 253
-0.2233287 -1.4289912 8.0490074 253 253 253
-0.1879760 -1.4183494 7.9890661 253 253 253
-0.1534301 -1.4104762 7.9447188 253 253 253
-0.1189522 -1.3990033 7.8800960 253 253 253
-0.0851435 -1.3895586 7.8268976 253 253 253
-0.0518002 -1.3805588 7.7762051 253 253 253
-0.0188857 -1.3716511 7.7260303 253 253 253
0.0135897 -1.3611517 7.6668911 253 253 253
0.0456084 -1.3518982 7.6147699 253 253 253
0.0772075 -1.3429919 7.5646038 253 253 253
0.1084218 -1.3345575 7.5170960 253 253 253
0.1392308 -1.3260788 7.4693379 253 253 253
0.1694785 -1.3163687 7.4146442 253 253 253
0.1993853 -1.3074484 7.3643994 253 253 253
0.2289611 -1.2990544 7.3171191 253 253 253
0.2581783 -1.2908608 7.2709670 253 253 253
0.2872003 -1.2835345 7.2297010 253 253 253
0.3156649 -1.2753625 7.1836710 253 253 253
0.3437974 -1.2673973 7.1388054 253 253 253
0.3716700 -1.2598337 7.0962024 253 253 253
0.3991186 -1.2520671 7.0524564 253 253 253
0.4262382 -1.2444173 7.0093675 253 253 253
0.4530583 -1.2369421 6.9672618 253 253 253
0.4787751 -1.2275481 6.9143491 253 253 253
0.5050126 -1.2204915 6.8746023 253 253 253
0.5305778 -1.2126642 6.8305140 250 250 250
0.5561181 -1.2055891 6.7906618 236 236 236
0.5813164 -1.1985019 6.7507420 210 210 210
0.6093965 -1.1977404 6.7464528 102 102 102
0.6393957 -1.2006505 6.7628441 114 114 114
0.6699478 -1.2043060 6.7834349 139 139 139
0.7003734 -1.2074441 6.8011103 136 136 136
0.7648314 -1.2187549 6.8648205 183 183 183
0.7960533 -1.2222455 6.8844810 187 187 187
0.8269815 -1.2250550 6.9003067 194 194 194
0.8585973 -1.2286577 6.9205995 191 191 191
0.8903782 -1.2322520 6.9408445 191 191 191
0.9217926 -1.2351264 6.9570346 192 192 192
0.9538016 -1.2385957 6.9765763 185 185 185
0.9860621 -1.2421741 6.9967322 185 185 185
1.0179918 -1.2451400 7.0134377 181 181 181
1.0506544 -1.2488096 7.0341077 176 176 176
1.2581390 -1.3436846 7.5685053 88 88 88
1.2942876 -1.3480929 7.5933361 84 84 84
1.3303368 -1.3521878 7.6164007 66 66 66
1.3451877 -1.3350507 7.5198741 33 33 33
1.3739779 -1.3322188 7.5039225 30 30 30
1.4208329 -1.3466358 7.5851288 22 22 22
1.4394649 -1.3342578 7.5154076 39 39 39
1.5861791 -1.3791561 7.7683043 86 86 86
1.6241865 -1.3836275 7.7934904 88 88 88
1.6613513 -1.3872180 7.8137140 87 87 87
1.6992733 -1.3912889 7.8366437 87 87 87
1.7384393 -1.3962035 7.8643260 82 82 82
1.7759960 -1.3996658 7.8838282 82 82 82
1.8150520 -1.4041609 7.9091468 74 74 74
1.8755628 -1.3995388 7.8831124 54 54 54
1.8994504 -1.3926796 7.8444772 66 66 66
1.9234525 -1.3861377 7.8076296 67 67 67
1.8902646 -1.1803769 6.6486502 41 41 41
1.9096498 -1.1750531 6.6186638 38 38 38
1.9423078 -1.1779324 6.6348810 24 24 24
1.9757404 -1.1811928 6.6532459 41 41 41
2.4558947 -1.2394437 6.9813528 54 54 54
2.4742057 -1.2338935 6.9500909 51 51 51
2.4956036 -1.2299949 6.9281311 61 61 61
2.5244846 -1.2298319 6.9272132 46 46 46
2.5638938 -1.2347429 6.9548750 34 34 34
2.7455492 -1.2643735 7.1217742 29 29 29
2.7669094 -1.2604232 7.0995231 41 41 41
2.7982013 -1.2610333 7.1029592 38 38 38
2.8362858 -1.2646590 7.1233821 35 35 35
2.8754606 -1.2686899 7.1460862 31 31 31
3.0886405 -1.2948953 7.2936926 39 39 39
3.1259513 -1.2976159 7.3090167 35 35 35
3.3577361 -1.3668776 7.6991434 38 38 38
3.3787057 -1.3622420 7.6730328 39 39 39
3.3949935 -1.3558247 7.6368866 38 38 38
3.4115639 -1.3496398 7.6020489 39 39 39
3.4275904 -1.3433568 7.5666595 38 38 38
3.4470444 -1.3385208 7.5394192 36 36 36
3.4743285 -1.3367858 7.5296469 32 32 32
3.5161922 -1.3406411 7.5513625 32 32 32
-6.9421320 -3.0490198 17.5919151 41 41 41
-6.3916321 -3.1059515 17.9203949 42 42 42
-5.9284883 -2.9868329 17.2331161 60 60 60
-4.2086587 -2.4860520 14.3437634 47 47 47
-4.1627836 -2.4948092 14.3942890 139 139 139
-4.0413122 -2.4578493 14.1810417 190 190 190
-3.9411659 -2.4329433 14.0373421 161 161 161
-3.6268513 -2.3445547 13.5273666 253 253 253
-3.5323138 -2.3199301 13.3852901 253 253 253
-3.4345260 -2.2923362 13.2260828 241 241 241
-3.3390605 -2.2654073 13.0707102 253 253 253
-3.1560726 -2.2143638 12.7762051 253 253 253
-3.0670886 -2.1893039 12.6316166 253 253 253
-2.8925121 -2.1389868 12.3413029 253 253 253
-2.8119297 -2.1174953 12.2173023 253 253 253
-2.7285740 -2.0930741 12.0764008 253 253 253
-2.5730815 -2.0503306 11.8297825 253 253 253
-2.5005465 -2.0319259 11.7235937 253 253 253
-2.4227998 -2.0084581 11.5881920 253 253 253
-2.2636712 -1.9554234 11.2821980 237 237 237
-2.2103853 -1.9503856 11.2531309 252 252 252
-2.1547031 -1.9429659 11.2103214 118 118 118
-1.5236380 -1.8109642 10.4487123 119 119 119
-1.4102168 -1.7790499 10.2645760 122 122 122
-1.3558536 -1.7646317 10.1813879 123 123 123
-1.0997142 -1.6388516 9.4556751 253 253 253
-1.0520097 -1.6267436 9.3858156 253 253 253
-1.0046619 -1.6142616 9.3137980 253 253 253
-0.9111074 -1.5881108 9.1629152 253 253 253
-0.8205574 -1.5628349 9.0170813 253 253 253
-0.7326223 -1.5378845 8.8731251 253 253 253
-0.6890287 -1.5242220 8.7942972 253 253 253
-0.6476042 -1.5140768 8.7357626 253 253 253
-0.6065246 -1.5035625 8.6750975 253 253 253
-0.5649382 -1.4903617 8.5989332 253 253 253
-0.5250499 -1.4801368 8.5399380 253 253 253
-0.4858181 -1.4703931 8.4837208 253 253 253
-0.4460672 -1.4574043 8.4087791 253 253 253
-0.4077925 -1.4474117 8.3511248 253 253 253
-0.3700736 -1.4376891 8.2950277 253 253 253
-0.3321929 -1.4252425 8.2232161 253 253 253
-0.2954894 -1.4155341 8.1672010 253 253 253
-0.2592719 -1.4058994 8.1116114 253 253 253
-0.2235064 -1.3961594 8.0554152 253 253 253
-0.1879800 -1.3846893 7.9892359 253 253 253
-0.1532290 -1.3751689 7.9343061 253 253 253
-0.1189778 -1.3660679 7.8817959 253 253 253
-0.0852080 -1.3575807 7.8328271 253 253 253
-0.0518390 -1.3487773 7.7820344 253 253 253
-0.0188692 -1.3379034 7.7192955 253 253 253
0.0135917 -1.3290142 7.6680069 253 253 253
0.0456342 -1.3205309 7.6190615 253 253 253
0.0772632 -1.3120384 7.5700622 253 253 253
0.1084929 -1.3037117 7.5220199 253 253 253
0.1393185 -1.2953959 7.4740396 253 253 253
0.1694566 -1.2849357 7.4136877 253 253 253
0.1995067 -1.2771701 7.3688822 253 253 253
0.2291238 -1.2690997 7.3223186 253 253 253
0.2583675 -1.2611231 7.2762961 253 253 253
0.2873914 -1.2538809 7.2345109 252 252 252
0.3158854 -1.2459390 7.1886888 196 196 196
0.3440779 -1.2383029 7.1446309 179 179 179
0.3718134 -1.2303839 7.0989404 253 253 253
0.3987210 -1.2211096 7.0454307 253 253 253
0.4258188 -1.2136638 7.0024705 253 253 253
0.4525597 -1.2062325 6.9595942 93 93 93
0.4790941 -1.1991892 6.9189568 70 70 70
0.5052868 -1.1921484 6.8783336 68 68 68
0.5308886 -1.1845539 6.8345151 64 64 64
0.5564911 -1.1777427 6.7952166 61 61 61
0.5815398 -1.1704838 6.7533355 60 60 60
0.6095506 -1.1695867 6.7481589 38 38 38
0.6398358 -1.1729388 6.7674999 36 36 36
0.6700168 -1.1758218 6.7841339 35 35 35
0.7006335 -1.1792018 6.8036356 51 51 51
0.7316904 -1.1830279 6.8257108 75 75 75
0.7623206 -1.1859003 6.8422842 82 82 82
0.7935231 -1.1894213 6.8625989 88 88 88
0.8259370 -1.1944463 6.8915915 107 107 107
0.8572155 -1.1975434 6.9094610 115 115 115
0.8888428 -1.2009084 6.9288754 132 132 132
0.9202358 -1.2037525 6.9452858 143 143 143
0.9536907 -1.2090352 6.9757648 151 151 151
0.9860672 -1.2126755 6.9967685 154 154 154
1.0188171 -1.2165501 7.0191236 155 155 155
1.0510151 -1.2195656 7.0365224 161 161 161
1.2595025 -1.3131902 7.5767078 87 87 87
1.2949046 -1.3166997 7.5969563 84 84 84
1.3309993 -1.3207271 7.6201935 64 64 64
1.3459105 -1.3040403 7.5239153 32 32 32
1.3745427 -1.3011099 7.5070076 31 31 31
1.4401577 -1.3031925 7.5190239 36 36 36
1.5877365 -1.3477196 7.7759314 84 84 84
1.6248000 -1.3512729 7.7964334 81 81 81
1.6629696 -1.3555872 7.8213253 81 81 81
1.7012159 -1.3597949 7.8456025 86 86 86
1.7390857 -1.3635468 7.8672504 83 83 83
1.7776902 -1.3677236 7.8913488 77 77 77
1.8156774 -1.3712807 7.9118719 73 73 73
1.8765049 -1.3669823 7.8870721 38 38 38
1.9007604 -1.3605375 7.8498874 44 44 44
1.9248832 -1.3542200 7.8134370 54 54 54
1.9577280 -1.3541480 7.8130217 40 40 40
1.8910593 -1.1528243 6.6514454 46 46 46
1.9103549 -1.1475661 6.6211071 38 38 38
1.9431639 -1.1504601 6.6378050 27 27 27
1.9773173 -1.1540567 6.6585560 39 39 39
2.4754670 -1.2051995 6.9536338 65 65 65
2.4956756 -1.2008140 6.9283309 57 57 57
2.5258040 -1.2012477 6.9308338 41 41 41
2.7271278 -1.2396191 7.1522245 34 34 34
2.7452457 -1.2342049 7.1209865 38 38 38
2.7675774 -1.2307819 7.1012368 46 46 46
2.7989068 -1.2313908 7.1047502 37 37 37
2.8401761 -1.2363135 7.1331525 35 35 35
3.0506268 -1.2739521 7.3503156 25 25 25
3.0690238 -1.2687438 7.3202648 34 34 34
3.0903292 -1.2648294 7.2976804 40 40 40
3.1274250 -1.2673913 7.3124623 32 32 32
3.3940322 -1.3232455 7.6347237 32 32 32
3.4144390 -1.3186928 7.6084557 33 33 33
3.4307225 -1.3126470 7.5735736 36 36 36
3.4505575 -1.3080591 7.5471029 39 39 39
3.4757426 -1.3055648 7.5327115 36 36 36
3.5178750 -1.3094238 7.5549765 31 31 31
-9.1425076 -2.9908764 17.6867752 17 17 17
-8.0483465 -2.7448969 16.2321568 20 20 20
-6.3941340 -3.0315683 17.9274101 41 41 41
-5.9341788 -2.9169588 17.2496567 54 54 54
-5.3270173 -2.7535172 16.2831326 88 88 88
-4.7740526 -2.6018424 15.3861923 180 180 180
-4.2089782 -2.4257493 14.3448524 38 38 38
-4.1663198 -2.4361770 14.4065170 136 136 136
-4.0462341 -2.4009690 14.1983128 189 189 189
-3.9454021 -2.3762999 14.0524292 162 162 162
-3.6294506 -2.2891500 13.5370617 253 253 253
-3.5347245 -2.2650297 13.3944254 253 253 253
-3.4327052 -2.2353771 13.2190714 247 247 247
-3.3380687 -2.2096322 13.0668278 253 253 253
-3.2442861 -2.1835978 12.9128723 253 253 253
-3.0667830 -2.1358240 12.6303577 253 253 253
-2.8945639 -2.0884247 12.3500576 253 253 253
-2.7310474 -2.0439997 12.0873470 253 253 253
-2.5750749 -2.0019948 11.8389482 253 253 253
-2.5022168 -1.9838123 11.7314243 253 253 253
-2.3534284 -1.9426657 11.4881010 253 253 253
-2.2626679 -1.9070015 11.2771978 252 252 252
-2.1552217 -1.8961487 11.2130184 170 170 170
-2.1132615 -1.9009383 11.2413425 137 137 137
-2.0699763 -1.9047285 11.2637568 92 92 92
-1.9573643 -1.8877404 11.1632957 123 123 123
-1.8922596 -1.8699235 11.0579348 124 124 124
-1.8281281 -1.8521924 10.9530802 122 122 122
-1.7040726 -1.8183889 10.7531805 122 122 122
-1.6420462 -1.8001025 10.6450424 121 121 121
-1.5830277 -1.7841783 10.5508738 126 126 126
-1.5246321 -1.7680553 10.4555292 124 124 124
-1.4686629 -1.7538697 10.3716412 125 125 125
-1.4110181 -1.7367510 10.2704086 126 126 126
-1.3566138 -1.7226628 10.1870975 130 130 130
-1.1001565 -1.5996208 9.4594793 253 253 253
-1.0038553 -1.5737214 9.3063211 253 253 253
-0.9575891 -1.5622654 9.2385750 253 253 253
-0.9099412 -1.5474879 9.1511869 253 253 253
-0.8653534 -1.5368363 9.0881977 253 253 253
-0.8197479 -1.5233061 9.0081863 253 253 253
-0.7764595 -1.5129761 8.9470987 253 253 253
-0.7331787 -1.5016065 8.8798637 253 253 253
-0.6897050 -1.4885967 8.8029299 253 253 253
-0.6480685 -1.4782977 8.7420254 253 253 253
-0.6058559 -1.4653628 8.6655340 253 253 253
-0.5252598 -1.4447017 8.5433531 253 253 253
-0.4853260 -1.4331645 8.4751263 253 253 253
-0.4464291 -1.4230984 8.4156008 253 253 253
-0.4080451 -1.4130698 8.3562956 253 253 253
-0.3696073 -1.4009420 8.2845764 253 253 253
-0.3323708 -1.3913105 8.2276201 253 253 253
-0.2956315 -1.3817577 8.1711292 253 253 253
-0.2594404 -1.3725843 8.1168814 253 253 253
-0.2236788 -1.3632410 8.0616283 253 253 253
-0.1880878 -1.3517733 7.9938140 253 253 253
-0.1532910 -1.3422533 7.9375172 253 253 253
-0.1190645 -1.3338013 7.8875351 253 253 253
-0.0852632 -1.3254085 7.8379035 253 253 253
-0.0518718 -1.3167922 7.7869511 253 253 253
-0.0188786 -1.3059999 7.7231293 253 253 253
0.0135994 -1.2974144 7.6723585 253 253 253
0.0773061 -1.2808259 7.5742607 253 253 253
0.1085493 -1.2726531 7.5259304 253 253 253
0.1391653 -1.2624886 7.4658222 253 253 253
0.1695517 -1.2543757 7.4178457 253 253 253
0.1995460 -1.2463417 7.3703361 253 253 253
0.2292461 -1.2388828 7.3262272 253 253 253
0.2585055 -1.2310966 7.2801833 253 253 253
0.2875621 -1.2241004 7.2388101 213 213 213
0.3160549 -1.2162770 7.1925464 67 67 67
0.3437580 -1.2070510 7.1379876 72 72 72
0.3715669 -1.1996521 7.0942335 239 239 239
0.3989015 -1.1919389 7.0486212 253 253 253
0.4259983 -1.1846340 7.0054226 253 253 253
0.4527328 -1.1773344 6.9622560 158 158 158
0.4792970 -1.1705077 6.9218864 61 61 61
0.5055013 -1.1636367 6.8812537 58 58 58
0.5311409 -1.1562821 6.8377619 59 59 59
0.5566755 -1.1494683 6.7974682 57 57 57
0.5818965 -1.1427060 6.7574787 64 64 64
0.6097109 -1.1414300 6.7499332 47 47 47
0.6399992 -1.1446929 6.7692280 33 33 33
0.6705666 -1.1481549 6.7897005 33 33 33
0.7007997 -1.1507843 6.8052502 40 40 40
0.7313990 -1.1537845 6.8229923 46 46 46
0.7620886 -1.1566948 6.8402019 53 53 53
0.7929794 -1.1596869 6.8578963 53 53 53
0.8240762 -1.1627593 6.8760648 44 44 44
0.8555695 -1.1661632 6.8961945 94 94 94
0.8869815 -1.1692361 6.9143662 100 100 100
0.9184641 -1.1722034 6.9319139 114 114 114
0.9505164 -1.1756924 6.9525466 111 111 111
0.9825636 -1.1789665 6.9719081 91 91 91
1.0147666 -1.1822319 6.9912181 46 46 46
1.0471697 -1.1855395 7.0107780 51 51 51
1.0800563 -1.1891978 7.0324111 68 68 68
1.2246330 -1.2781930 7.5586910 84 84 84
1.2600875 -1.2818346 7.5802259 86 86 86
1.2955569 -1.2853109 7.6007833 83 83 83
1.3315525 -1.2891288 7.6233606 62 62 62
1.3467420 -1.2730982 7.5285630 31 31 31
1.4409145 -1.2721535 7.5229759 39 39 39
1.8180016 -1.3396294 7.9219999 74 74 74
1.8922623 -1.1254910 6.6556768 42 42 42
1.9113932 -1.1202538 6.6247063 39 39 39
1.9451728 -1.1236293 6.6446676 26 26 26
1.9770977 -1.1258529 6.6578164 52 52 52
2.0119755 -1.1296721 6.6804013 72 72 72
2.0474410 -1.1337112 6.7042875 95 95 95
2.0815237 -1.1368852 6.7230568 79 79 79
2.1174188 -1.1409503 6.7470961 66 66 66
2.1515770 -1.1439842 6.7650375 67 67 67
2.1883707 -1.1483217 6.7906876 63 63 63
2.2233171 -1.1515902 6.8100166 46 46 46
2.2594337 -1.1553738 6.8323903 44 44 44
2.4126129 -1.1738291 6.9415274 48 48 48
2.4798164 -1.1779424 6.9658518 39 39 39
2.5045228 -1.1757509 6.9528918 28 28 28
2.7484100 -1.2055641 7.1291947 43 43 43
2.7679527 -1.2009991 7.1022000 44 44 44
2.8023953 -1.2029278 7.1136050 37 37 37
2.8411596 -1.2066511 7.1356225 38 38 38
2.8809149 -1.2107127 7.1596417 29 29 29
3.0708923 -1.2386281 7.3247218 36 36 36
3.0918412 -1.2346592 7.3012509 39 39 39
3.1284583 -1.2369636 7.3148780 33 33 33
3.4153233 -1.2869414 7.6104255 34 34 34
3.4315422 -1.2810156 7.5753832 32 32 32
3.4477267 -1.2751865 7.5409122 40 40 40
3.4768879 -1.2742195 7.5351939 33 33 33
3.5192773 -1.2780741 7.5579882 28 28 28
-8.0179234 -2.6663296 16.1707973 22 22 22
-6.2729855 -2.9346600 17.7981720 42 42 42
-5.3321972 -2.6874628 16.2989655 90 90 90
-4.7791796 -2.5396841 15.4027147 182 182 182
-4.6509233 -2.5055807 15.1958847 172 172 172
-4.2321005 -2.3782516 14.4236565 104 104 104
-4.0597095 -2.3488922 14.2455978 165 165 165
-3.9488537 -2.3190687 14.0647240 160 160 160
-3.6329625 -2.2342246 13.5501604 253 253 253
-3.4342225 -2.1805961 13.2249136 253 253 253
-3.3411062 -2.1564906 13.0787172 244 244 244
-3.2464440 -2.1305611 12.9214602 253 253 253
-3.0679421 -2.0833497 12.6351318 253 253 253
-2.8968470 -2.0379512 12.3597984 253 253 253
-2.6571326 -1.9759663 11.9838715 253 253 253
-2.5037889 -1.9355568 11.7387953 253 253 253
-2.3549979 -1.8954842 11.4957619 253 253 253
-2.1560247 -1.8495530 11.2171974 176 176 176
-2.1138594 -1.8540586 11.2445240 177 177 177
-2.0707054 -1.8578838 11.2677231 133 133 133
-2.0240526 -1.8586761 11.2725277 97 97 97
-1.9588865 -1.8420968 11.1719770 138 138 138
-1.8292036 -1.8070662 10.9595232 136 136 136
-1.7646838 -1.7885150 10.8470135 148 148 148
-1.7051693 -1.7741843 10.7601013 162 162 162
-1.6432449 -1.7564942 10.6528130 181 181 181
-1.5843111 -1.7410961 10.5594273 201 201 201
-1.5258477 -1.7253393 10.4638653 235 235 235
-1.4697158 -1.7113591 10.3790779 246 246 246
-1.4112333 -1.6936994 10.2719746 253 253 253
-1.3576062 -1.6809331 10.1945496 252 252 252
-1.3028560 -1.6658958 10.1033506 253 253 253
-1.1010584 -1.5610093 9.4672337 253 253 253
-1.0535228 -1.5498104 9.3993149 253 253 253
-1.0046476 -1.5356880 9.3136654 253 253 253
-0.9582806 -1.5244068 9.2452459 253 253 253
-0.9108456 -1.5103976 9.1602821 253 253 253
-0.8662308 -1.5000310 9.0974112 253 253 253
-0.8203933 -1.4864885 9.0152788 253 253 253
-0.7767207 -1.4757429 8.9501085 253 253 253
-0.7324190 -1.4626435 8.8706627 253 253 253
-0.6062466 -1.4297421 8.6711216 253 253 253
-0.5654436 -1.4191074 8.6066246 253 253 253
-0.5254132 -1.4090862 8.5458479 253 253 253
-0.4855735 -1.3981379 8.4794483 253 253 253
-0.4467045 -1.3884664 8.4207926 253 253 253
-0.4082674 -1.3785827 8.3608503 253 253 253
-0.3698123 -1.3667639 8.2891712 253 253 253
-0.3325643 -1.3574049 8.2324114 253 253 253
-0.2957811 -1.3479823 8.1752634 253 253 253
-0.2595766 -1.3390586 8.1211443 253 253 253
-0.2234544 -1.3279116 8.0535393 253 253 253
-0.1881970 -1.3188291 7.9984546 253 253 253
-0.1534266 -1.3099383 7.9445343 253 253 253
-0.1190094 -1.2999390 7.8838906 253 253 253
-0.0851790 -1.2910804 7.8301640 253 253 253
-0.0518080 -1.2823766 7.7773781 253 253 253
-0.0188868 -1.2739835 7.7264748 253 253 253
0.0136068 -1.2657478 7.6765265 253 253 253
0.0457069 -1.2582752 7.6312070 253 253 253
0.0772719 -1.2483339 7.5709152 253 253 253
0.1084416 -1.2396864 7.5184693 253 253 253
0.1392489 -1.2317450 7.4703064 253 253 253
0.1696668 -1.2239258 7.4228845 253 253 253
0.1997393 -1.2164383 7.3774738 253 253 253
0.2293980 -1.2087886 7.3310800 253 253 253
0.2586898 -1.2012522 7.2853732 253 253 253
0.2872520 -1.1922873 7.2310023 253 253 253
0.3157226 -1.1846994 7.1849837 80 80 80
0.3440049 -1.1777956 7.1431136 59 59 59
0.3715903 -1.1698099 7.0946817 166 166 166
0.3990852 -1.1627502 7.0518661 253 253 253
0.4262162 -1.1556833 7.0090060 253 253 253
0.4530014 -1.1486559 6.9663863 229 229 229
0.4794500 -1.1416830 6.9240971 67 67 67
0.5056360 -1.1349211 6.8830872 57 57 57
0.5311031 -1.1273674 6.8372755 55 55 55
0.5815535 -1.1135533 6.7534952 51 51 51
0.6098753 -1.1132661 6.7517538 37 37 37
0.6403052 -1.1166809 6.7724638 34 34 34
0.6707704 -1.1198633 6.7917643 38 38 38
0.7010743 -1.1225265 6.8079162 42 42 42
0.7317546 -1.1255593 6.8263097 61 61 61
0.7627841 -1.1288793 6.8464451 57 57 57
0.7935368 -1.1315624 6.8627172 45 45 45
0.8249072 -1.1349066 6.8829994 86 86 86
0.8560016 -1.1376566 6.8996773 121 121 121
0.8872666 -1.1404450 6.9165883 119 119 119
0.9193659 -1.1440942 6.9387202 118 118 118
0.9508597 -1.1467880 6.9550576 108 108 108
0.9830843 -1.1501756 6.9756026 52 52 52
1.0153282 -1.1533883 6.9950876 46 46 46
1.0480953 -1.1569972 7.0169749 49 49 49
1.0802959 -1.1597997 7.0339713 69 69 69
1.2606387 -1.2504160 7.5835428 88 88 88
1.2966617 -1.2543275 7.6072655 87 87 87
1.3458285 -1.2405087 7.5234566 31 31 31
1.4415470 -1.2409739 7.5262780 31 31 31
1.4847747 -1.2506520 7.5849738 57 57 57
1.5216012 -1.2546437 7.6091824 57 57 57
1.8908809 -1.0966232 6.6508179 40 40 40
1.9121581 -1.0927550 6.6273575 36 36 36
1.9443959 -1.0951716 6.6420135 26 26 26
1.9777647 -1.0981476 6.6600628 47 47 47
2.0127394 -1.1019194 6.6829386 56 56 56
2.0480289 -1.1057571 6.7062130 60 60 60
2.0821202 -1.1088520 6.7249832 58 58 58
2.1173506 -1.1124624 6.7468791 59 59 59
2.1539834 -1.1167040 6.7726035 67 67 67
2.1884484 -1.1197255 6.7909288 58 58 58
2.2250774 -1.1237618 6.8154078 48 48 48
2.2598937 -1.1267914 6.8337817 47 47 47
2.2972314 -1.1309860 6.8592215 48 48 48
2.3327491 -1.1341913 6.8786612 47 47 47
2.3698986 -1.1381017 6.9023767 47 47 47
2.4059167 -1.1413803 6.9222612 44 44 44
2.4441867 -1.1456358 6.9480700 44 44 44
2.4806919 -1.1489732 6.9683108 44 44 44
2.5182128 -1.1526974 6.9908977 41 41 41
2.5563724 -1.1566244 7.0147138 36 36 36
2.5954061 -1.1608524 7.0403562 39 39 39
2.6328077 -1.1642631 7.0610414 41 41 41
2.6726978 -1.1686858 7.0878634 42 42 42
2.7105331 -1.1721219 7.1087031 42 42 42
2.7506931 -1.1764772 7.1351171 40 40 40
2.8662860 -1.1869657 7.1987281 32 32 32
3.0415578 -1.2083575 7.3284650 36 36 36
3.0685637 -1.2068244 7.3191671 36 36 36
3.0930037 -1.2043229 7.3039961 29 29 29
3.1334550 -1.2080436 7.3265615 27 27 27
3.4484246 -1.2436385 7.5424385 36 36 36
3.4785018 -1.2430207 7.5386915 30 30 30
3.5224357 -1.2473208 7.5647707 26 26 26
-9.1621628 -2.8478174 17.7248001 17 17 17
-8.2297087 -2.6442761 16.4579582 19 19 19
-8.0269642 -2.6010678 16.1890316 23 23 23
-6.8012829 -2.7691209 17.2349930 27 27 27
-6.7419925 -2.7746308 17.2692871 27 27 27
-6.6839285 -2.7807715 17.3075066 26 26 26
-6.6258497 -2.7870417 17.3465309 27 27 27
-6.5660038 -2.7926998 17.3817482 28 28 28
-6.4478159 -2.8050585 17.4586678 29 29 29
-6.3893132 -2.8117120 17.5000801 30 30 30
-4.6572776 -2.4448359 15.2166452 204 204 204
-4.0549445 -2.2861328 14.2288780 168 168 168
-3.9490864 -2.2598915 14.0655518 213 213 213
-3.7342193 -2.2031121 13.7121572 151 151 151
-3.6339097 -2.1776519 13.5536928 253 253 253
-3.4369466 -2.1265130 13.2354040 253 253 253
-3.3431277 -2.1026099 13.0866318 253 253 253
-3.2492559 -2.0778704 12.9326525 253 253 253
-3.0702951 -2.0316250 12.6448221 253 253 253
-2.9827492 -2.0085790 12.5013847 253 253 253
-2.8992028 -1.9874456 12.3698502 253 253 253
-2.6593807 -1.9270601 11.9940109 253 253 253
-2.5770564 -1.9036099 11.8480568 253 253 253
-2.5056999 -1.8874943 11.7477541 253 253 253
-2.3569596 -1.8485457 11.5053377 253 253 253
-2.1566613 -1.8027827 11.2205086 161 161 161
-2.1145916 -1.8072667 11.2484179 182 182 182
-2.0723596 -1.8118147 11.2767248 158 158 158
-1.9601277 -1.7961224 11.1790552 243 243 243
-1.8924717 -1.7768611 11.0591736 251 251 251
-1.8305746 -1.7621703 10.9677382 252 252 252
-1.7656718 -1.7437495 10.8530865 249 249 249
-1.7063313 -1.7299876 10.7674332 248 248 248
-1.6444554 -1.7128327 10.6606607 247 247 247
-1.5854042 -1.6977381 10.5667124 249 249 249
-1.5270522 -1.6825410 10.4721260 253 253 253
-1.4679751 -1.6656160 10.3667850 253 253 253
-1.4123782 -1.6517220 10.2803087 253 253 253
-1.3565185 -1.6366309 10.1863813 252 252 252
-1.3037100 -1.6243546 10.1099739 253 253 253
-1.2493290 -1.6092227 10.0157919 253 253 253
-1.1018424 -1.5221696 9.4739752 253 253 253
-1.0542749 -1.5112520 9.4060240 253 253 253
-0.6052837 -1.3909637 8.6573505 253 253 253
-0.5660022 -1.3841799 8.6151285 253 253 253
-0.5255353 -1.3733678 8.5478334 253 253 253
-0.4859292 -1.3633785 8.4856606 253 253 253
-0.4465538 -1.3525000 8.4179516 253 253 253
-0.4077775 -1.3417133 8.3508158 253 253 253
-0.3700257 -1.3325775 8.2939548 253 253 253
-0.3327566 -1.3234541 8.2371712 253 253 253
-0.2959778 -1.3143811 8.1807013 253 253 253
-0.2592911 -1.3033773 8.1122122 253 253 253
-0.2236174 -1.2948939 8.0594120 253 253 253
-0.1883230 -1.2859607 8.0038118 253 253 253
-0.1535381 -1.2773647 7.9503107 253 253 253
-0.1191160 -1.2678274 7.8909502 253 253 253
-0.0852188 -1.2586488 7.8338223 253 253 253
-0.0518389 -1.2503246 7.7820134 253 253 253
-0.0188991 -1.2422086 7.7314987 253 253 253
0.0136156 -1.2341694 7.6814632 253 253 253
0.0457237 -1.2265452 7.6340103 253 253 253
0.0772743 -1.2164447 7.5711451 253 253 253
0.1084979 -1.2086079 7.5223689 253 253 253
0.1393318 -1.2009578 7.4747543 253 253 253
0.1697808 -1.1934253 7.4278722 253 253 253
0.1998469 -1.1859663 7.3814468 253 253 253
0.2293421 -1.1775870 7.3292952 253 253 253
0.2585064 -1.1697004 7.2802081 253 253 253
0.2874628 -1.1626472 7.2363095 253 253 253
0.3161222 -1.1558621 7.1940789 159 159 159
0.3441767 -1.1482469 7.1466823 83 83 83
0.3719457 -1.1409824 7.1014676 97 97 97
0.3992928 -1.1336024 7.0555348 237 237 237
0.4265152 -1.1269166 7.0139232 253 253 253
0.4532657 -1.1199319 6.9704504 253 253 253
0.4797591 -1.1132016 6.9285607 119 119 119
0.5052459 -1.1050423 6.8777771 62 62 62
0.5310498 -1.0984248 6.8365893 57 57 57
0.5566358 -1.0920614 6.7969837 54 54 54
0.5819505 -1.0858150 6.7581062 58 58 58
0.6104283 -1.0857779 6.7578754 41 41 41
0.6404434 -1.0883567 6.7739263 30 30 30
0.6709124 -1.0914538 6.7932024 34 34 34
0.7014291 -1.0943716 6.8113623 37 37 37
0.7320105 -1.0971566 6.8286967 39 39 39
0.7631745 -1.1005712 6.8499489 32 32 32
0.7937207 -1.1028781 6.8643074 64 64 64
0.8252895 -1.1063937 6.8861885 133 133 133
0.8567755 -1.1095631 6.9059148 131 131 131
0.8879752 -1.1121656 6.9221120 129 129 129
0.9198195 -1.1153840 6.9421434 121 121 121
0.9517346 -1.1184871 6.9614573 54 54 54
0.9834988 -1.1212324 6.9785438 32 32 32
1.0158274 -1.1244429 6.9985266 40 40 40
1.0484853 -1.1278263 7.0195851 40 40 40
1.0812165 -1.1311009 7.0399652 46 46 46
1.2613114 -1.2190868 7.5875893 90 90 90
1.2973057 -1.2228551 7.6110435 85 85 85
1.8916540 -1.0690140 6.6535368 35 35 35
1.9130838 -1.0653232 6.6305656 34 34 34
1.9466078 -1.0683765 6.6495695 26 26 26
1.9793952 -1.0709447 6.6655531 58 58 58
2.0143530 -1.0745987 6.6882963 54 54 54
2.0487397 -1.0778513 6.7085400 51 51 51
2.0843279 -1.0816388 6.7321138 54 54 54
2.1185272 -1.0846136 6.7506285 55 55 55
2.1545384 -1.0884247 6.7743492 49 49 49
2.1892827 -1.0915043 6.7935171 49 49 49
2.2251716 -1.0950679 6.8156962 50 50 50
2.2607462 -1.0983878 6.8363595 47 47 47
2.2979441 -1.1024028 6.8613491 45 45 45
2.3335183 -1.1055489 6.8809295 45 45 45
2.3704557 -1.1092553 6.9039993 47 47 47
2.4070272 -1.1127030 6.9254565 44 44 44
2.4448264 -1.1166284 6.9498892 44 44 44
2.4811711 -1.1198046 6.9696574 45 45 45
2.5186114 -1.1233950 6.9920039 46 46 46
2.5586612 -1.1280527 7.0209942 42 42 42
2.5958114 -1.1313403 7.0414557 42 42 42
2.6354532 -1.1356272 7.0681367 43 43 43
2.6727901 -1.1388358 7.0881076 43 43 43
2.7111361 -1.1423990 7.1102843 46 46 46
2.7507167 -1.1463985 7.1351781 45 45 45
2.7908301 -1.1505313 7.1609006 46 46 46
2.8294835 -1.1539801 7.1823654 46 46 46
2.8705158 -1.1583158 7.2093511 43 43 43
2.9102762 -1.1620528 7.2326097 43 43 43
2.9492490 -1.1654010 7.2534490 44 44 44
2.9923799 -1.1703067 7.2839823 45 45 45
3.0322101 -1.1738349 7.3059421 43 43 43
3.0748389 -1.1783646 7.3341351 39 39 39
3.1153283 -1.1819925 7.3567147 40 40 40
3.1585586 -1.1865785 7.3852582 37 37 37
3.1994283 -1.1901968 7.4077783 34 34 34
3.2432783 -1.1948431 7.4366965 37 37 37
3.2847257 -1.1985236 7.4596043 35 35 35
3.3293808 -1.2032937 7.4892931 35 35 35
3.4164174 -1.2117610 7.5419941 34 34 34
3.4578207 -1.2151344 7.5629892 32 32 32
3.4948945 -1.2169384 7.5742178 28 28 28
-8.0282793 -2.5332143 16.1916828 23 23 23
-6.5677996 -2.7201457 17.3865013 28 28 28
-6.5072021 -2.7254734 17.4205551 28 28 28
-6.2679815 -2.7494349 17.5737114 28 28 28
-4.8327188 -2.4041016 15.3664265 71 71 71
-4.7778745 -2.4091210 15.3985090 131 131 131
-4.1291218 -2.2337987 14.2778912 108 108 108
-4.0650306 -2.2316675 14.2642689 243 243 243
-3.9464893 -2.1991305 14.0563021 253 253 253
-3.6382620 -2.1230364 13.5699263 244 244 244
-3.4398434 -2.0724452 13.2465601 253 253 253
-3.3464012 -2.0494287 13.0994444 253 253 253
-3.2513165 -2.0246170 12.9408541 253 253 253
-3.0732110 -1.9801812 12.6568308 253 253 253
-2.9830582 -1.9560640 12.5026798 253 253 253
-2.8160644 -1.9142270 12.2352676 253 253 253
-2.7360072 -1.8945189 12.1092987 253 253 253
-2.6559992 -1.8740959 11.9787598 253 253 253
-2.1584923 -1.7569568 11.2300358 180 180 180
-2.1154194 -1.7605217 11.2528210 193 193 193
-2.0729556 -1.7647687 11.2799673 166 166 166
-2.0264728 -1.7657135 11.2860060 170 170 170
-1.8939590 -1.7315850 11.0678654 249 249 249
-1.8319203 -1.7171813 10.9758005 253 253 253
-1.7669910 -1.6992512 10.8611956 251 251 251
-1.6453878 -1.6688229 10.6667051 252 252 252
-1.5846410 -1.6523830 10.5616255 250 250 250
-1.5279635 -1.6393584 10.4783754 251 251 251
-1.4688239 -1.6228377 10.3727789 252 252 252
-1.4132977 -1.6094176 10.2870007 252 252 252
-1.3575338 -1.5948683 10.1940060 253 253 253
-1.3046790 -1.5828969 10.1174879 253 253 253
-1.0529535 -1.4697429 9.3942356 253 253 253
-1.0016308 -1.4527621 9.2856979 253 253 253
-0.9533467 -1.4389861 9.1976452 253 253 253
-0.9074712 -1.4278314 9.1263466 253 253 253
-0.8624501 -1.4170923 9.0577059 253 253 253
-0.8164193 -1.4036223 8.9716082 253 253 253
-0.7726042 -1.3928374 8.9026737 253 253 253
-0.7281520 -1.3797439 8.8189831 251 251 251
-0.6858552 -1.3695447 8.7537928 249 249 249
-0.6432517 -1.3575380 8.6770487 253 253 253
-0.6052008 -1.3542706 8.6561642 253 253 253
-0.5665715 -1.3492060 8.6237926 253 253 253
-0.5258924 -1.3382308 8.5536423 253 253 253
-0.4862401 -1.3284442 8.4910889 253 253 253
-0.4465223 -1.3169090 8.4173584 253 253 253
-0.4081941 -1.3078332 8.3593473 253 253 253
-0.3700941 -1.2978423 8.2954884 253 253 253
-0.3331783 -1.2903516 8.2476101 253 253 253
-0.2957099 -1.2787249 8.1732950 253 253 253
-0.2594816 -1.2701010 8.1181726 253 253 253
-0.2238491 -1.2622144 8.0677643 253 253 253
-0.1885340 -1.2536119 8.0127792 253 253 253
-0.1534796 -1.2433649 7.9472828 253 253 253
-0.1191411 -1.2348112 7.8926096 253 253 253
-0.0852818 -1.2265197 7.8396120 253 253 253
-0.0518504 -1.2177793 7.7837453 253 253 253
-0.0189120 -1.2104350 7.7368031 253 253 253
0.0136236 -1.2024852 7.6859899 253 253 253
0.0456661 -1.1928487 7.6243954 253 253 253
0.0773111 -1.1850826 7.5747566 253 253 253
0.1085244 -1.1771743 7.5242090 253 253 253
0.1394130 -1.1701188 7.4791117 253 253 253
0.1698715 -1.1627228 7.4318380 253 253 253
0.1996473 -1.1536860 7.3740773 253 253 253
0.2294135 -1.1470364 7.3315749 253 253 253
0.2585952 -1.1393914 7.2827096 253 253 253
0.2874874 -1.1322289 7.2369285 253 253 253
0.3163382 -1.1262938 7.1989927 246 246 246
0.3442834 -1.1184564 7.1488976 63 63 63
0.3721280 -1.1115803 7.1049476 60 60 60
0.3992128 -1.1036284 7.0541215 195 195 195
0.4267552 -1.0979568 7.0178695 253 253 253
0.4529215 -1.0897100 6.9651580 253 253 253
0.4794460 -1.0832767 6.9240384 224 224 224
0.5055262 -1.0766361 6.8815932 60 60 60
0.5314757 -1.0704532 6.8420730 55 55 55
0.5569797 -1.0640558 6.8011827 55 55 55
0.5822766 -1.0579088 6.7618923 49 49 49
0.6107032 -1.0577563 6.7609181 30 30 30
0.6409943 -1.0607029 6.7797523 32 32 32
0.6711531 -1.0631884 6.7956386 33 33 33
0.7019148 -1.0663863 6.8160791 31 31 31
0.7322147 -1.0686586 6.8306026 34 34 34
0.7633343 -1.0719097 6.8513827 39 39 39
0.7946251 -1.0751555 6.8721294 133 133 133
0.8256201 -1.0777867 6.8889470 139 139 139
0.8571378 -1.0808982 6.9088349 136 136 136
0.8887687 -1.0839431 6.9282980 133 133 133
0.9202153 -1.0865767 6.9451308 80 80 80
0.9521252 -1.0895779 6.9643140 31 31 31
0.9844128 -1.0928190 6.9850297 29 29 29
1.0161947 -1.0953265 7.0010576 28 28 28
1.0488952 -1.0986546 7.0223298 32 32 32
1.0815976 -1.1018018 7.0424461 114 114 114
1.2627313 -1.1884266 7.5961304 85 85 85
1.2978549 -1.1912639 7.6142659 79 79 79
1.3475177 -1.1785340 7.5328999 34 34 34
1.3768023 -1.1764139 7.5193481 29 29 29
1.8928763 -1.0416290 6.6578360 38 38 38
1.9137402 -1.0377183 6.6328402 33 33 33
1.9469950 -1.0405426 6.6508923 26 26 26
1.9799411 -1.0431240 6.6673918 47 47 47
2.2635796 -1.0708997 6.8449273 45 45 45
2.2994208 -1.0741588 6.8657584 45 45 45
2.3351660 -1.0772923 6.8857875 45 45 45
2.3716290 -1.0806762 6.9074163 46 46 46
2.4093730 -1.0845546 6.9322057 46 46 46
2.4456456 -1.0876855 6.9522176 43 43 43
2.4827292 -1.0910987 6.9740338 45 45 45
2.5202966 -1.0946419 6.9966822 45 45 45
2.5591593 -1.0986595 7.0223613 45 45 45
2.5963743 -1.1018858 7.0429826 44 44 44
2.6358199 -1.1059750 7.0691199 43 43 43
2.6735709 -1.1092696 7.0901790 43 43 43
2.7119389 -1.1127446 7.1123900 46 46 46
2.7513478 -1.1165661 7.1368155 44 44 44
2.7914486 -1.1205825 7.1624870 45 45 45
2.8296866 -1.1237732 7.1828818 44 44 44
2.8709304 -1.1280773 7.2103925 46 46 46
2.9107041 -1.1317196 7.2336736 44 44 44
2.9511311 -1.1355377 7.2580781 45 45 45
2.9929533 -1.1398089 7.2853780 44 44 44
3.0351734 -1.1441432 7.3130822 42 42 42
3.0751204 -1.1475421 7.3348069 44 44 44
3.1180770 -1.1519852 7.3632059 45 45 45
3.1585805 -1.1554433 7.3853092 42 42 42
3.2020075 -1.1598929 7.4137497 41 41 41
3.2434032 -1.1635277 7.4369826 41 41 41
3.2875392 -1.1680665 7.4659939 43 43 43
3.3294885 -1.1717497 7.4895358 41 41 41
3.3744485 -1.1764133 7.5193443 42 42 42
3.4162791 -1.1799091 7.5416889 40 40 40
3.4595337 -1.1838278 7.5667362 41 41 41
3.5041807 -1.1881469 7.5943432 39 39 39
3.5497577 -1.1927004 7.6234479 36 36 36
-8.4793673 -2.4571490 16.1405392 29 29 29
-8.4245768 -2.4610264 16.1660099 26 26 26
-8.3833818 -2.4689713 16.2181969 29 29 29
-8.3326654 -2.4742193 16.2526703 28 28 28
-8.2818804 -2.4795341 16.2875824 27 27 27
-8.2298689 -2.4845674 16.3206463 27 27 27
-8.1828070 -2.4911926 16.3641644 26 26 26
-8.0383959 -2.4680409 16.2120857 23 23 23
-7.8917665 -2.4438055 16.0528889 24 24 24
-6.5337715 -2.5756099 16.9186859 31 31 31
-6.3045282 -2.5987504 17.0706902 35 35 35
-5.1050186 -2.3158500 15.2123737 59 59 59
-5.0495358 -2.3198318 15.2385283 64 64 64
-4.2250042 -2.1920981 14.3994713 72 72 72
-4.1381054 -2.1783187 14.3089561 123 123 123
-4.0665045 -2.1723032 14.2694416 244 244 244
-3.9505222 -2.1420426 14.0706663 253 253 253
-3.7283731 -2.0841970 13.6906900 119 119 119
-3.6367145 -2.0649340 13.5641546 249 249 249
-3.5368929 -2.0403464 13.4026423 244 244 244
-3.4434710 -2.0187118 13.2605295 245 245 245
-3.3427448 -1.9920102 13.0851316 248 248 248
-3.2535102 -1.9713755 12.9495859 253 253 253
-3.1598818 -1.9473283 12.7916250 253 253 253
-2.9853158 -1.9047813 12.5121422 253 253 253
-2.8173161 -1.8634592 12.2407055 253 253 253
-2.4316509 -1.7705688 11.6305265 253 253 253
-2.2856286 -1.7342012 11.3916340 253 253 253
-2.1592526 -1.7102026 11.2339916 192 192 192
-2.1161094 -1.7136279 11.2564917 198 198 198
-2.0736799 -1.7178017 11.2839088 183 183 183
-1.9591317 -1.7009747 11.1733761 247 247 247
-1.8954941 -1.6862781 11.0768366 253 253 253
-1.7682748 -1.6546514 10.8690863 246 246 246
-1.7052544 -1.6381418 10.7606382 252 252 252
-1.6445284 -1.6229937 10.6611338 250 250 250
-1.5857794 -1.6090003 10.5692139 250 250 250
-1.5290959 -1.5963538 10.4861403 252 252 252
-1.4692811 -1.5795877 10.3760071 253 253 253
-1.4145401 -1.5674144 10.2960434 252 252 252
-1.3585608 -1.5530547 10.2017174 253 253 253
-1.1033875 -1.4442894 9.4872599 253 253 253
-1.0537444 -1.4312022 9.4012918 253 253 253
-0.9956922 -1.4052236 9.2306442 253 253 253
-0.9481280 -1.3925353 9.1472969 253 253 253
-0.9025127 -1.3817545 9.0764799 253 253 253
-0.8560265 -1.3686264 8.9902430 253 253 253
-0.8118985 -1.3582267 8.9219294 253 253 253
-0.7684343 -1.3479805 8.8546247 253 253 253
-0.7250258 -1.3367907 8.7811213 253 253 253
-0.6829162 -1.3269199 8.7162809 253 253 253
-0.6434446 -1.3213435 8.6796513 253 253 253
-0.6054990 -1.3184172 8.6604290 253 253 253
-0.5659274 -1.3113474 8.6139889 253 253 253
-0.5261989 -1.3029194 8.5586271 253 253 253
-0.4864914 -1.2933059 8.4954767 253 253 253
-0.4467386 -1.2820342 8.4214363 253 253 253
-0.4083926 -1.2732012 8.3634138 253 253 253
-0.3704448 -1.2640573 8.3033485 253 253 253
-0.3327565 -1.2539822 8.2371674 253 253 253
-0.2958907 -1.2450193 8.1782923 253 253 253
-0.2596726 -1.2367762 8.1241455 253 253 253
-0.2239098 -1.2285261 8.0699520 253 253 253
-0.1886084 -1.2203038 8.0159407 253 253 253
-0.1535209 -1.2101767 7.9494181 253 253 253
-0.1191976 -1.2020988 7.8963556 253 253 253
-0.0853291 -1.1941228 7.8439627 253 253 253
-0.0518695 -1.1853915 7.7866087 253 253 253
-0.0189242 -1.1785655 7.7417698 253 253 253
0.0136111 -1.1690035 7.6789594 253 253 253
0.0456963 -1.1614648 7.6294389 253 253 253
0.0773725 -1.1540561 7.5807724 253 253 253
0.1085934 -1.1461730 7.5289898 253 253 253
0.1395050 -1.1393310 7.4840460 253 253 253
0.1697182 -1.1303624 7.4251328 253 253 253
0.1997818 -1.1233460 7.3790436 253 253 253
0.2295267 -1.1166706 7.3351941 253 253 253
0.2587528 -1.1093563 7.2871480 253 253 253
0.2876976 -1.1025165 7.2422190 253 253 253
0.3164181 -1.0962129 7.2008114 253 253 253
0.3445976 -1.0893030 7.1554217 130 130 130
0.3718474 -1.0808033 7.0995889 61 61 61
0.3992537 -1.0739915 7.0548434 93 93 93
0.4263815 -1.0674272 7.0117235 253 253 253
0.4532084 -1.0610098 6.9695692 253 253 253
0.4796676 -1.0545657 6.9272389 253 253 253
0.5058636 -1.0483160 6.8861861 97 97 97
0.5317326 -1.0421038 6.8453794 56 56 56
0.5572841 -1.0359415 6.8049002 53 53 53
0.5827512 -1.0302333 6.7674041 48 48 48
0.6108158 -1.0294358 6.7621655 30 30 30
0.6412310 -1.0324943 6.7822566 31 31 31
0.6713116 -1.0347759 6.7972441 31 31 31
0.7019150 -1.0376436 6.8160806 33 33 33
0.7326877 -1.0405259 6.8350143 35 35 35
0.7637717 -1.0436153 6.8553085 124 124 124
0.7949656 -1.0466244 6.8750744 132 132 132
0.8261356 -1.0493912 6.8932481 142 142 142
0.8574628 -1.0521628 6.9114547 144 144 144
0.8891905 -1.0552274 6.9315858 117 117 117
0.9202880 -1.0573729 6.9456792 32 32 32
0.9524592 -1.0605817 6.9667573 30 30 30
0.9846485 -1.0636179 6.9867015 28 28 28
1.0171354 -1.0667900 7.0075383 29 29 29
1.0491072 -1.0692577 7.0237489 83 83 83
1.0819347 -1.0724384 7.0446410 134 134 134
1.2633238 -1.1569366 7.5996943 90 90 90
1.3214962 -1.1517748 7.5657873 68 68 68
1.3437979 -1.1436025 7.5121050 73 73 73
1.3691524 -1.1383449 7.4775686 82 82 82
1.5605228 -1.0955961 7.1967592 149 149 149
1.5818442 -1.0893794 7.1559234 166 166 166
1.6286038 -1.0803624 7.0966926 192 192 192
1.6493552 -1.0743859 7.0574341 177 177 177
1.6932081 -1.0645348 6.9927239 149 149 149
1.7145269 -1.0594866 6.9595642 158 158 158
1.7356957 -1.0545174 6.9269214 155 155 155
1.7563553 -1.0494082 6.8933606 157 157 157
1.7770371 -1.0444787 6.8609791 155 155 155
1.7996925 -1.0408483 6.8371325 143 143 143
1.8224951 -1.0374163 6.8145881 65 65 65
1.8937902 -1.0140426 6.6610508 39 39 39
1.9144894 -1.0101433 6.6354370 32 32 32
1.9482193 -1.0131328 6.6550741 29 29 29
1.9791111 -1.0145824 6.6645966 56 56 56
2.7536688 -1.0873870 7.1428361 37 37 37
2.7926652 -1.0908538 7.1656089 40 40 40
2.8340507 -1.0951697 7.1939588 43 43 43
2.8729734 -1.0984526 7.2155232 44 44 44
2.9127119 -1.1019752 7.2386632 46 46 46
2.9537942 -1.1059279 7.2646279 45 45 45
2.9935477 -1.1093071 7.2868247 44 44 44
3.0355709 -1.1134502 7.3140397 45 45 45
3.0759709 -1.1169205 7.3368354 42 42 42
3.1184108 -1.1210549 7.3639941 43 43 43
3.1598377 -1.1247473 7.3882489 42 42 42
3.2026007 -1.1288385 7.4151230 43 43 43
3.2443542 -1.1324983 7.4391637 41 41 41
3.2881434 -1.1367917 7.4673662 43 43 43
3.3326867 -1.1412619 7.4967299 40 40 40
3.3748651 -1.1448458 7.5202723 42 42 42
3.4201291 -1.1494001 7.5501881 40 40 40
3.4628136 -1.1530114 7.5739102 38 38 38
3.5066304 -1.1569303 7.5996523 39 39 39
3.5530636 -1.1616336 7.6305475 39 39 39
-8.4507751 -2.3810294 16.0861130 31 31 31
-8.4009380 -2.3861411 16.1206493 33 33 33
-8.3465090 -2.3900213 16.1468639 33 33 33
-8.2964115 -2.3952160 16.1819592 35 35 35
-8.2515812 -2.4020302 16.2279949 32 32 32
-8.2003565 -2.4070814 16.2621212 31 31 31
-8.1494951 -2.4123251 16.2975464 28 28 28
-6.5934587 -2.4998448 16.8888245 32 32 32
-6.5355759 -2.5049562 16.9233589 33 33 33
-6.0062289 -2.5529606 17.2476730 32 32 32
-5.1062427 -2.2522402 15.2160215 56 56 56
-5.0528183 -2.2570381 15.2484350 52 52 52
-5.0002351 -2.2623401 15.2842560 77 77 77
-4.5298395 -2.1609282 14.5991220 229 229 229
-4.4767861 -2.1650441 14.6269283 213 213 213
-4.4250889 -2.1699398 14.6600037 202 202 202
-4.1752210 -2.1369750 14.4372959 154 154 154
-4.0658236 -2.1117759 14.2670517 253 253 253
-3.9521587 -2.0835700 14.0764942 253 253 253
-3.7413733 -2.0335300 13.7384262 200 200 200
-3.6395423 -2.0092959 13.5747013 247 247 247
-3.5395133 -1.9852978 13.4125719 245 245 245
-3.4464967 -1.9645175 13.2721815 249 249 249
-3.3461637 -1.9388119 13.0985155 253 253 253
-3.2568383 -1.9187285 12.9628325 253 253 253
-3.1626487 -1.8950446 12.8028250 253 253 253
-2.9878438 -1.8535866 12.5227375 253 253 253
-2.9019089 -1.8326654 12.3813953 253 253 253
-2.8197970 -1.8134365 12.2514858 253 253 253
-2.5851715 -1.7592444 11.8853664 253 253 253
-2.4332244 -1.7226375 11.6380529 253 253 253
-2.2876501 -1.6876546 11.4017096 253 253 253
-2.1601810 -1.6635443 11.2388210 188 188 188
-2.1170030 -1.6668633 11.2612448 201 201 201
-2.0747437 -1.6710750 11.2896986 187 187 187
-1.8965541 -1.6404845 11.0830307 252 252 252
-1.7695320 -1.6099608 10.8768139 248 248 248
-1.7064382 -1.5938703 10.7681074 249 249 249
-1.6458431 -1.5792979 10.6696568 251 251 251
-1.5869505 -1.5655859 10.5770187 249 249 249
-1.5302705 -1.5533265 10.4941950 251 251 251
-1.4704729 -1.5370784 10.3844242 251 251 251
-1.4135603 -1.5229410 10.2889128 253 253 253
-1.3593978 -1.5109650 10.2080030 253 253 253
-1.3040369 -1.4968300 10.1125078 253 253 253
-1.1042295 -1.4053538 9.4944992 253 253 253
-0.9906653 -1.3594005 9.1840410 253 253 253
-0.9439541 -1.3480010 9.1070271 253 253 253
-0.8985640 -1.3376014 9.0367680 253 253 253
-0.8522643 -1.3248665 8.9507313 253 253 253
-0.8083675 -1.3148599 8.8831272 253 253 253
-0.7650908 -1.3049383 8.8160973 253 253 253
-0.7211539 -1.2928200 8.7342262 253 253 253
-0.6820919 -1.2886065 8.7057610 253 253 253
-0.6437113 -1.2852743 8.6832485 253 253 253
-0.6058800 -1.2827032 8.6658783 253 253 253
-0.5662882 -1.2758356 8.6194811 253 253 253
-0.5264820 -1.2675098 8.5632324 253 253 253
-0.4859140 -1.2559886 8.4853954 253 253 253
-0.4470594 -1.2474164 8.4274817 253 253 253
-0.4087101 -1.2388955 8.3699160 253 253 253
-0.3702594 -1.2284274 8.2991934 253 253 253
-0.3329999 -1.2201383 8.2431936 253 253 253
-0.2961163 -1.2114550 8.1845284 253 253 253
-0.2596071 -1.2022142 8.1220989 253 253 253
-0.2240830 -1.1954194 8.0761929 253 253 253
-0.1884085 -1.1852437 8.0074472 253 253 253
-0.1536101 -1.1773384 7.9540381 253 253 253
-0.1192799 -1.1696073 7.9018078 253 253 253
-0.0853828 -1.1617757 7.8488979 253 253 253
-0.0518713 -1.1525960 7.7868805 253 253 253
-0.0189064 -1.1448433 7.7345037 253 253 253
0.0136200 -1.1373653 7.6839828 253 253 253
0.0457246 -1.1299901 7.6341562 253 253 253
0.0774191 -1.1227629 7.5853300 253 253 253
0.1086946 -1.1154622 7.5360060 253 253 253
0.1394033 -1.1069640 7.4785929 253 253 253
0.1698543 -1.0999321 7.4310856 253 253 253
0.1999462 -1.0931278 7.3851166 253 253 253
0.2296829 -1.0864770 7.3401847 253 253 253
0.2587433 -1.0785869 7.2868786 253 253 253
0.2879333 -1.0728549 7.2481532 253 253 253
0.3160698 -1.0646741 7.1928849 253 253 253
0.3443099 -1.0582447 7.1494479 237 237 237
0.3721104 -1.0516082 7.1046119 61 61 61
0.3995572 -1.0450355 7.0602069 60 60 60
0.4265489 -1.0382667 7.0144773 222 222 222
0.4535906 -1.0324894 6.9754467 253 253 253
0.4799278 -1.0259101 6.9309974 253 253 253
0.5061331 -1.0198205 6.8898554 198 198 198
0.5320120 -1.0137699 6.8489776 57 57 57
0.5575486 -1.0077236 6.8081293 55 55 55
0.5830650 -1.0022349 6.7710485 46 46 46
0.6111128 -1.0014067 6.7654529 29 29 29
0.6414898 -1.0042990 6.7849941 30 30 30
0.6720336 -1.0071943 6.8045540 32 32 32
0.7023706 -1.0095553 6.8205051 32 32 32
0.7330564 -1.0122120 6.8384533 95 95 95
0.7640182 -1.0150344 6.8575215 138 138 138
0.7951575 -1.0178782 6.8767338 146 146 146
0.8265069 -1.0207813 6.8963470 141 141 141
0.8577461 -1.0233555 6.9137378 135 135 135
0.8894805 -1.0263319 6.9338470 37 37 37
0.9212438 -1.0291511 6.9528928 28 28 28
0.9531658 -1.0319682 6.9719253 28 28 28
0.9850250 -1.0345509 6.9893737 29 29 29
1.0175217 -1.0376335 7.0102000 57 57 57
1.0498698 -1.0403948 7.0288548 135 135 135
1.0823449 -1.0431268 7.0473123 134 134 134
1.2637881 -1.1253027 7.6024880 87 87 87
1.2932667 -1.1230615 7.5873470 67 67 67
1.3191823 -1.1179093 7.5525393 69 69 69
1.3445439 -1.1125417 7.5162754 83 83 83
1.3697060 -1.1072599 7.4805918 85 85 85
1.3930236 -1.1007584 7.4366684 90 90 90
1.4171983 -1.0952055 7.3991537 102 102 102
1.4417988 -1.0902141 7.3654313 128 128 128
1.4656994 -1.0849149 7.3296304 166 166 166
1.4894277 -1.0797098 7.2944646 141 141 141
1.5126824 -1.0743788 7.2584496 166 166 166
1.5362459 -1.0694745 7.2253156 146 146 146
1.5590503 -1.0642425 7.1899686 148 148 148
1.5819719 -1.0592887 7.1565008 166 166 166
1.6043780 -1.0541817 7.1219983 194 194 194
1.6265808 -1.0491313 7.0878778 206 206 206
1.6485730 -1.0441296 7.0540872 172 172 172
1.6723560 -1.0404195 7.0290213 159 159 159
1.6938413 -1.0354339 6.9953389 155 155 155
1.7152718 -1.0305861 6.9625878 157 157 157
1.7363991 -1.0257224 6.9297285 155 155 155
1.7573316 -1.0209064 6.8971925 160 160 160
1.7780997 -1.0161535 6.8650818 157 157 157
1.7985841 -1.0113932 6.8329215 145 145 145
1.8232858 -1.0091171 6.8175449 56 56 56
1.8924210 -0.9852404 6.6562347 41 41 41
1.9152133 -0.9825335 6.6379461 31 31 31
1.9502290 -0.9860849 6.6619396 25 25 25
3.2930486 -1.1069510 7.4785056 28 28 28
3.3381884 -1.1114805 7.5091057 32 32 32
3.3837779 -1.1160730 7.5401330 33 33 33
3.4265738 -1.1196672 7.5644150 36 36 36
3.5088444 -1.1255931 7.6044502 36 36 36
3.5555379 -1.1302425 7.6358614 36 36 36
-8.4283886 -2.3070672 16.0435009 34 34 34
-8.3786631 -2.3120146 16.0779057 34 34 34
-8.3329124 -2.3181486 16.1205616 36 36 36
-8.2784920 -2.3219516 16.1470089 35 35 35
-8.2283335 -2.3270230 16.1822758 36 36 36
-8.1779909 -2.3321269 16.2177677 34 34 34
-8.1304550 -2.3381238 16.2594700 33 33 33
-7.8703628 -2.3021564 16.0093498 36 36 36
-6.6009955 -2.4314017 16.9081306 67 67 67
-5.1087141 -2.1891341 15.2233858 55 55 55
-5.0556917 -2.1939831 15.2571058 57 57 57
-4.5840330 -2.0959947 14.5756884 252 252 252
-4.5308356 -2.0998261 14.6023331 244 244 244
-4.4777894 -2.1038346 14.6302071 240 240 240
-4.4272776 -2.1091621 14.6672554 242 242 242
-4.2994924 -2.1071608 14.6533384 243 243 243
-4.1808820 -2.0789087 14.4568710 253 253 253
-4.0700941 -2.0537674 14.2820368 253 253 253
-3.9562531 -2.0263073 14.0910778 253 253 253
-3.8529437 -2.0034859 13.9323769 251 251 251
-3.7453802 -1.9777117 13.7531404 252 252 252
-3.6434207 -1.9541322 13.5891666 246 246 246
-3.5434690 -1.9308933 13.4275618 238 238 238
-3.3492422 -1.8853090 13.1105661 251 251 251
-3.2595820 -1.8656352 12.9737520 250 250 250
-3.1652095 -1.8425463 12.8131914 253 253 253
-2.9049323 -1.7823087 12.3942947 253 253 253
-2.5880444 -1.7110238 11.8985748 253 253 253
-2.4365041 -1.6758164 11.6537399 253 253 253
-2.3607543 -1.6571398 11.5238619 253 253 253
-2.2901108 -1.6413379 11.4139738 253 253 253
-2.1610520 -1.6168023 11.2433529 195 195 195
-2.1185515 -1.6205598 11.2694817 203 203 203
-2.0756209 -1.6241531 11.2944708 186 186 186
-1.9618577 -1.6089752 11.1889219 246 246 246
-1.8980283 -1.5949867 11.0916452 252 252 252
-1.8316355 -1.5780828 10.9740944 249 249 249
-1.7708368 -1.5652472 10.8848343 248 248 248
-1.7077451 -1.5496478 10.7763548 250 250 250
-1.6457266 -1.5341959 10.6689014 252 252 252
-1.5879701 -1.5219603 10.5838137 249 249 249
-1.5282029 -1.5070341 10.4800167 251 251 251
-1.4719517 -1.4947895 10.3948669 251 251 251
-1.4144176 -1.4804505 10.2951527 253 253 253
-1.3603568 -1.4689538 10.2152042 253 253 253
-1.3049458 -1.4551997 10.1195574 253 253 253
-1.1029882 -1.3637813 9.4838276 253 253 253
-0.9863189 -1.3148777 9.1437483 253 253 253
-0.9387413 -1.3023653 9.0567360 253 253 253
-0.8935910 -1.2923020 8.9867554 253 253 253
-0.8475678 -1.2800289 8.9014072 253 253 253
-0.8039820 -1.2704700 8.8349342 253 253 253
-0.7596650 -1.2587707 8.7535763 253 253 253
-0.7207279 -1.2552460 8.7290659 253 253 253
-0.6821374 -1.2519784 8.7063417 253 253 253
-0.6440992 -1.2494102 8.6884823 253 253 253
-0.6058707 -1.2461405 8.6657448 253 253 253
-0.5667616 -1.2405238 8.6266861 253 253 253
-0.5267911 -1.2321221 8.5682592 253 253 253
-0.4861692 -1.2208470 8.4898520 253 253 253
-0.4473663 -1.2127100 8.4332666 253 253 253
-0.4089847 -1.2044086 8.3755388 253 253 253
-0.3704804 -1.1941425 8.3041477 253 253 253
-0.3332198 -1.1861600 8.2486362 253 253 253
-0.2962839 -1.1776075 8.1891623 253 253 253
-0.2597620 -1.1686605 8.1269445 253 253 253
-0.2238136 -1.1599665 8.0664854 253 253 253
-0.1885460 -1.1523170 8.0132904 253 253 253
-0.1537252 -1.1446538 7.9599996 253 253 253
-0.1193675 -1.1371200 7.9076090 253 253 253
-0.0854489 -1.1295502 7.8549681 253 253 253
-0.0519012 -1.1204053 7.7913742 253 253 253
-0.0189210 -1.1130837 7.7404590 253 253 253
0.0136300 -1.1057731 7.6896210 253 253 253
0.0457565 -1.0985652 7.6394968 253 253 253
0.0774791 -1.0916213 7.5912085 253 253 253
0.1086354 -1.0830929 7.5319014 253 253 253
0.1394808 -1.0760251 7.4827509 253 253 253
0.1699605 -1.0692636 7.4357309 253 253 253
0.2000771 -1.0626805 7.3899522 253 253 253
0.2298093 -1.0561049 7.3442245 253 253 253
0.2587942 -1.0480646 7.2883120 253 253 253
0.2877046 -1.0414618 7.2423959 249 249 249
0.3162577 -1.0349573 7.1971622 253 253 253
0.3444780 -1.0285978 7.1529384 253 253 253
0.3722260 -1.0219656 7.1068177 100 100 100
0.3998048 -1.0158921 7.0645823 58 58 58
0.4269973 -1.0097474 7.0218515 103 103 103
0.4538372 -1.0036199 6.9792399 253 253 253
0.4802612 -0.9973748 6.9358115 253 253 253
0.5061807 -0.9908593 6.8905025 253 253 253
0.5323173 -0.9854531 6.8529067 72 72 72
0.5572167 -0.9784313 6.8040767 53 53 53
0.5824352 -0.9726300 6.7637343 45 45 45
0.6116406 -0.9737175 6.7712965 30 30 30
0.6416934 -0.9759968 6.7871475 29 29 29
0.6724283 -0.9790745 6.8085504 28 28 28
0.7031313 -0.9818558 6.8278913 54 54 54
0.7336331 -0.9841483 6.8438339 137 137 137
0.7647692 -0.9870859 6.8642621 155 155 155
0.7955709 -0.9893935 6.8803086 152 152 152
0.8267822 -0.9920301 6.8986440 138 138 138
0.8581598 -0.9946802 6.9170728 61 61 61
0.8897607 -0.9974064 6.9360309 28 28 28
0.9216669 -1.0002904 6.9560866 29 29 29
0.9536457 -1.0030727 6.9754357 29 29 29
0.9854689 -1.0055300 6.9925232 38 38 38
1.0176947 -1.0082432 7.0113916 127 127 127
1.0501372 -1.0110120 7.0306449 140 140 140
1.0833614 -1.0143604 7.0539308 131 131 131
1.2288744 -1.0907099 7.5848703 85 85 85
1.2643676 -1.0937446 7.6059742 80 80 80
1.2941148 -1.0917817 7.5923233 66 66 66
1.3183104 -1.0853429 7.5475473 70 70 70
1.3437057 -1.0801721 7.5115891 76 76 76
1.3686888 -1.0749158 7.4750366 80 80 80
1.3934600 -1.0697334 7.4389982 83 83 83
1.4180616 -1.0646520 7.4036613 89 89 89
1.4423585 -1.0595655 7.3682899 106 106 106
1.4662989 -1.0544373 7.3326283 118 118 118
1.4900645 -1.0493978 7.2975831 137 137 137
1.5135186 -1.0443473 7.2624612 166 166 166
1.5368012 -1.0393811 7.2279267 161 161 161
1.5598129 -1.0344285 7.1934857 158 158 158
1.5825285 -1.0294721 7.1590190 161 161 161
1.6047641 -1.0243950 7.1237121 168 168 168
1.6274066 -1.0197594 7.0914760 166 166 166
1.6494328 -1.0149119 7.0577655 156 156 156
1.6711267 -1.0100354 7.0238547 151 151 151
1.6927911 -1.0053113 6.9910021 154 154 154
1.7160002 -1.0016505 6.9655447 157 157 157
1.7361196 -0.9963397 6.9286132 157 157 157
1.7581840 -0.9923024 6.9005380 158 158 158
1.7788010 -0.9875931 6.8677893 156 156 156
1.7994788 -0.9830679 6.8363204 150 150 150
1.8934512 -0.9576926 6.6598582 40 40 40
1.9175241 -0.9556932 6.6459551 29 29 29
1.9510810 -0.9584103 6.6648502 24 24 24
1.9874245 -0.9623996 6.6925917 23 23 23
-8.4157887 -2.2360649 16.0195179 38 38 38
-8.3669519 -2.2410779 16.0554314 43 43 43
-8.3184395 -2.2462606 16.0925617 40 40 40
-8.2640724 -2.2499347 16.1188831 40 40 40
-8.2168407 -2.2556283 16.1596718 38 38 38
-8.1662283 -2.2604814 16.1944408 36 36 36
-8.1156387 -2.2654226 16.2298393 35 35 35
-7.8653641 -2.2332265 15.9991817 40 40 40
-6.2883639 -2.3236194 16.6467705 62 62 62
-6.2330432 -2.3291788 16.6865997 55 55 55
-6.1758566 -2.3341603 16.7222881 54 54 54
-6.1196737 -2.3396404 16.7615490 52 52 52
-5.1123557 -2.1264524 15.2342367 54 54 54
-3.7493708 -1.9217608 13.7677937 236 236 236
-3.6478012 -1.8991079 13.6055050 237 237 237
-3.5444555 -1.8747917 13.4313002 236 236 236
-3.3541083 -1.8326813 13.1296148 247 247 247
-3.1695490 -1.7909659 12.8307590 253 253 253
-2.9056695 -1.7304816 12.3974400 253 253 253
-2.7410502 -1.6933773 12.1316185 253 253 253
-2.5848799 -1.6588173 11.8840256 253 253 253
-2.5077500 -1.6411377 11.7573671 253 253 253
-2.4320045 -1.6236689 11.6322174 253 253 253
-2.1619358 -1.5700315 11.2479506 200 200 200
-2.1192760 -1.5735751 11.2733374 208 208 208
-2.0763192 -1.5770555 11.2982712 192 192 192
-1.9634511 -1.5630606 11.1980104 245 245 245
-1.8333313 -1.5332239 10.9842548 251 251 251
-1.7686483 -1.5174687 10.8713818 250 250 250
-1.7087890 -1.5051239 10.7829418 252 252 252
-1.6466453 -1.4900371 10.6748571 251 251 251
-1.5890776 -1.4783592 10.5911961 250 250 250
-1.5289247 -1.4635314 10.4849672 250 250 250
-1.4729383 -1.4519274 10.4018345 250 250 250
-1.4153832 -1.4380175 10.3021812 253 253 253
-1.3613259 -1.4268926 10.2224817 253 253 253
-1.3059031 -1.4135623 10.1269808 253 253 253
-1.1040052 -1.3250090 9.4925709 253 253 253
-0.9808361 -1.2692240 9.0929193 253 253 253
-0.9331785 -1.2566823 9.0030670 253 253 253
-0.8879005 -1.2464172 8.9295263 253 253 253
-0.8429765 -1.2357616 8.8531885 253 253 253
-0.7994445 -1.2262536 8.7850723 253 253 253
-0.7595083 -1.2216053 8.7517700 253 253 253
-0.7211028 -1.2190700 8.7336073 253 253 253
-0.6825203 -1.2159463 8.7112284 253 253 253
-0.6441519 -1.2128704 8.6891918 253 253 253
-0.6061421 -1.2101394 8.6696272 253 253 253
-0.5671182 -1.2049032 8.6321144 253 253 253
-0.5259340 -1.1940442 8.5543194 253 253 253
-0.4865130 -1.1858835 8.4958544 253 253 253
-0.4477432 -1.1781393 8.4403734 253 253 253
-0.4086159 -1.1680351 8.3679857 253 253 253
-0.3707792 -1.1600590 8.3108435 253 253 253
-0.3334776 -1.1522666 8.2550173 253 253 253
-0.2965339 -1.1440387 8.1960707 253 253 253
-0.2597829 -1.1344807 8.1275959 253 253 253
-0.2239787 -1.1267812 8.0724363 253 253 253
-0.1885278 -1.1184173 8.0125151 253 253 253
-0.1538586 -1.1120505 7.9669032 253 253 253
-0.1192568 -1.1027510 7.9002800 253 253 253
-0.0853589 -1.0952716 7.8466964 253 253 253
-0.0519302 -1.0881567 7.7957244 253 253 253
-0.0189334 -1.0811555 7.7455664 253 253 253
0.0136318 -1.0734837 7.6906042 253 253 253
0.0457287 -1.0657009 7.6348467 253 253 253
0.0774211 -1.0588163 7.5855255 253 253 253
0.1087255 -1.0522031 7.5381470 253 253 253
0.1396082 -1.0454241 7.4895816 253 253 253
0.1700436 -1.0384152 7.4393682 253 253 253
0.2002437 -1.0323762 7.3961043 253 253 253
0.2297074 -1.0246803 7.3409691 253 253 253
0.2590531 -1.0183479 7.2956028 253 253 253
0.2879348 -1.0117300 7.2481914 153 153 153
0.3164867 -1.0053344 7.2023721 252 252 252
0.3447445 -0.9992066 7.1584716 253 253 253
0.3726555 -0.9931411 7.1150174 216 216 216
0.4000838 -0.9867893 7.0695124 89 89 89
0.4272066 -0.9806170 7.0252929 84 84 84
0.4536554 -0.9737983 6.9764428 181 181 181
0.4798828 -0.9673641 6.9303474 253 253 253
0.5061796 -0.9618002 6.8904867 253 253 253
0.5319921 -0.9559705 6.8487215 180 180 180
0.5576242 -0.9504333 6.8090525 66 66 66
0.5828003 -0.9446996 6.7679749 55 55 55
0.6120840 -0.9458483 6.7762051 30 30 30
0.6423620 -0.9483628 6.7942185 28 28 28
0.6726756 -0.9507129 6.8110547 38 38 38
0.7034432 -0.9534857 6.8309202 144 144 144
0.7339428 -0.9556915 6.8467226 145 145 145
0.7650525 -0.9584947 6.8668051 151 151 151
0.7963928 -0.9613717 6.8874164 146 146 146
0.8273851 -0.9636410 6.9036746 88 88 88
0.8589639 -0.9664159 6.9235539 27 27 27
0.8907989 -0.9692871 6.9441242 26 26 26
0.9222258 -0.9715457 6.9603047 26 26 26
0.9544981 -0.9745280 6.9816704 31 31 31
0.9865561 -0.9771196 7.0002370 106 106 106
1.0183566 -0.9793131 7.0159516 136 136 136
1.0511550 -0.9823152 7.0374589 133 133 133
1.0839140 -0.9851167 7.0575290 122 122 122
1.2655355 -1.0626513 7.6129990 76 76 76
1.2932853 -1.0590860 7.5874567 61 61 61
1.3188676 -1.0539606 7.5507374 69 69 69
1.3442403 -1.0489132 7.5145783 69 69 69
1.3692294 -1.0438061 7.4779892 72 72 72
1.3941180 -1.0388539 7.4425106 75 75 75
1.4186280 -1.0338439 7.4066186 84 84 84
1.4430300 -1.0289727 7.3717208 96 96 96
1.4670441 -1.0240362 7.3363547 109 109 109
1.4908642 -1.0191710 7.3014994 115 115 115
1.5144174 -1.0143239 7.2667747 120 120 120
1.5377629 -1.0095327 7.2324495 125 125 125
1.5607138 -1.0046738 7.1976399 132 132 132
1.5834615 -0.9998722 7.1632400 139 139 139
1.6055665 -0.9948519 7.1272740 146 146 146
1.6282421 -0.9903633 7.0951171 152 152 152
1.6501805 -0.9855962 7.0609651 152 152 152
1.6719191 -0.9808811 7.0271850 156 156 156
1.6936965 -0.9763525 6.9947414 156 156 156
1.7147928 -0.9715930 6.9606438 160 160 160
1.7357856 -0.9669360 6.9272804 158 158 158
1.7589477 -0.9636217 6.9035358 158 158 158
1.7796284 -0.9590779 6.8709836 157 157 157
1.7990749 -0.9540253 6.8347859 149 149 149
1.8946151 -0.9301796 6.6639519 39 39 39
1.9179913 -0.9278936 6.6475744 30 30 30
1.9517995 -0.9306476 6.6673040 26 26 26
-8.4081736 -2.1665492 16.0050220 50 50 50
-8.3593321 -2.1713939 16.0408115 54 54 54
-8.3110209 -2.1764565 16.0782108 47 47 47
-8.2573233 -2.1801803 16.1057186 45 45 45
-8.2078056 -2.1850786 16.1419048 47 47 47
-8.1577196 -2.1899061 16.1775665 42 42 42
-8.1087332 -2.1951129 16.2160320 38 38 38
-7.8655405 -2.1658072 15.9995413 41 41 41
-6.2908058 -2.2542956 16.6532345 54 54 54
-2.1627283 -1.5231577 11.2520742 193 193 193
-2.1200724 -1.5266093 11.2775726 204 204 204
-2.0772245 -1.5300781 11.3031969 188 188 188
-2.0298576 -1.5303028 11.3048573 170 170 170
-1.9645832 -1.5167133 11.2044668 249 249 249
-1.8344666 -1.4878246 10.9910564 252 252 252
-1.7699159 -1.4726795 10.8791742 247 247 247
-1.7078962 -1.4588902 10.7773094 242 242 242
-1.6479564 -1.4461722 10.6833572 251 251 251
-1.5902812 -1.4347826 10.5992184 251 251 251
-1.5300922 -1.4204006 10.4929733 246 246 246
-1.4713228 -1.4065192 10.3904257 251 251 251
-1.4165467 -1.3957200 10.3106499 252 252 252
-1.3598623 -1.3822973 10.2114906 253 253 253
-1.3067189 -1.3717138 10.1333065 253 253 253
-0.9753488 -1.2239934 9.0420485 253 253 253
-0.9284417 -1.2125306 8.9573679 253 253 253
-0.8838215 -1.2032087 8.8885040 253 253 253
-0.8393074 -1.1932119 8.8146553 253 253 253
-0.7989146 -1.1884191 8.7792482 253 253 253
-0.7599530 -1.1853932 8.7568951 253 253 253
-0.7212678 -1.1825113 8.7356052 253 253 253
-0.6827862 -1.1796709 8.7146225 253 253 253
-0.6445176 -1.1768963 8.6941252 253 253 253
-0.6064867 -1.1742473 8.6745558 253 253 253
-0.5675678 -1.1694283 8.6389570 253 253 253
-0.5266371 -1.1595190 8.5657539 253 253 253
-0.4869905 -1.1511859 8.5041943 253 253 253
-0.4480599 -1.1433547 8.4463425 253 253 253
-0.4088504 -1.1333981 8.3727894 253 253 253
-0.3709876 -1.1256450 8.3155155 253 253 253
-0.3336292 -1.1179637 8.2587700 253 253 253
-0.2962268 -1.1083272 8.1875820 253 253 253
-0.2599007 -1.1007063 8.1312847 253 253 253
-0.2240979 -1.0933214 8.0767307 253 253 253
-0.1886481 -1.0853211 8.0176287 253 253 253
-0.1538956 -1.0787140 7.9688206 253 253 253
-0.1192856 -1.0696942 7.9021873 253 253 253
-0.0854064 -1.0627735 7.8510618 253 253 253
-0.0519558 -1.0558017 7.7995591 253 253 253
-0.0189419 -1.0489607 7.7490225 253 253 253
0.0136390 -1.0416076 7.6947031 253 253 253
0.0457403 -1.0337683 7.6367912 253 253 253
0.0774478 -1.0271828 7.5881419 253 253 253
0.1087579 -1.0207194 7.5403948 253 253 253
0.1396521 -1.0141599 7.4919376 253 253 253
0.1701168 -1.0074772 7.4425702 253 253 253
0.1999817 -0.9998776 7.3864293 253 253 253
0.2296971 -0.9936791 7.3406391 253 253 253
0.2590179 -0.9874489 7.2946143 253 253 253
0.2879765 -0.9813069 7.2492414 85 85 85
0.3165818 -0.9752554 7.2045369 251 251 251
0.3448341 -0.9692715 7.1603322 253 253 253
0.3725274 -0.9628065 7.1125727 253 253 253
0.4001037 -0.9570251 7.0698638 77 77 77
0.4267116 -0.9498898 7.0171533 57 57 57
0.4534934 -0.9440418 6.9739518 120 120 120
0.4801292 -0.9386209 6.9339056 253 253 253
0.5064172 -0.9331813 6.8937216 253 253 253
0.5321274 -0.9273255 6.8504634 253 253 253
0.5579807 -0.9223092 6.8134060 75 75 75
0.5831329 -0.9166822 6.7718372 60 60 60
0.6123906 -0.9177330 6.7795997 30 30 30
0.6428245 -0.9203742 6.7991114 32 32 32
0.6731195 -0.9225994 6.8155494 122 122 122
0.7037965 -0.9251446 6.8343511 152 152 152
0.7346057 -0.9276564 6.8529067 155 155 155
0.7653979 -0.9299574 6.8699055 156 156 156
0.7967690 -0.9327682 6.8906698 129 129 129
0.8282720 -0.9355302 6.9110742 31 31 31
0.8593955 -0.9376906 6.9270329 28 28 28
0.8911276 -0.9403510 6.9466867 30 30 30
0.9230244 -0.9430103 6.9663320 28 28 28
0.9546698 -0.9452567 6.9829268 87 87 87
0.9869996 -0.9480260 7.0033841 141 141 141
1.0194955 -0.9507893 7.0237980 138 138 138
1.0513977 -0.9528586 7.0390840 121 121 121
1.0842067 -0.9556134 7.0594344 73 73 73
1.2662063 -1.0310938 7.6170344 76 76 76
1.2940793 -1.0277206 7.5921144 65 65 65
1.3195574 -1.0226541 7.5546870 67 67 67
1.3449926 -1.0177940 7.5187840 71 71 71
1.3699720 -1.0128207 7.4820447 69 69 69
1.3948885 -1.0080260 7.4466243 78 78 78
1.4193991 -1.0031556 7.4106445 84 84 84
1.4429970 -0.9978637 7.3715520 95 95 95
1.4659705 -0.9923725 7.3309865 110 110 110
1.4897008 -0.9876097 7.2958021 114 114 114
1.5132083 -0.9828949 7.2609725 121 121 121
1.5365696 -0.9782742 7.2268376 129 129 129
1.5595261 -0.9735804 7.1921630 132 132 132
1.5823231 -0.9689680 7.1580896 136 136 136
1.6048863 -0.9643879 7.1242547 145 145 145
1.6275972 -0.9600631 7.0923066 150 150 150
1.6509271 -0.9562530 7.0641599 150 150 150
1.6727916 -0.9517443 7.0308523 155 155 155
1.6936430 -0.9468260 6.9945197 158 158 158
1.7157611 -0.9427723 6.9645734 158 158 158
1.7367678 -0.9382546 6.9312000 160 160 160
1.7577304 -0.9338630 6.8987579 161 161 161
1.7786098 -0.9295709 6.8670506 161 161 161
1.7990603 -0.9251959 6.8347306 147 147 147
1.8956773 -0.9025839 6.6676884 42 42 42
1.9186558 -0.9001729 6.6498775 27 27 27
1.9530267 -0.9030994 6.6714959 26 26 26
-8.4060125 -2.0985174 16.0009098 40 40 40
-8.3572292 -2.1032214 16.0367756 41 41 41
-8.3083982 -2.1079903 16.0731373 38 38 38
-8.2592630 -2.1127596 16.1095028 43 43 43
-8.2052402 -2.1163471 16.1368580 40 40 40
-8.1551075 -2.1210067 16.1723862 40 40 40
-8.1049204 -2.1257305 16.2084045 40 40 40
-7.8648868 -2.0981636 15.9982109 37 37 37
-1.7712893 -1.4279096 10.8876162 246 246 246
-1.7092112 -1.4145311 10.7856064 247 247 247
-1.6492342 -1.4022075 10.6916399 243 243 243
-1.5883256 -1.3883768 10.5861835 250 250 250
-1.5312918 -1.3772312 10.5011997 249 249 249
-1.4722539 -1.3635657 10.3970013 251 251 251
-1.4173478 -1.3530053 10.3164806 252 252 252
-1.3608127 -1.3401718 10.2186270 253 253 253
-1.3077161 -1.3299963 10.1410398 253 253 253
-0.9714934 -1.1811761 9.0063066 253 253 253
-0.9249656 -1.1703595 8.9238310 253 253 253
-0.8807846 -1.1617208 8.8579626 253 253 253
-0.8381216 -1.1544076 8.8022003 253 253 253
-0.7990675 -1.1516180 8.7809296 253 253 253
-0.7602737 -1.1489506 8.7605906 253 253 253
-0.7214768 -1.1460056 8.7381363 253 253 253
-0.6832129 -1.1436361 8.7200689 253 253 253
-0.6447416 -1.1406299 8.6971464 253 253 253
-0.6068268 -1.1383051 8.6794205 253 253 253
-0.5666878 -1.1312416 8.6255627 253 253 253
-0.5269828 -1.1241353 8.5713778 253 253 253
-0.4872053 -1.1158161 8.5079451 253 253 253
-0.4474348 -1.1061914 8.4345579 253 253 253
-0.4091077 -1.0987815 8.3780584 253 253 253
-0.3712169 -1.0912530 8.3206549 253 253 253
-0.3332571 -1.0819290 8.2495604 253 253 253
-0.2964027 -1.0744381 8.1924429 253 253 253
-0.2600713 -1.0671170 8.1366205 253 253 253
-0.2242471 -1.0599675 8.0821075 253 253 253
-0.1887846 -1.0522720 8.0234299 253 253 253
-0.1537500 -1.0441211 7.9612808 253 253 253
-0.1193678 -1.0370849 7.9076309 253 253 253
-0.0854637 -1.0303569 7.8563309 253 253 253
-0.0519871 -1.0235274 7.8042564 253 253 253
-0.0189525 -1.0168512 7.7533512 253 253 253
0.0136308 -1.0085531 7.6900797 253 253 253
0.0457682 -1.0021747 7.6414452 253 253 253
0.0774928 -0.9957634 7.5925598 253 253 253
0.1088110 -0.9894050 7.5440779 253 253 253
0.1397350 -0.9831502 7.4963856 253 253 253
0.1700566 -0.9757466 7.4399347 253 253 253
0.2000687 -0.9691507 7.3896413 253 253 253
0.2298530 -0.9633774 7.3456216 253 253 253
0.2592090 -0.9573935 7.2999945 253 253 253
0.2881709 -0.9513791 7.2541356 67 67 67
0.3167329 -0.9453251 7.2079749 209 209 209
0.3445638 -0.9383406 7.1547189 253 253 253
0.3723547 -0.9323807 7.1092753 253 253 253
0.4000562 -0.9271017 7.0690236 194 194 194
0.4270198 -0.9209635 7.0222211 56 56 56
0.4538265 -0.9153048 6.9790740 58 58 58
0.4804038 -0.9099010 6.9378710 248 248 248
0.5066769 -0.9045745 6.8972564 253 253 253
0.5323642 -0.8988373 6.8535118 253 253 253
0.5835542 -0.8887673 6.7767296 50 50 50
0.6129573 -0.8899665 6.7858734 32 32 32
0.6431734 -0.8921866 6.8028011 88 88 88
0.6734834 -0.8943419 6.8192344 147 147 147
0.7040860 -0.8966931 6.8371625 150 150 150
0.7348932 -0.8991097 6.8555884 154 154 154
0.7660902 -0.9018022 6.8761182 145 145 145
0.7971519 -0.9041449 6.8939815 40 40 40
0.8287111 -0.9068671 6.9147382 31 31 31
0.8597018 -0.9088034 6.9295020 28 28 28
0.8915926 -0.9115326 6.9503112 30 30 30
0.9235868 -0.9141904 6.9705768 54 54 54
0.9554371 -0.9165461 6.9885387 138 138 138
0.9872559 -0.9187316 7.0052032 143 143 143
1.0197924 -0.9214386 7.0258436 136 136 136
1.0524644 -0.9241117 7.0462251 106 106 106
1.0844681 -0.9260673 7.0611367 29 29 29
1.2665869 -0.9992735 7.6193242 79 79 79
1.2946031 -0.9961080 7.5951877 67 67 67
1.3201770 -0.9912615 7.5582342 64 64 64
1.3449230 -0.9860367 7.5183945 72 72 72
1.3691158 -0.9806561 7.4773688 75 75 75
1.3937912 -0.9758557 7.4407663 75 75 75
1.4183819 -0.9712087 7.4053335 86 86 86
1.4426385 -0.9665381 7.3697205 95 95 95
1.4666525 -0.9619053 7.3343968 112 112 112
1.4905841 -0.9574110 7.3001280 116 116 116
1.5140492 -0.9528050 7.2650075 123 123 123
1.5373957 -0.9483085 7.2307229 126 126 126
1.5601918 -0.9436540 7.1952329 130 130 130
1.5832231 -0.9393167 7.1621614 140 140 140
1.6056879 -0.9348119 7.1278129 145 145 145
1.6278887 -0.9303218 7.0935769 151 151 151
1.6498076 -0.9258355 7.0593696 155 155 155
1.6734977 -0.9224847 7.0338197 158 158 158
1.6951622 -0.9181533 7.0007939 155 155 155
1.7164525 -0.9137712 6.9673800 158 158 158
1.7374686 -0.9093930 6.9339967 156 156 156
1.7584758 -0.9051551 6.9016833 159 159 159
1.7793646 -0.9009952 6.8699656 160 160 160
1.7999518 -0.8968183 6.8381171 143 143 143
1.8944494 -0.8739001 6.6633692 40 40 40
1.9193531 -0.8724477 6.6522942 26 26 26
1.9547509 -0.8757385 6.6773863 27 27 27
-8.4079771 -2.0315170 16.0046463 36 36 36
-8.3593740 -2.0361176 16.0408916 36 36 36
-8.3095398 -2.0404909 16.0753441 39 39 39
-8.2602253 -2.0450649 16.1113796 40 40 40
-8.2064962 -2.0486126 16.1393280 39 39 39
-8.1565447 -2.0531704 16.1752357 40 40 40
-8.1060114 -2.0576575 16.2105865 37 37 37
-7.8661361 -2.0310228 16.0007534 31 31 31
-1.3618095 -1.2980306 10.2261124 253 253 253
-0.9702027 -1.1416783 8.9943419 253 253 253
-0.9253702 -1.1332237 8.9277344 253 253 253
-0.8796700 -1.1229442 8.8467522 253 253 253
-0.8385084 -1.1178050 8.8062639 253 253 253
-0.7992901 -1.1148996 8.7833748 253 253 253
-0.7607063 -1.1126403 8.7655754 253 253 253
-0.7218811 -1.1097790 8.7430334 253 253 253
-0.6835629 -1.1074311 8.7245359 253 253 253
-0.6450300 -1.1044484 8.7010384 253 253 253
-0.6070732 -1.1021518 8.6829453 253 253 253
-0.5671743 -1.0958081 8.6329689 253 253 253
-0.5269249 -1.0878706 8.5704355 253 253 253
-0.4868751 -1.0792066 8.5021782 253 253 253
-0.4477814 -1.0714526 8.4410915 253 253 253
-0.4094044 -1.0642229 8.3841343 253 253 253
-0.3715252 -1.0570424 8.3275652 253 253 253
-0.3334594 -1.0477767 8.2545691 253 253 253
-0.2966328 -1.0406983 8.1988029 253 253 253
-0.2602345 -1.0334533 8.1417265 253 253 253
-0.2243885 -1.0265325 8.0872040 253 253 253
-0.1886748 -1.0178455 8.0187654 253 253 253
-0.1538348 -1.0111063 7.9656725 253 253 253
-0.1193864 -1.0038950 7.9088612 253 253 253
-0.0855097 -0.9977642 7.8605614 253 253 253
-0.0519373 -0.9896696 7.7967911 253 253 253
-0.0189329 -0.9831372 7.7453270 253 253 253
0.0136402 -0.9767936 7.6953516 253 253 253
0.0458022 -0.9706721 7.6471252 253 253 253
0.0774743 -0.9635147 7.5907383 253 253 253
0.1088914 -0.9582998 7.5496540 253 253 253
0.1396108 -0.9506923 7.4897208 253 253 253
0.1701536 -0.9449120 7.4441824 253 253 253
0.2002409 -0.9387962 7.3960009 253 253 253
0.2299794 -0.9329139 7.3496594 253 253 253
0.2593421 -0.9270856 7.3037434 253 253 253
0.2884083 -0.9215472 7.2601104 62 62 62
0.3165097 -0.9142849 7.2028971 92 92 92
0.3447792 -0.9087374 7.1591926 253 253 253
0.3725619 -0.9029035 7.1132321 253 253 253
0.4001164 -0.8974270 7.0700870 253 253 253
0.4273445 -0.8920289 7.0275598 68 68 68
0.4542509 -0.8867030 6.9856019 60 60 60
0.4807809 -0.8813357 6.9433174 134 134 134
0.5072055 -0.8764026 6.9044533 253 253 253
0.5329291 -0.8708594 6.8607836 253 253 253
0.5578559 -0.8646522 6.8118820 248 248 248
0.5832677 -0.8597679 6.7734017 56 56 56
0.6130760 -0.8615177 6.7871876 57 57 57
0.6433178 -0.8636935 6.8043289 141 141 141
0.6739875 -0.8662333 6.8243380 148 148 148
0.7043708 -0.8682122 6.8399277 152 152 152
0.7352406 -0.8706115 6.8588300 146 146 146
0.7663269 -0.8730757 6.8782434 63 63 63
0.7973248 -0.8752632 6.8954768 31 31 31
0.8290934 -0.8781130 6.9179282 32 32 32
0.8603587 -0.8802541 6.9347959 31 31 31
0.8918589 -0.8824870 6.9523873 41 41 41
0.9238737 -0.8850706 6.9727416 136 136 136
0.9558329 -0.8874433 6.9914341 149 149 149
0.9879957 -0.8898574 7.0104527 145 145 145
1.0202298 -0.8921935 7.0288572 131 131 131
1.0528501 -0.8947259 7.0488076 44 44 44
1.0854447 -0.8970981 7.0674958 29 29 29
1.2953129 -0.9646081 7.5993519 72 72 72
1.3192828 -0.9587390 7.5531144 68 68 68
1.3445330 -0.9540551 7.5162139 73 73 73
1.3697475 -0.9495624 7.4808192 73 73 73
1.3945092 -0.9449649 7.4445996 77 77 77
1.4191263 -0.9404740 7.4092197 87 87 87
1.4433764 -0.9359388 7.3734903 101 101 101
1.4672906 -0.9313816 7.3375874 113 113 113
1.4911637 -0.9269871 7.3029666 118 118 118
1.5146569 -0.9225389 7.2679234 122 122 122
1.5381435 -0.9182633 7.2342396 129 129 129
1.5609261 -0.9137419 7.1986194 130 130 130
1.5839810 -0.9095494 7.1655898 139 139 139
1.6063927 -0.9051514 7.1309419 147 147 147
1.6286044 -0.9008045 7.0966954 153 153 153
1.6507008 -0.8965517 7.0631919 148 148 148
1.6724300 -0.8922539 7.0293326 155 155 155
1.6939228 -0.8879817 6.9956756 157 157 157
1.7173866 -0.8848714 6.9711719 156 156 156
1.7384861 -0.8806680 6.9380574 161 161 161
1.7592040 -0.8764138 6.9045415 157 157 157
1.7802496 -0.8724586 6.8733821 158 158 158
1.8009521 -0.8684648 6.8419175 141 141 141
1.8952813 -0.8461725 6.6662951 40 40 40
1.9217604 -0.8454543 6.6606379 26 26 26
1.9553847 -0.8478551 6.6795511 25 25 25
2.2642629 -0.9282963 7.3132811 66 66 66
-8.4142113 -1.9654826 16.0165157 34 34 34
-8.3648605 -1.9697659 16.0514202 36 36 36
-8.3159275 -1.9742184 16.0877018 36 36 36
-8.2652836 -1.9783345 16.1212444 36 36 36
-8.2126884 -1.9820482 16.1515064 37 37 37
-8.1630964 -1.9865547 16.1882305 31 31 31
-8.1110516 -1.9905351 16.2206650 32 32 32
-7.8709989 -1.9647621 16.0106449 33 33 33
-0.9262952 -1.0966710 8.9366589 248 248 248
-0.8801544 -1.0862358 8.8516235 253 253 253
-0.8389304 -1.0812132 8.8106947 253 253 253
-0.7997248 -1.0784469 8.7881517 253 253 253
-0.7607974 -1.0758052 8.7666264 253 253 253
-0.7221802 -1.0733546 8.7466555 253 253 253
-0.6836271 -1.0707406 8.7253542 253 253 253
-0.6454020 -1.0683721 8.7060547 253 253 253
-0.6071000 -1.0655832 8.6833277 253 253 253
-0.5676427 -1.0602782 8.6400976 253 253 253
-0.5273026 -1.0524833 8.5765781 253 253 253
-0.4871275 -1.0438942 8.5065861 253 253 253
-0.4478906 -1.0361097 8.4431515 253 253 253
-0.4092814 -1.0285583 8.3816147 253 253 253
-0.3710764 -1.0206909 8.3175058 253 253 253
-0.3336587 -1.0135728 8.2595005 253 253 253
-0.2968262 -1.0067803 8.2041483 253 253 253
-0.2604254 -0.9998531 8.1476994 253 253 253
-0.2241641 -0.9914371 8.0791187 253 253 253
-0.1888207 -0.9847915 8.0249653 253 253 253
-0.1539489 -0.9782407 7.9715824 253 253 253
-0.1194802 -0.9713062 7.9150739 253 253 253
-0.0854701 -0.9641697 7.8569198 253 253 253
-0.0519687 -0.9573689 7.8015003 253 253 253
-0.0189461 -0.9511423 7.7507601 253 253 253
0.0136476 -0.9448544 7.6995211 253 253 253
0.0458271 -0.9389337 7.6512737 253 253 253
0.0774807 -0.9315824 7.5913687 253 253 253
0.1087775 -0.9254937 7.5417528 253 253 253
0.1396966 -0.9196734 7.4943237 253 253 253
0.1702680 -0.9141340 7.4491835 253 253 253
0.2003492 -0.9080987 7.4000025 253 253 253
0.2298862 -0.9015555 7.3466830 253 253 253
0.2591305 -0.8955550 7.2977848 253 253 253
0.2881572 -0.8901561 7.2537904 66 66 66
0.3168202 -0.8847778 7.2099633 56 56 56
0.3450463 -0.8792281 7.1647391 228 228 228
0.3728692 -0.8736272 7.1190982 253 253 253
0.4004544 -0.8683459 7.0760612 253 253 253
0.4277168 -0.8631454 7.0336833 161 161 161
0.4544505 -0.8576218 6.9886718 68 68 68
0.4806420 -0.8518099 6.9413114 68 68 68
0.5066105 -0.8462929 6.8963532 253 253 253
0.5325718 -0.8413634 6.8561835 253 253 253
0.5582123 -0.8364610 6.8162346 253 253 253
0.5835146 -0.8315566 6.7762690 131 131 131
0.6133772 -0.8333056 6.7905216 137 137 137
0.6439623 -0.8358365 6.8111458 147 147 147
0.6742313 -0.8377584 6.8268065 153 153 153
0.7049773 -0.8400913 6.8458171 153 153 153
0.7355186 -0.8420064 6.8614230 100 100 100
0.7668288 -0.8446233 6.8827481 30 30 30
0.7978734 -0.8467675 6.9002213 35 35 35
0.8292792 -0.8491307 6.9194789 33 33 33
0.8606828 -0.8513311 6.9374094 35 35 35
0.8925388 -0.8538196 6.9576879 129 129 129
0.9243435 -0.8561020 6.9762874 145 145 145
0.9563365 -0.8584128 6.9951177 147 147 147
0.9883449 -0.8605987 7.0129304 138 138 138
1.0208375 -0.8630669 7.0330434 77 77 77
1.0532708 -0.8653471 7.0516248 30 30 30
1.0861535 -0.8678611 7.0721107 29 29 29
1.2319921 -0.9331463 7.6041131 88 88 88
1.2941842 -0.9317494 7.5927300 70 70 70
1.3198526 -0.9272882 7.5563765 71 71 71
1.3451036 -0.9227512 7.5194044 74 74 74
1.3703394 -0.9184127 7.4840512 78 78 78
1.3951652 -0.9140012 7.4481015 78 78 78
1.4197295 -0.9096163 7.4123693 86 86 86
1.4440509 -0.9052681 7.3769360 101 101 101
1.4680910 -0.9009305 7.3415904 114 114 114
1.4908650 -0.8960113 7.3015037 120 120 120
1.5155246 -0.8924015 7.2720876 121 121 121
1.5389099 -0.8881993 7.2378445 127 127 127
1.5618308 -0.8838978 7.2027917 133 133 133
1.5835205 -0.8790769 7.1635070 140 140 140
1.6072586 -0.8755523 7.1347857 145 145 145
1.6293721 -0.8712885 7.1000409 150 150 150
1.6511903 -0.8670236 7.0652862 152 152 152
1.6732334 -0.8630259 7.0327091 151 151 151
1.6947867 -0.8589191 6.9992437 159 159 159
1.7160691 -0.8548180 6.9658241 160 160 160
1.7373338 -0.8508464 6.9334588 157 157 157
1.7583880 -0.8469047 6.9013391 161 161 161
1.7811459 -0.8438987 6.8768430 159 159 159
1.8016664 -0.8399457 6.8446312 131 131 131
1.8963839 -0.8185370 6.6701736 43 43 43
1.9247012 -0.8186176 6.6708307 27 27 27
1.9570036 -0.8203664 6.6850815 26 26 26
2.2002306 -0.8720769 7.1064649 97 97 97
2.2387965 -0.8754390 7.1338625 74 74 74
-8.4234982 -1.9000365 16.0341911 31 31 31
-8.3751640 -1.9044209 16.0711918 34 34 34
-8.3265810 -1.9088197 16.1083126 35 35 35
-8.2761650 -1.9128672 16.1424694 39 39 39
-8.2219210 -1.9160897 16.1696625 38 38 38
-8.1723623 -1.9204673 16.2066059 31 31 31
-8.1222925 -1.9247974 16.2431469 29 29 29
-7.8769269 -1.8986750 16.0227013 29 29 29
-0.8390693 -1.0442318 8.8121538 253 253 253
-0.8000879 -1.0418606 8.7921429 253 253 253
-0.7610626 -1.0391988 8.7696810 253 253 253
-0.7225896 -1.0370580 8.7516146 253 253 253
-0.6839321 -1.0344075 8.7292471 253 253 253
-0.6457680 -1.0322443 8.7109928 253 253 253
-0.6073964 -1.0294684 8.6875668 253 253 253
-0.5679531 -1.0244032 8.6448221 253 253 253
-0.5268677 -1.0154781 8.5695047 253 253 253
-0.4873610 -1.0085057 8.5106649 253 253 253
-0.4481690 -1.0011274 8.4484005 253 253 253
-0.4093528 -0.9933867 8.3830776 253 253 253
-0.3713991 -0.9864737 8.3247395 253 253 253
-0.3336791 -0.9788029 8.2600060 253 253 253
-0.2970951 -0.9730645 8.2115812 253 253 253
-0.2602172 -0.9647228 8.1411858 253 253 253
-0.2243926 -0.9583437 8.0873537 253 253 253
-0.1890037 -0.9518724 8.0327435 253 253 253
-0.1540519 -0.9452569 7.9769163 253 253 253
-0.1194579 -0.9377540 7.9135995 253 253 253
-0.0855011 -0.9313756 7.8597727 253 253 253
-0.0520198 -0.9253802 7.8091784 253 253 253
-0.0189633 -0.9192910 7.7577920 253 253 253
0.0136634 -0.9134406 7.7084217 253 253 253
0.0458401 -0.9069261 7.6534462 253 253 253
0.0775438 -0.9003032 7.5975566 253 253 253
0.1088624 -0.8943886 7.5476437 253 253 253
0.1398132 -0.8888115 7.5005794 253 253 253
0.1703941 -0.8833753 7.4547038 253 253 253
0.2005364 -0.8777124 7.4069152 253 253 253
0.2299108 -0.8706679 7.3474679 253 253 253
0.2593465 -0.8655011 7.3038659 253 253 253
0.2883503 -0.8601434 7.2586522 144 144 144
0.3170423 -0.8549727 7.2150178 71 71 71
0.3453874 -0.8498540 7.1718211 122 122 122
0.3731922 -0.8443371 7.1252646 253 253 253
0.4007705 -0.8391684 7.0816464 253 253 253
0.4277164 -0.8334839 7.0336761 251 251 251
0.4542634 -0.8278098 6.9857931 123 123 123
0.4809048 -0.8229886 6.9451070 174 174 174
0.5070924 -0.8179886 6.9029131 154 154 154
0.5330966 -0.8132518 6.8629394 253 253 253
0.5586295 -0.8083209 6.8213286 253 253 253
0.5840803 -0.8037599 6.7828388 190 190 190
0.6136994 -0.8050931 6.7940893 144 144 144
0.6442212 -0.8074387 6.8138833 144 144 144
0.6748655 -0.8097310 6.8332281 151 151 151
0.7053884 -0.8116959 6.8498092 130 130 130
0.7362978 -0.8139335 6.8686924 33 33 33
0.7671588 -0.8159501 6.8857102 32 32 32
0.7982820 -0.8180884 6.9037552 31 31 31
0.8301365 -0.8207993 6.9266319 31 31 31
0.8613533 -0.8227168 6.9428134 91 91 91
0.8927673 -0.8246903 6.9594684 152 152 152
0.9247391 -0.8270373 6.9792733 147 147 147
0.9565981 -0.8291415 6.9970312 147 147 147
0.9891210 -0.8316781 7.0184369 108 108 108
1.0215954 -0.8340277 7.0382652 33 33 33
1.0544254 -0.8365268 7.0593543 29 29 29
1.0867276 -0.8384814 7.0758491 32 32 32
1.2322961 -0.9013025 7.6059895 91 91 91
1.2948462 -0.9001915 7.5966139 69 69 69
1.3205783 -0.8959159 7.5605321 69 69 69
1.3458793 -0.8915561 7.5237408 71 71 71
1.3711216 -0.8873592 7.4883237 75 75 75
1.3952457 -0.8826439 7.4485312 75 75 75
1.4205004 -0.8788357 7.4163942 82 82 82
1.4431678 -0.8736253 7.3724246 96 96 96
1.4670999 -0.8693841 7.3366342 111 111 111
1.4907129 -0.8651330 7.3007588 120 120 120
1.5144500 -0.8611243 7.2669306 125 125 125
1.5376662 -0.8569845 7.2319946 126 126 126
1.5607691 -0.8529438 7.1978955 134 134 134
1.5835686 -0.8488945 7.1637244 136 136 136
1.6060342 -0.8448212 7.1293502 140 140 140
1.6301235 -0.8417361 7.1033154 144 144 144
1.6516777 -0.8374768 7.0673718 154 154 154
1.6741070 -0.8338044 7.0363803 150 150 150
1.6957600 -0.8298800 7.0032630 156 156 156
1.7170429 -0.8259119 6.9697771 158 158 158
1.7383512 -0.8220894 6.9375196 161 161 161
1.7589564 -0.8180664 6.9035697 159 159 159
1.7798843 -0.8143222 6.8719721 158 158 158
1.8003484 -0.8104889 6.8396244 129 129 129
1.8948528 -0.7897710 6.6647882 38 38 38
1.9581753 -0.7926500 6.6890836 27 27 27
2.0974579 -0.8252547 6.9642310 87 87 87
2.1253066 -0.8246652 6.9592562 111 111 111
2.1559649 -0.8251672 6.9634924 130 130 130
2.1910582 -0.8273303 6.9817467 103 103 103
2.3581989 -0.8450227 7.1310506 89 89 89
2.6655295 -0.8872644 7.4875231 60 60 60
2.6859410 -0.8835921 7.4565334 69 69 69
2.7038474 -0.8791903 7.4193869 71 71 71
2.8171585 -0.8853023 7.4709659 60 60 60
2.8502035 -0.8857811 7.4750061 52 52 52
2.8898697 -0.8882845 7.4961319 44 44 44
3.1646190 -0.9128269 7.7032423 46 46 46
3.4674137 -0.9421420 7.9506288 50 50 50
-8.4427509 -1.8366094 16.0708408 26 26 26
-8.2392035 -1.8517874 16.2036533 27 27 27
-8.1896524 -1.8560432 16.2408924 26 26 26
-8.1357422 -1.8593746 16.2700424 26 26 26
-7.8873987 -1.8335425 16.0440044 30 30 30
-0.7229530 -1.0006559 8.7560158 253 253 253
-0.6842150 -0.9980094 8.7328587 253 253 253
-0.6460139 -0.9958897 8.7143097 253 253 253
-0.6077214 -0.9933647 8.6922159 253 253 253
-0.5681725 -0.9883301 8.6481619 253 253 253
-0.5272661 -0.9800816 8.5759850 253 253 253
-0.4876577 -0.9732087 8.5158453 253 253 253
-0.4485154 -0.9662471 8.4549303 253 253 253
-0.4095228 -0.9584336 8.3865595 253 253 253
-0.3715816 -0.9518362 8.3288298 253 253 253
-0.3339625 -0.9447725 8.2670212 253 253 253
-0.2967477 -0.9373396 8.2019806 253 253 253
-0.2603894 -0.9310074 8.1465721 253 253 253
-0.2245079 -0.9247145 8.0915079 253 253 253
-0.1890863 -0.9183997 8.0362520 253 253 253
-0.1541602 -0.9122592 7.9825206 253 253 253
-0.1195123 -0.9047948 7.9172044 253 253 253
-0.0855539 -0.8987854 7.8646212 253 253 253
-0.0520457 -0.8928935 7.8130655 253 253 253
-0.0189805 -0.8873779 7.7648020 253 253 253
0.0136515 -0.8801674 7.7017083 253 253 253
0.0458367 -0.8745865 7.6528740 253 253 253
0.0775889 -0.8687693 7.6019726 253 253 253
0.1089202 -0.8630181 7.5516472 253 253 253
0.1398747 -0.8575594 7.5038824 253 253 253
0.1704371 -0.8521541 7.4565845 253 253 253
0.2003021 -0.8454887 7.3982606 253 253 253
0.2299938 -0.8399872 7.3501201 253 253 253
0.2594624 -0.8350744 7.3071322 253 253 253
0.2885328 -0.8300589 7.2632446 253 253 253
0.3173272 -0.8252882 7.2214999 72 72 72
0.3454435 -0.8197439 7.1729856 65 65 65
0.3735189 -0.8150031 7.1315022 252 252 252
0.4004977 -0.8087545 7.0768256 253 253 253
0.4276933 -0.8037798 7.0332961 253 253 253
0.4545600 -0.7988724 6.9903541 131 131 131
0.4811071 -0.7940353 6.9480281 74 74 74
0.5073363 -0.7892588 6.9062324 100 100 100
0.5333366 -0.7846643 6.8660293 253 253 253
0.5588176 -0.7798182 6.8236256 253 253 253
0.5842965 -0.7754440 6.7853494 197 197 197
0.6142355 -0.7771210 6.8000236 159 159 159
0.6447135 -0.7793000 6.8190904 164 164 164
0.6752799 -0.7813951 6.8374238 149 149 149
0.7055194 -0.7829560 6.8510818 46 46 46
0.7366273 -0.7853198 6.8717656 30 30 30
0.7680217 -0.7877985 6.8934555 31 31 31
0.7986742 -0.7893632 6.9071465 30 30 30
0.8303494 -0.7917930 6.9284081 62 62 62
0.8617060 -0.7937642 6.9456568 147 147 147
0.8936322 -0.7961133 6.9662113 152 152 152
0.9256319 -0.7983760 6.9860110 145 145 145
0.9576377 -0.8005044 7.0046353 135 135 135
0.9895566 -0.8024350 7.0215278 41 41 41
1.0221145 -0.8047565 7.0418420 29 29 29
1.0548671 -0.8070958 7.0623116 28 28 28
1.0869989 -0.8088447 7.0776153 30 30 30
1.2336026 -0.8701500 7.6140537 93 93 93
1.2951412 -0.8683548 7.5983448 68 68 68
1.3211004 -0.8643750 7.5635204 68 68 68
1.3464482 -0.8601923 7.5269208 71 71 71
1.3717022 -0.8561437 7.4914942 78 78 78
1.3949248 -0.8510380 7.4468179 81 81 81
1.4194111 -0.8469111 7.4107065 83 83 83
1.4437547 -0.8428788 7.3754225 97 97 97
1.4677360 -0.8388094 7.3398147 107 107 107
1.4915550 -0.8348173 7.3048830 118 118 118
1.5149784 -0.8307699 7.2694664 125 125 125
1.5384921 -0.8269315 7.2358794 126 126 126
1.5615939 -0.8230253 7.2016988 133 133 133
1.5844203 -0.8191258 7.1675773 142 142 142
1.6066756 -0.8150826 7.1321979 145 145 145
1.6290214 -0.8112329 7.0985126 147 147 147
1.6509507 -0.8073186 7.0642610 150 150 150
1.6730407 -0.8036202 7.0318995 155 155 155
1.6963743 -0.8006375 7.0057998 157 157 157
1.7178822 -0.7969100 6.9731836 160 160 160
1.7378985 -0.7926278 6.9357128 155 155 155
1.7598791 -0.7893683 6.9071913 160 160 160
1.7808551 -0.7857717 6.8757200 160 160 160
1.8012955 -0.7820578 6.8432221 128 128 128
1.8957210 -0.7620149 6.6678419 39 39 39
1.9262909 -0.7629861 6.6763401 26 26 26
1.9588722 -0.7647146 6.6914644 30 30 30
2.0887735 -0.7925916 6.9353957 97 97 97
2.1221251 -0.7941279 6.9488387 126 126 126
2.1550395 -0.7954609 6.9605036 137 137 137
2.1874559 -0.7965769 6.9702678 136 136 136
2.2183309 -0.7971092 6.9749269 147 147 147
2.2505457 -0.7981029 6.9836211 113 113 113
2.3275445 -0.8043578 7.0383534 94 94 94
2.3692064 -0.8084463 7.0741286 82 82 82
2.6784272 -0.8497645 7.4356742 89 89 89
2.6980231 -0.8460766 7.4034047 104 104 104
2.7965889 -0.8475636 7.4164162 73 73 73
2.8328180 -0.8490486 7.4294105 66 66 66
2.8737073 -0.8518825 7.4542074 61 61 61
2.9122951 -0.8539803 7.4725637 56 56 56
2.9546769 -0.8571336 7.5001569 49 49 49
3.1584308 -0.8786213 7.6881800 58 58 58
3.1873515 -0.8776576 7.6797466 56 56 56
3.5209866 -0.9051487 7.9203024 51 51 51
-7.7457128 -1.6492805 14.9845848 22 22 22
-8.2087183 -1.7917179 16.2787037 26 26 26
-8.1591263 -1.7959119 16.3168087 23 23 23
-0.6460592 -0.9592090 8.7149200 253 253 253
-0.6080417 -0.9572142 8.6967964 253 253 253
-0.5685568 -0.9525051 8.6540117 253 253 253
-0.5277421 -0.9447694 8.5837278 253 253 253
-0.4879369 -0.9378344 8.5207205 253 253 253
-0.4481872 -0.9299121 8.4487419 253 253 253
-0.4097869 -0.9236630 8.3919659 253 253 253
-0.3718317 -0.9173308 8.3344345 253 253 253
-0.3343746 -0.9110337 8.2772226 253 253 253
-0.2969599 -0.9033977 8.2078457 253 253 253
-0.2604818 -0.8969721 8.1494656 253 253 253
-0.2246733 -0.8912491 8.0974684 253 253 253
-0.1892273 -0.8851708 8.0422440 253 253 253
-0.1540213 -0.8778061 7.9753313 253 253 253
-0.1195978 -0.8720315 7.9228663 253 253 253
-0.0856052 -0.8661399 7.8693380 253 253 253
-0.0520806 -0.8605217 7.8182945 253 253 253
-0.0189634 -0.8538666 7.7578287 253 253 253
0.0136595 -0.8481877 7.7062330 253 253 253
0.0458646 -0.8428271 7.6575294 253 253 253
0.0776504 -0.8373747 7.6079912 253 253 253
0.1090087 -0.8318486 7.5577841 253 253 253
0.1398648 -0.8258574 7.5033507 253 253 253
0.1702940 -0.8200207 7.4503212 253 253 253
0.2004568 -0.8149198 7.4039769 253 253 253
0.2302250 -0.8098053 7.3575091 253 253 253
0.2596634 -0.8048836 7.3127923 253 253 253
0.2887118 -0.7999259 7.2677493 253 253 253
0.3174721 -0.7951985 7.2247977 99 99 99
0.3452490 -0.7890513 7.1689477 57 57 57
0.3730370 -0.7839174 7.1223035 155 155 155
0.4007251 -0.7793541 7.0808434 253 253 253
0.4279785 -0.7746370 7.0379868 253 253 253
0.4548784 -0.7699335 6.9952521 235 235 235
0.4815434 -0.7654292 6.9543285 108 108 108
0.5074696 -0.7603353 6.9080477 62 62 62
0.5336141 -0.7561038 6.8696022 184 184 184
0.5592786 -0.7516630 6.8292546 253 253 253
0.5846015 -0.7472203 6.7888908 212 212 212
0.6147293 -0.7490475 6.8054914 152 152 152
0.6449083 -0.7507710 6.8211513 148 148 148
0.6754583 -0.7527609 6.8392301 69 69 69
0.7060565 -0.7546394 6.8562970 34 34 34
0.7368099 -0.7565295 6.8734694 32 32 32
0.7680696 -0.7587765 6.8938856 30 30 30
0.7992117 -0.7607478 6.9117956 41 41 41
0.8308222 -0.7630105 6.9323535 139 139 139
0.8625279 -0.7652039 6.9522815 156 156 156
0.8938714 -0.7669423 6.9680753 147 147 147
0.9259556 -0.7691853 6.9884543 135 135 135
0.9580490 -0.7712973 7.0076437 59 59 59
0.9905298 -0.7735856 7.0284338 31 31 31
1.0224003 -0.7752781 7.0438104 30 30 30
1.0552237 -0.7775772 7.0646987 30 30 30
1.0881891 -0.7798517 7.0853648 58 58 58
1.2339755 -0.8382952 7.6163549 92 92 92
1.2956551 -0.8366448 7.6013594 69 69 69
1.3217992 -0.8329204 7.5675216 71 71 71
1.3454702 -0.8278499 7.5214529 71 71 71
1.3706434 -0.8239160 7.4857116 77 77 77
1.3956428 -0.8200570 7.4506507 77 77 77
1.4201702 -0.8160968 7.4146705 81 81 81
1.4445680 -0.8122344 7.3795781 98 98 98
1.4683895 -0.8082175 7.3430829 108 108 108
1.4922773 -0.8044024 7.3084202 121 121 121
1.5158880 -0.8005953 7.2738309 124 124 124
1.5391511 -0.7967593 7.2389789 127 127 127
1.5622764 -0.7930025 7.2048469 136 136 136
1.5850835 -0.7892307 7.1705775 140 140 140
1.6073161 -0.7853194 7.1350408 143 143 143
1.6298865 -0.7817138 7.1022820 149 149 149
1.6519068 -0.7779793 7.0683522 153 153 153
1.6737109 -0.7742771 7.0347161 155 155 155
1.6953552 -0.7706312 7.0015912 159 159 159
1.7166512 -0.7669545 6.9681869 158 158 158
1.7386506 -0.7637106 6.9387140 158 158 158
1.7606757 -0.7605852 6.9103179 156 156 156
1.7816262 -0.7571048 6.8786969 160 160 160
1.8014926 -0.7532827 6.8439708 119 119 119
1.8968264 -0.7343250 6.6717300 39 39 39
1.9611204 -0.7373423 6.6991439 31 31 31
2.0828416 -0.7611775 6.9157000 107 107 107
2.1176486 -0.7632117 6.9341807 125 125 125
2.1495566 -0.7641597 6.9427948 124 124 124
2.1835740 -0.7658221 6.9578977 126 126 126
2.2201777 -0.7683355 6.9807334 153 153 153
2.2499022 -0.7684336 6.9816246 156 156 156
2.2794671 -0.7684753 6.9820037 147 147 147
2.3088381 -0.7684513 6.9817863 120 120 120
2.3427122 -0.7699080 6.9950209 99 99 99
2.7196958 -0.8120065 7.3775072 117 117 117
2.7549441 -0.8132279 7.3886046 99 99 99
2.7912717 -0.8147370 7.4023156 88 88 88
2.8333755 -0.8178801 7.4308720 75 75 75
2.8668561 -0.8184925 7.4364362 70 70 70
2.9054241 -0.8205284 7.4549336 70 70 70
2.9452834 -0.8228815 7.4763126 63 63 63
2.9870028 -0.8256989 7.5019107 55 55 55
3.0280850 -0.8282830 7.5253878 51 51 51
3.5670829 -0.8748633 7.9485946 58 58 58
3.6021550 -0.8752407 7.9520235 65 65 65
3.6402071 -0.8763285 7.9619069 66 66 66
3.6754360 -0.8767231 7.9654918 49 49 49
3.7183509 -0.8789272 7.9855180 52 52 52
-7.8043628 -1.5851694 14.9758749 20 20 20
-7.7483983 -1.5866413 14.9897795 21 21 21
-7.7045712 -1.5906433 15.0275888 20 20 20
-8.2397795 -1.7295913 16.3402996 23 23 23
-8.1850233 -1.7325865 16.3685970 22 22 22
-0.6083326 -0.9209808 8.7009583 253 253 253
-0.5678728 -0.9149096 8.6436005 253 253 253
-0.5280918 -0.9091743 8.5894156 253 253 253
-0.4882193 -0.9024249 8.5256519 253 253 253
-0.4484625 -0.8948336 8.4539328 253 253 253
-0.4101435 -0.8890476 8.3992691 253 253 253
-0.3721496 -0.8829393 8.3415613 253 253 253
-0.3341095 -0.8754345 8.2706594 253 253 253
-0.2971743 -0.8694130 8.2137718 253 253 253
-0.2606686 -0.8632247 8.1553078 253 253 253
-0.2245452 -0.8566141 8.0928545 253 253 253
-0.1890916 -0.8506466 8.0364771 253 253 253
-0.1541093 -0.8446569 7.9798884 253 253 253
-0.1196681 -0.8391145 7.9275270 253 253 253
-0.0856697 -0.8335830 7.8752685 253 253 253
-0.0520569 -0.8271764 7.8147421 253 253 253
-0.0189737 -0.8215958 7.7620192 253 253 253
0.0136685 -0.8162270 7.7112980 253 253 253
0.0458956 -0.8110846 7.6627150 253 253 253
0.0777140 -0.8059522 7.6142263 253 253 253
0.1089224 -0.7993448 7.5518031 253 253 253
0.1398451 -0.7941041 7.5022917 253 253 253
0.1703888 -0.7890422 7.4544687 253 253 253
0.2005668 -0.7841275 7.4080377 253 253 253
0.2304207 -0.7794411 7.3637629 253 253 253
0.2597367 -0.7742646 7.3148580 253 253 253
0.2885335 -0.7688032 7.2632618 253 253 253
0.3172483 -0.7641927 7.2197037 208 208 208
0.3454480 -0.7592576 7.1730800 80 80 80
0.3732535 -0.7543205 7.1264367 137 137 137
0.4010090 -0.7500256 7.0858607 253 253 253
0.4282738 -0.7454722 7.0428424 253 253 253
0.4546922 -0.7401317 6.9923873 253 253 253
0.4816857 -0.7363208 6.9563847 144 144 144
0.5079244 -0.7318599 6.9142399 62 62 62
0.5330823 -0.7264104 6.8627558 92 92 92
0.5587721 -0.7222096 6.8230691 253 253 253
0.5848669 -0.7189183 6.7919741 210 210 210
0.6149546 -0.7206130 6.8079853 160 160 160
0.6456091 -0.7227912 6.8285637 112 112 112
0.6757712 -0.7242556 6.8423986 31 31 31
0.7063202 -0.7259978 6.8588581 32 32 32
0.7370946 -0.7278255 6.8761253 32 32 32
0.7683919 -0.7300116 6.8967781 33 33 33
0.8000455 -0.7323644 6.9190059 118 118 118
0.8312050 -0.7341152 6.9355474 153 153 153
0.8627844 -0.7361053 6.9543486 154 154 154
0.8947715 -0.7383009 6.9750915 137 137 137
0.9264997 -0.7401500 6.9925613 85 85 85
0.9584405 -0.7420496 7.0105071 31 31 31
0.9908544 -0.7441909 7.0307364 30 30 30
1.0235153 -0.7463878 7.0514922 29 29 29
1.0555717 -0.7480323 7.0670285 43 43 43
1.0884705 -0.7501671 7.0871973 110 110 110
1.2344933 -0.8065158 7.6195507 94 94 94
1.2951620 -0.8042840 7.5984664 69 69 69
1.3208432 -0.8004292 7.5620484 71 71 71
1.3460891 -0.7964985 7.5249133 74 74 74
1.3712095 -0.7926763 7.4888029 78 78 78
1.3962084 -0.7889577 7.4536710 74 74 74
1.4208387 -0.7851990 7.4181609 84 84 84
1.4446679 -0.7811691 7.3800883 97 97 97
1.4691341 -0.7776463 7.3468065 112 112 112
1.4930176 -0.7739669 7.3120456 124 124 124
1.5167662 -0.7703680 7.2780452 125 125 125
1.5399449 -0.7666281 7.2427120 127 127 127
1.5630705 -0.7630077 7.2085090 132 132 132
1.5858251 -0.7593479 7.1739321 140 140 140
1.6080570 -0.7555794 7.1383300 143 143 143
1.6306665 -0.7521236 7.1056809 151 151 151
1.6526003 -0.7484865 7.0713191 154 154 154
1.6744294 -0.7449317 7.0377359 158 158 158
1.6959670 -0.7413733 7.0041180 159 159 159
1.7173558 -0.7378728 6.9710469 160 160 160
1.7386049 -0.7344311 6.9385314 162 162 162
1.7596903 -0.7310354 6.9064503 160 160 160
1.7825248 -0.7284650 6.8821664 155 155 155
1.8023552 -0.7247689 6.8472481 113 113 113
1.8776435 -0.7095734 6.7036886 40 40 40
1.8977350 -0.7065289 6.6749258 37 37 37
1.9292526 -0.7077652 6.6866055 27 27 27
2.0772827 -0.7300607 6.8972421 132 132 132
2.1106746 -0.7315534 6.9113445 133 133 133
2.1456084 -0.7335325 6.9300418 147 147 147
2.1767688 -0.7341857 6.9362130 146 146 146
2.2109175 -0.7358162 6.9516168 133 133 133
2.2443128 -0.7371565 6.9642797 130 130 130
2.2812541 -0.7396119 6.9874768 154 154 154
2.3131838 -0.7404006 6.9949279 140 140 140
2.3462102 -0.7415159 7.0054655 127 127 127
2.3784640 -0.7423624 7.0134625 108 108 108
2.4141924 -0.7442593 7.0313830 101 101 101
2.5503817 -0.7583040 7.1640706 142 142 142
2.7174535 -0.7802520 7.3714242 128 128 128
2.7523224 -0.7813262 7.3815732 100 100 100
2.7883825 -0.7827108 7.3946538 89 89 89
2.8269508 -0.7847610 7.4140224 89 89 89
2.8607705 -0.7854626 7.4206510 66 66 66
2.9031160 -0.7884644 7.4490113 56 56 56
2.9432361 -0.7908041 7.4711156 58 58 58
2.9835746 -0.7931524 7.4933004 59 59 59
3.0222244 -0.7950072 7.5108237 57 57 57
3.0623889 -0.7972178 7.5317082 54 54 54
3.1034896 -0.7996243 7.5544434 52 52 52
3.2484033 -0.8119580 7.6709661 82 82 82
3.4507184 -0.8375078 7.9123478 56 56 56
3.5038645 -0.8342730 7.8817868 51 51 51
3.5514131 -0.8376485 7.9136772 56 56 56
3.6437943 -0.8435841 7.9697533 72 72 72
3.6742923 -0.8428707 7.9630132 64 64 64
3.7194641 -0.8455058 7.9879084 61 61 61
-7.8078761 -1.5227021 14.9826155 21 21 21
-7.7513914 -1.5240186 14.9955702 21 21 21
-7.7073712 -1.5278277 15.0330505 19 19 19
-0.5682755 -0.8790829 8.6497297 253 253 253
-0.5286964 -0.8739526 8.5992498 253 253 253
-0.4876917 -0.8655364 8.5164385 253 253 253
-0.4487596 -0.8597530 8.4595337 253 253 253
-0.4104619 -0.8542910 8.4057903 253 253 253
-0.3717467 -0.8468454 8.3325291 253 253 253
-0.3343432 -0.8411455 8.2764444 253 253 253
-0.2973548 -0.8352828 8.2187586 253 253 253
-0.2609088 -0.8295978 8.1628218 253 253 253
-0.2245872 -0.8226408 8.0943689 253 253 253
-0.1891735 -0.8171112 8.0399599 253 253 253
-0.1542367 -0.8116766 7.9864860 253 253 253
-0.1197646 -0.8063337 7.9339142 253 253 253
-0.0857380 -0.8010113 7.8815446 253 253 253
-0.0520953 -0.7948075 7.8205023 253 253 253
-0.0189851 -0.7893401 7.7667065 253 253 253
0.0136763 -0.7841572 7.7157087 253 253 253
0.0458726 -0.7783811 7.6588755 253 253 253
0.0776251 -0.7729582 7.6055164 253 253 253
0.1089880 -0.7679613 7.5563488 253 253 253
0.1399550 -0.7630668 7.5081902 253 253 253
0.1704658 -0.7579495 7.4578385 253 253 253
0.2007140 -0.7534407 7.4134741 253 253 253
0.2305766 -0.7488948 7.3687453 253 253 253
0.2596580 -0.7431927 7.3126397 253 253 253
0.2887069 -0.7386181 7.2676272 253 253 253
0.3173058 -0.7338807 7.2210135 252 252 252
0.3456568 -0.7294496 7.1774144 156 156 156
0.3735707 -0.7248842 7.1324925 103 103 103
0.4011277 -0.7203581 7.0879579 224 224 224
0.4285006 -0.7161519 7.0465713 253 253 253
0.4549914 -0.7111128 6.9969888 253 253 253
0.4814192 -0.7065949 6.9525352 189 189 189
0.5075855 -0.7022339 6.9096255 59 59 59
0.5334804 -0.6979914 6.8678808 65 65 65
0.5590637 -0.6937990 6.8266306 212 212 212
0.5850608 -0.6905057 6.7942252 209 209 209
0.6151814 -0.6921592 6.8104959 150 150 150
0.6457272 -0.6941224 6.8298120 38 38 38
0.6760100 -0.6956472 6.8448157 35 35 35
0.7067146 -0.6974636 6.8626881 34 34 34
0.7375408 -0.6992522 6.8802872 31 31 31
0.7687376 -0.7012435 6.8998804 93 93 93
0.8002581 -0.7033741 6.9208450 152 152 152
0.8317552 -0.7053350 6.9401388 156 156 156
0.8632576 -0.7071669 6.9581628 153 153 153
0.8951044 -0.7091511 6.9776874 120 120 120
0.9272028 -0.7112020 6.9978671 35 35 35
0.9588886 -0.7128198 7.0137849 30 30 30
0.9912018 -0.7147931 7.0332017 31 31 31
1.0234379 -0.7165977 7.0509586 33 33 33
1.0564026 -0.7187964 7.0725913 110 110 110
1.0889072 -0.7205697 7.0900407 118 118 118
1.2352915 -0.7748852 7.6244774 96 96 96
1.2958267 -0.7726381 7.6023664 69 69 69
1.3213761 -0.7688505 7.5650988 67 67 67
1.3463445 -0.7649115 7.5263405 74 74 74
1.3719778 -0.7615229 7.4929996 78 78 78
1.3969380 -0.7579218 7.4575658 79 79 79
1.4214617 -0.7542475 7.4214134 84 84 84
1.4442223 -0.7498162 7.3778114 101 101 101
1.4680777 -0.7461283 7.3415232 113 113 113
1.4918318 -0.7425422 7.3062382 121 121 121
1.5154276 -0.7390240 7.2716217 124 124 124
1.5388765 -0.7355753 7.2376876 130 130 130
1.5618742 -0.7320491 7.2029920 137 137 137
1.5845654 -0.7285166 7.1682334 137 137 137
1.6072580 -0.7251169 7.1347828 146 146 146
1.6301099 -0.7219128 7.1032557 150 150 150
1.6534282 -0.7190271 7.0748620 149 149 149
1.6753694 -0.7156554 7.0416865 159 159 159
1.6964456 -0.7120382 7.0060945 158 158 158
1.7181350 -0.7087978 6.9742103 161 161 161
1.7393912 -0.7054906 6.9416699 161 161 161
1.7604716 -0.7022229 6.9095168 158 158 158
1.7813168 -0.6989692 6.8775020 156 156 156
1.8025421 -0.6959666 6.8479581 105 105 105
1.8966339 -0.6779875 6.6710529 38 38 38
1.9284985 -0.6793025 6.6839914 26 26 26
1.9623709 -0.6812766 6.7034159 36 36 36
2.0733666 -0.6996540 6.8842402 139 139 139
2.1121078 -0.7028855 6.9160371 127 127 127
2.1427283 -0.7033635 6.9207397 132 132 132
2.1762102 -0.7047552 6.9344339 143 143 143
2.2088025 -0.7058257 6.9449668 143 143 143
2.2416139 -0.7069374 6.9559050 136 136 136
2.2768359 -0.7087708 6.9739442 130 130 130
2.3113215 -0.7103310 6.9892964 142 142 142
2.3468595 -0.7121713 7.0074039 134 134 134
2.3818309 -0.7137960 7.0233903 134 134 134
2.4173219 -0.7155347 7.0404983 127 127 127
2.4528253 -0.7172347 7.0572257 87 87 87
2.5032201 -0.7231963 7.1158843 82 82 82
2.5503643 -0.7280886 7.1640220 116 116 116
2.5773773 -0.7271865 7.1551461 139 139 139
2.7149220 -0.7484692 7.3645577 125 125 125
2.7492318 -0.7493562 7.3732843 112 112 112
2.7832839 -0.7501537 7.3811321 78 78 78
2.8196311 -0.7515454 7.3948259 66 66 66
2.8557241 -0.7528397 7.4075603 57 57 57
2.8982046 -0.7557716 7.4364090 62 62 62
2.9388053 -0.7581558 7.4598689 59 59 59
2.9808264 -0.7608520 7.4863982 64 64 64
3.0199513 -0.7627603 7.5051742 69 69 69
3.0594459 -0.7647213 7.5244699 69 69 69
3.0978591 -0.7663746 7.5407372 70 70 70
3.1413205 -0.7692305 7.5688376 67 67 67
3.1811283 -0.7711432 7.5876579 58 58 58
3.2349072 -0.7763708 7.6390953 68 68 68
3.2789166 -0.7791739 7.6666756 85 85 85
3.4453192 -0.8028836 7.8999672 87 87 87
3.4746442 -0.8019630 7.8909092 75 75 75
3.4948683 -0.7989792 7.8615503 45 45 45
3.5416055 -0.8020559 7.8918228 63 63 63
3.5829511 -0.8038656 7.9096293 59 59 59
3.6271479 -0.8062757 7.9333444 54 54 54
3.6696591 -0.8082706 7.9529724 61 61 61
3.7156496 -0.8109886 7.9797163 66 66 66
-7.8785849 -1.4609171 14.9969454 18 18 18
-7.8124003 -1.4603670 14.9912977 18 18 18
-7.7554326 -1.4615448 15.0033884 22 22 22
-7.7101002 -1.4649527 15.0383730 19 19 19
-3.0080914 -0.6064681 6.2256575 102 102 102
-2.7259350 -0.5643583 5.7933822 111 111 111
-2.6393950 -0.5513833 5.6601882 118 118 118
-2.5505109 -0.5376773 5.5194902 119 119 119
-2.3980088 -0.5149263 5.2859411 115 115 115
-2.3308768 -0.5052072 5.1861701 115 115 115
-2.2668252 -0.4959778 5.0914268 101 101 101
-2.2045989 -0.4869752 4.9990115 108 108 108
-1.7221227 -0.4162201 4.2726793 141 141 141
-1.6711123 -0.4125234 4.2347317 123 123 123
-1.6450421 -0.4104742 4.2136955 117 117 117
-1.6104710 -0.4107208 4.2162266 95 95 95
-1.5955950 -0.4114696 4.2239132 96 96 96
-1.5816563 -0.4124797 4.2342830 101 101 101
-1.5666358 -0.4132276 4.2419596 106 106 106
-1.5524086 -0.4142043 4.2519865 113 113 113
-1.5373216 -0.4149719 4.2598658 89 89 89
-1.5232666 -0.4160394 4.2708244 110 110 110
-1.4189315 -0.4225110 4.3372583 139 139 139
-0.5288979 -0.8380091 8.6025267 253 253 253
-0.4880286 -0.8301961 8.5223227 253 253 253
-0.4490564 -0.8246246 8.4651279 253 253 253
-0.4100315 -0.8179857 8.3969765 253 253 253
-0.3719561 -0.8121648 8.3372231 253 253 253
-0.3344862 -0.8065889 8.2799845 253 253 253
-0.2975461 -0.8011398 8.2240467 253 253 253
-0.2606603 -0.7944183 8.1550484 253 253 253
-0.2247008 -0.7889060 8.0984612 253 253 253
-0.1892750 -0.7836270 8.0442705 253 253 253
-0.1541407 -0.7775134 7.9815106 253 253 253
-0.1197995 -0.7731023 7.9362292 253 253 253
-0.0856343 -0.7668473 7.8720193 253 253 253
-0.0520986 -0.7618780 7.8210068 253 253 253
-0.0189957 -0.7570081 7.7710152 253 253 253
0.0136844 -0.7520641 7.7202630 253 253 253
0.0458661 -0.7459778 7.6577849 253 253 253
0.0776589 -0.7412091 7.6088324 253 253 253
0.1090530 -0.7365355 7.5608554 253 253 253
0.1400349 -0.7318224 7.5124731 253 253 253
0.1706617 -0.7273350 7.4664092 253 253 253
0.2005532 -0.7216001 7.4075365 253 253 253
0.2303575 -0.7171392 7.3617444 253 253 253
0.2597789 -0.7126876 7.3160462 253 253 253
0.2888753 -0.7083839 7.2718673 253 253 253
0.3175846 -0.7040481 7.2273583 253 253 253
0.3459991 -0.6998754 7.1845231 170 170 170
0.3738488 -0.6953241 7.1378026 83 83 83
0.4016083 -0.6912957 7.0964494 110 110 110
0.4282627 -0.6860559 7.0426607 253 253 253
0.4550611 -0.6817113 6.9980612 253 253 253
0.4816654 -0.6776227 6.9560905 238 238 238
0.5079863 -0.6736279 6.9150820 90 90 90
0.5338361 -0.6694759 6.8724594 61 61 61
0.5595997 -0.6656491 6.8331752 92 92 92
0.5853590 -0.6621921 6.7976885 177 177 177
0.6153231 -0.6635926 6.8120651 58 58 58
0.6459762 -0.6655780 6.8324456 45 45 45
0.6764992 -0.6672657 6.8497705 34 34 34
0.7069895 -0.6687840 6.8653569 33 33 33
0.7379045 -0.6705689 6.8836803 66 66 66
0.7691870 -0.6725401 6.9039149 160 160 160
0.8005294 -0.6744179 6.9231915 159 159 159
0.8323206 -0.6765283 6.9448552 155 155 155
0.8635634 -0.6780647 6.9606276 145 145 145
0.8952957 -0.6798718 6.9791780 52 52 52
0.9274728 -0.6818909 6.9999051 30 30 30
0.9595219 -0.6836942 7.0184169 29 29 29
0.9916102 -0.6854168 7.0360994 29 29 29
1.0243315 -0.6874639 7.0571151 84 84 84
1.0570393 -0.6893868 7.0768542 125 125 125
1.0899371 -0.6913246 7.0967460 121 121 121
1.2358477 -0.7430677 7.6279106 93 93 93
1.2964891 -0.7409579 7.6062527 71 71 71
1.3221127 -0.7373596 7.5693159 70 70 70
1.3467399 -0.7333887 7.5285516 77 77 77
1.3710874 -0.7294517 7.4881368 79 79 79
1.3958468 -0.7259061 7.4517403 81 81 81
1.4204003 -0.7224119 7.4158711 85 85 85
1.4448763 -0.7190298 7.3811522 102 102 102
1.4688482 -0.7155448 7.3453770 114 114 114
1.4926738 -0.7121339 7.3103623 120 120 120
1.5161948 -0.7087186 7.2753029 123 123 123
1.5396708 -0.7054182 7.2414231 129 129 129
1.5625688 -0.7019866 7.2061954 138 138 138
1.5853997 -0.6986562 7.1720080 143 143 143
1.6079482 -0.6953284 7.1378465 149 149 149
1.6301619 -0.6919808 7.1034822 152 152 152
1.6522124 -0.6886860 7.0696597 152 152 152
1.6741968 -0.6854810 7.0367584 159 159 159
1.6971092 -0.6827608 7.0088353 157 157 157
1.7190472 -0.6797485 6.9779124 161 161 161
1.7403709 -0.6765988 6.9455795 157 157 157
1.7609528 -0.6732697 6.9114051 159 159 159
1.7822155 -0.6703052 6.8809724 156 156 156
1.8032333 -0.6673449 6.8505840 96 96 96
1.8975596 -0.6501732 6.6743088 39 39 39
1.9311033 -0.6519959 6.6930199 26 26 26
1.9670742 -0.6545737 6.7194819 43 43 43
2.0713656 -0.6699762 6.8775959 144 144 144
2.1073174 -0.6721929 6.9003510 132 132 132
2.2126734 -0.6777248 6.9571385 109 109 109
2.2451966 -0.6786877 6.9670224 112 112 112
2.2789197 -0.6799837 6.9803267 119 119 119
2.3131685 -0.6814016 6.9948812 116 116 116
2.3512199 -0.6838897 7.0204234 129 129 129
2.3837352 -0.6847257 7.0290055 153 153 153
2.4177763 -0.6859742 7.0418215 109 109 109
2.4590766 -0.6892269 7.0752120 129 129 129
2.4938478 -0.6905936 7.0892415 94 94 94
2.5388658 -0.6947318 7.1317229 95 95 95
2.5762663 -0.6967131 7.1520619 115 115 115
2.6093531 -0.6974955 7.1600928 117 117 117
2.7188616 -0.7184544 7.3752446 85 85 85
2.7447274 -0.7170866 7.3612032 116 116 116
2.7807355 -0.7183695 7.3743739 82 82 82
2.8164217 -0.7195420 7.3864093 70 70 70
2.8530250 -0.7209203 7.4005589 64 64 64
2.8909740 -0.7226053 7.4178562 60 60 60
2.9325061 -0.7251403 7.4438787 60 60 60
2.9760044 -0.7281025 7.4742870 63 63 63
3.0182726 -0.7307050 7.5010023 68 68 68
3.0572627 -0.7324679 7.5191002 72 72 72
3.0971131 -0.7343988 7.5389214 75 75 75
3.1378245 -0.7364925 7.5604143 81 81 81
3.1776805 -0.7383453 7.5794344 82 82 82
3.2183282 -0.7403434 7.5999451 63 63 63
3.2810819 -0.7473371 7.6717386 84 84 84
3.4453206 -0.7695702 7.8999705 97 97 97
3.4725134 -0.7682160 7.8860698 97 97 97
3.5008898 -0.7671469 7.8750954 67 67 67
3.5369196 -0.7677593 7.8813815 69 69 69
3.5735233 -0.7684836 7.8888168 65 65 65
3.6162367 -0.7704964 7.9094791 56 56 56
3.6637485 -0.7734854 7.9401622 50 50 50
3.7154570 -0.7772983 7.9793029 56 56 56
-7.8839564 -1.3986287 15.0071707 16 16 16
-7.8159885 -1.3977911 14.9981833 19 19 19
-7.7584209 -1.3988150 15.0091696 21 21 21
-7.7142820 -1.4022968 15.0465288 21 21 21
-7.6805158 -1.4077375 15.1049070 18 18 18
-2.7291963 -0.5405740 5.8003139 111 111 111
-2.6431971 -0.5282745 5.6683416 111 111 111
-2.4017096 -0.4933960 5.2940989 120 120 120
-2.3345020 -0.4840891 5.1942358 120 120 120
-2.2697062 -0.4751106 5.0978980 119 119 119
-2.1972754 -0.4643470 4.9824047 124 124 124
-2.1372945 -0.4560319 4.8931851 140 140 140
-2.0160005 -0.4386208 4.7063651 131 131 131
-1.9621688 -0.4311531 4.6262379 137 137 137
-1.9023089 -0.4221976 4.5301456 143 143 143
-1.8522582 -0.4152595 4.4556999 138 138 138
-1.8040888 -0.4086053 4.3843012 137 137 137
-1.7573597 -0.4021429 4.3149595 131 131 131
-1.7223805 -0.3982621 4.2733197 126 126 126
-1.6963525 -0.3963909 4.2532420 125 125 125
-1.6701963 -0.3944495 4.2324104 128 128 128
-1.6447219 -0.3926289 4.2128754 123 123 123
-1.6251422 -0.3921911 4.2081780 107 107 107
-1.6110716 -0.3930877 4.2177992 120 120 120
-1.5963497 -0.3938438 4.2259111 116 116 116
-1.5821594 -0.3947495 4.2356296 117 117 117
-1.5671617 -0.3954721 4.2433834 118 118 118
-1.5530583 -0.3964398 4.2537661 121 121 121
-1.5389447 -0.3974274 4.2643633 123 123 123
-1.5236949 -0.3981415 4.2720251 123 123 123
-1.5090852 -0.3990419 4.2816868 123 123 123
-1.4939717 -0.3998293 4.2901354 124 124 124
-1.4797146 -0.4008680 4.3012810 125 125 125
-1.4652146 -0.4018659 4.3119879 127 127 127
-1.4497169 -0.4026118 4.3199911 125 125 125
-1.4351914 -0.4036500 4.3311319 126 126 126
-1.4203348 -0.4046208 4.3415480 129 129 129
-1.4043918 -0.4053033 4.3488712 125 125 125
-1.3896847 -0.4063653 4.3602667 128 128 128
-1.3737936 -0.4071050 4.3682032 127 127 127
-1.3588415 -0.4081468 4.3793812 131 131 131
-1.3437907 -0.4091872 4.3905449 131 131 131
-1.3283688 -0.4101421 4.4007912 131 131 131
-1.3123397 -0.4109339 4.4092875 130 130 130
-1.2970355 -0.4119788 4.4204988 131 131 131
-1.2814162 -0.4129526 4.4309473 134 134 134
-1.2650996 -0.4137272 4.4392586 134 134 134
-1.2495253 -0.4147714 4.4504633 133 133 133
-1.2336712 -0.4157532 4.4609976 137 137 137
-1.2179956 -0.4168265 4.4725142 137 137 137
-1.2012612 -0.4175654 4.4804430 139 139 139
-1.1853781 -0.4186287 4.4918518 137 137 137
-1.1692626 -0.4196431 4.5027361 136 136 136
-1.1530600 -0.4206592 4.5136385 142 142 142
-1.1360183 -0.4213981 4.5215673 143 143 143
-1.1198611 -0.4224961 4.5333481 143 143 143
-1.1032665 -0.4234641 4.5437355 147 147 147
-1.0868458 -0.4245344 4.5552192 142 142 142
-1.0701897 -0.4255496 4.5661125 144 144 144
-1.0534227 -0.4265571 4.5769224 149 149 149
-1.0366678 -0.4276072 4.5881896 147 147 147
-1.0192327 -0.4284113 4.5968180 148 148 148
-1.0022587 -0.4294441 4.6079001 148 148 148
-0.9852357 -0.4304964 4.6191912 140 140 140
-0.9680276 -0.4315087 4.6300526 150 150 150
-0.9507703 -0.4325402 4.6411204 151 151 151
-0.9334612 -0.4335910 4.6523957 152 152 152
-0.9162847 -0.4347499 4.6648302 155 155 155
-0.8986720 -0.4357480 4.6755404 155 155 155
-0.8810044 -0.4367638 4.6864395 154 154 154
-0.8632191 -0.4377665 4.6971984 156 156 156
-0.8454998 -0.4388505 4.7088299 157 157 157
-0.8276710 -0.4399285 4.7203965 155 155 155
-0.8096334 -0.4409459 4.7313132 158 158 158
-0.7916167 -0.4420264 4.7429070 158 158 158
-0.7733851 -0.4430398 4.7537804 158 158 158
-0.7551790 -0.4441220 4.7653933 155 155 155
-0.7369418 -0.4452448 4.7774401 155 155 155
-0.7186131 -0.4463737 4.7895532 148 148 148
-0.6999803 -0.4473736 4.8002820 146 146 146
-0.6813492 -0.4484342 4.8116627 161 161 161
-0.6629269 -0.4497015 4.8252606 162 162 162
-0.6441338 -0.4507896 4.8369355 161 161 161
-0.6251829 -0.4518348 4.8481507 164 164 164
-0.6063169 -0.4530141 4.8608041 164 164 164
-0.5874687 -0.4542898 4.8744922 165 165 165
-0.5489392 -0.4564362 4.8975224 167 167 167
-0.5295634 -0.4575393 4.9093595 170 170 170
-0.5099763 -0.4585423 4.9201212 169 169 169
-0.4511480 -0.4620401 4.9576526 168 168 168
-0.4312405 -0.4631126 4.9691596 164 164 164
-0.4111722 -0.4641131 4.9798951 172 172 172
-0.3912793 -0.4654299 4.9940248 164 164 164
-0.5277389 -0.7999758 8.5836744 253 253 253
-0.4884993 -0.7950240 8.5305424 253 253 253
-0.4494866 -0.7896834 8.4732380 253 253 253
-0.4103568 -0.7831969 8.4036379 253 253 253
-0.3721944 -0.7775051 8.3425655 253 253 253
-0.3347156 -0.7722020 8.2856636 253 253 253
-0.2972409 -0.7656734 8.2156124 253 253 253
-0.2608007 -0.7604383 8.1594400 253 253 253
-0.2248362 -0.7552099 8.1033401 253 253 253
-0.1893700 -0.7500814 8.0483112 253 253 253
-0.1542570 -0.7444171 7.9875340 253 253 253
-0.1196932 -0.7389795 7.9291892 253 253 253
-0.0856895 -0.7341236 7.8770862 253 253 253
-0.0521313 -0.7293543 7.8259115 253 253 253
-0.0190059 -0.7246269 7.7751865 253 253 253
0.0136709 -0.7188022 7.7126884 253 253 253
0.0458913 -0.7140778 7.6619959 253 253 253
0.0777004 -0.7095015 7.6128926 253 253 253
0.1091072 -0.7050021 7.5646148 253 253 253
0.1401059 -0.7004979 7.5162849 253 253 253
0.1704586 -0.6950215 7.4575229 253 253 253
0.2006497 -0.6906950 7.4111009 253 253 253
0.2304820 -0.6864657 7.3657212 253 253 253
0.2599220 -0.6822116 7.3200746 244 244 244
0.2890071 -0.6780280 7.2751842 253 253 253
0.3174316 -0.6732463 7.2238774 253 253 253
0.3460949 -0.6697639 7.1865115 250 250 250
0.3734297 -0.6644785 7.1297994 118 118 118
0.4010861 -0.6605104 7.0872216 70 70 70
0.4283248 -0.6564524 7.0436807 237 237 237
0.4551992 -0.6523986 7.0001836 253 253 253
0.4818665 -0.6485600 6.9589958 253 253 253
0.5084214 -0.6450194 6.9210048 171 171 171
0.5341212 -0.6408372 6.8761301 75 75 75
0.5598392 -0.6371065 6.8361006 83 83 83
0.5853323 -0.6334977 6.7973776 85 85 85
0.6156953 -0.6352504 6.8161850 42 42 42
0.6459741 -0.6367639 6.8324237 38 38 38
0.6768233 -0.6386864 6.8530517 34 34 34
0.7077076 -0.6404831 6.8723307 44 44 44
0.7384186 -0.6419878 6.8884759 153 153 153
0.7698100 -0.6439478 6.9095068 163 163 163
0.8008555 -0.6454859 6.9260111 158 158 158
0.8326256 -0.6474794 6.9474006 149 149 149
0.8643597 -0.6493104 6.9670467 88 88 88
0.8957349 -0.6507601 6.9826021 32 32 32
0.9278481 -0.6526366 7.0027375 31 31 31
0.9602837 -0.6546172 7.0239892 31 31 31
0.9927678 -0.6565114 7.0443130 47 47 47
1.0247192 -0.6579535 7.0597868 126 126 126
1.0574797 -0.6598189 7.0798030 129 129 129
1.0903181 -0.6616293 7.0992274 121 121 121
1.2366546 -0.7113653 7.6328912 95 95 95
1.2969394 -0.7091289 7.6088943 70 70 70
1.3211447 -0.7049238 7.5637746 73 73 73
1.3465370 -0.7015354 7.5274172 76 76 76
1.3716007 -0.6981359 7.4909406 76 76 76
1.3965882 -0.6948514 7.4556980 81 81 81
1.4211714 -0.6915148 7.4198976 87 87 87
1.4455782 -0.6882381 7.3847380 98 98 98
1.4694738 -0.6848613 7.3485050 112 112 112
1.4927254 -0.6813300 7.3106146 123 123 123
1.5169141 -0.6783608 7.2787547 124 124 124
1.5403888 -0.6751962 7.2448001 131 131 131
1.5632296 -0.6718824 7.2092423 137 137 137
1.5862206 -0.6687583 7.1757216 142 142 142
1.6087170 -0.6655465 7.1412597 145 145 145
1.6309747 -0.6623558 7.1070237 151 151 151
1.6526606 -0.6590524 7.0715775 150 150 150
1.6749340 -0.6560960 7.0398564 157 157 157
1.6962501 -0.6528742 7.0052872 160 160 160
1.7178153 -0.6498570 6.9729123 158 158 158
1.7392734 -0.6469015 6.9411998 161 161 161
1.7620409 -0.6445227 6.9156756 162 162 162
1.7828257 -0.6415080 6.8833280 158 158 158
1.8041601 -0.6387845 6.8541050 96 96 96
1.8984709 -0.6223267 6.6775136 36 36 36
1.9302624 -0.6235001 6.6901050 27 27 27
2.0434911 -0.6413278 6.8813944 158 158 158
2.0725780 -0.6413490 6.8816214 127 127 127
2.1072047 -0.6430601 6.8999820 145 145 145
2.1388898 -0.6438392 6.9083419 92 92 92
2.1747642 -0.6458414 6.9298258 84 84 84
2.2134306 -0.6486088 6.9595194 77 77 77
2.2912416 -0.6540655 7.0180693 84 84 84
2.3237536 -0.6548876 7.0268898 94 94 94
2.3559821 -0.6556101 7.0346427 129 129 129
2.3852148 -0.6554914 7.0333686 119 119 119
2.4196963 -0.6568003 7.0474133 125 125 125
2.4575887 -0.6589921 7.0709310 145 145 145
2.4901500 -0.6597190 7.0787301 120 120 120
2.5306857 -0.6625162 7.1087446 99 99 99
2.5721850 -0.6654973 7.1407313 103 103 103
2.7794750 -0.6869606 7.3710313 93 93 93
2.8131585 -0.6875963 7.3778510 61 61 61
2.8502512 -0.6890420 7.3933644 68 68 68
2.8862600 -0.6901973 7.4057608 66 66 66
2.9265850 -0.6923491 7.4288483 63 63 63
2.9708128 -0.6953686 7.4612484 67 67 67
3.0138719 -0.6980543 7.4900656 69 69 69
3.0537596 -0.6999574 7.5104852 63 63 63
3.0942152 -0.7019501 7.5318675 65 65 65
3.1360304 -0.7042078 7.5560913 91 91 91
3.1743293 -0.7056383 7.5714407 85 85 85
3.2144871 -0.7074494 7.5908742 80 80 80
3.2627261 -0.7109858 7.6288195 75 75 75
3.4479613 -0.7368208 7.9060259 88 88 88
3.4712372 -0.7346908 7.8831716 71 71 71
3.5001895 -0.7337913 7.8735199 59 59 59
3.5686100 -0.7342061 7.8779707 60 60 60
3.6076310 -0.7353883 7.8906565 47 47 47
3.6551945 -0.7382745 7.9216242 46 46 46
3.7048337 -0.7415237 7.9564886 48 48 48
-7.8903303 -1.3364238 15.0193033 17 17 17
-7.8200989 -1.3352463 15.0060711 20 20 20
-7.7615256 -1.3360566 15.0151758 20 20 20
-7.7157135 -1.3390949 15.0493212 19 19 19
-2.9314682 -0.5446039 6.1204925 89 89 89
-2.6468620 -0.5050707 5.6762013 112 112 112
-2.4052296 -0.4717615 5.3018584 113 113 113
-2.2736039 -0.4543920 5.1066523 121 121 121
-2.2008433 -0.4440563 4.9904952 128 128 128
-2.1405568 -0.4360622 4.9006534 136 136 136
-2.0738013 -0.4265815 4.7941060 131 131 131
-2.0190091 -0.4193993 4.7133889 131 131 131
-1.9650974 -0.4122589 4.6331425 129 129 129
-1.8552871 -0.3971183 4.4629860 130 130 130
-1.7603947 -0.3846100 4.3224115 125 125 125
-1.7243378 -0.3806738 4.2781758 126 126 126
-1.6978974 -0.3787999 4.2571158 125 125 125
-1.6715736 -0.3769122 4.2359009 129 129 129
-1.6461352 -0.3751855 4.2164955 124 124 124
-1.6261106 -0.3746685 4.2106853 118 118 118
-1.6118345 -0.3754792 4.2197962 115 115 115
-1.5970494 -0.3761881 4.2277632 118 118 118
-1.5829901 -0.3770859 4.2378531 119 119 119
-1.5678680 -0.3777482 4.2452960 120 120 120
-1.5538479 -0.3786943 4.2559290 123 123 123
-1.5396919 -0.3796290 4.2664337 123 123 123
-1.5244884 -0.3803245 4.2742500 122 122 122
-1.5098416 -0.3811772 4.2838326 125 125 125
-1.4948524 -0.3819631 4.2926645 125 125 125
-1.4805847 -0.3829548 4.3038101 124 124 124
-1.4659739 -0.3838813 4.3142223 127 127 127
-1.4505397 -0.3846128 4.3224430 126 126 126
-1.4359574 -0.3855916 4.3334436 127 127 127
-1.4210459 -0.3865061 4.3437214 127 127 127
-1.4052088 -0.3871895 4.3514013 129 129 129
-1.3903311 -0.3881588 4.3622952 127 127 127
-1.3749552 -0.3890132 4.3718967 129 129 129
-1.3596056 -0.3898983 4.3818436 128 128 128
-1.3444570 -0.3908662 4.3927221 129 129 129
-1.3290701 -0.3917910 4.4031143 130 130 130
-1.3129618 -0.3925262 4.4113779 135 135 135
-1.2975694 -0.3934997 4.4223185 131 131 131
-1.2817513 -0.3943706 4.4321060 137 137 137
-1.2662218 -0.3953574 4.4431958 133 133 133
-1.2502373 -0.3962297 4.4529991 136 136 136
-1.2342567 -0.3971298 4.4631147 134 134 134
-1.2186267 -0.3981723 4.4748316 139 139 139
-1.2019477 -0.3988995 4.4830036 137 137 137
-1.1860331 -0.3999077 4.4943342 139 139 139
-1.1699438 -0.4008887 4.5053596 144 144 144
-1.1537100 -0.4018518 4.5161829 143 143 143
-1.1366798 -0.4025652 4.5242004 142 142 142
-1.1204146 -0.4035785 4.5355883 147 147 147
-1.1039776 -0.4045641 4.5466642 143 143 143
-1.0873510 -0.4055137 4.5573368 146 146 146
-1.0707999 -0.4065262 4.5687160 147 147 147
-1.0539641 -0.4074658 4.5792747 146 146 146
-1.0372137 -0.4084740 4.5906057 149 149 149
-1.0204016 -0.4094958 4.6020894 150 150 150
-1.0028337 -0.4102481 4.6105437 149 149 149
-0.9858780 -0.4112855 4.6222024 153 153 153
-0.9684916 -0.4121814 4.6322718 150 150 150
-0.9513747 -0.4132313 4.6440706 151 151 151
-0.9340374 -0.4142276 4.6552672 153 153 153
-0.9166934 -0.4152637 4.6669111 153 153 153
-0.8991944 -0.4162734 4.6782584 154 154 154
-0.8814648 -0.4172192 4.6888885 153 153 153
-0.8637232 -0.4182027 4.6999412 154 154 154
-0.8459394 -0.4192115 4.7112784 155 155 155
-0.8282007 -0.4202917 4.7234178 157 157 157
-0.8101259 -0.4212503 4.7341919 156 156 156
-0.7920273 -0.4222447 4.7453666 156 156 156
-0.7738078 -0.4232245 4.7563782 156 156 156
-0.7557283 -0.4243351 4.7688599 158 158 158
-0.7374096 -0.4253684 4.7804723 159 159 159
-0.7190256 -0.4264211 4.7923031 159 159 159
-0.7007671 -0.4276112 4.8056779 163 163 163
-0.6820451 -0.4285810 4.8165770 157 157 157
-0.6633357 -0.4296184 4.8282361 157 157 157
-0.6444638 -0.4306131 4.8394141 159 159 159
-0.6255681 -0.4316562 4.8511376 160 160 160
-0.6064695 -0.4326252 4.8620276 160 160 160
-0.5873718 -0.4336627 4.8736873 168 168 168
-0.5685234 -0.4349662 4.8883367 164 164 164
-0.5491765 -0.4359719 4.8996396 163 163 163
-0.5298164 -0.4370455 4.9117045 167 167 167
-0.5102183 -0.4380021 4.9224553 163 163 163
-0.4909033 -0.4392931 4.9369645 166 166 166
-0.4711830 -0.4403199 4.9485030 164 164 164
-0.4513497 -0.4413312 4.9598689 163 163 163
-0.4313963 -0.4423176 4.9709554 168 168 168
-0.4115776 -0.4435501 4.9848056 174 174 174
-0.3914419 -0.4445550 4.9960999 140 140 140
-0.3712163 -0.4455666 5.0074677 156 156 156
-0.4885363 -0.7591085 8.5311871 253 253 253
-0.4491083 -0.7533175 8.4661055 253 253 253
-0.4106278 -0.7482529 8.4091864 253 253 253
-0.3723966 -0.7427282 8.3470974 253 253 253
-0.3348922 -0.7376507 8.2900343 253 253 253
-0.2974056 -0.7314337 8.2201653 253 253 253
-0.2609552 -0.7264605 8.1642742 253 253 253
-0.2250033 -0.7215745 8.1093645 253 253 253
-0.1895255 -0.7167300 8.0549192 253 253 253
-0.1542622 -0.7107580 7.9878035 253 253 253
-0.1197792 -0.7060493 7.9348850 253 253 253
-0.0856659 -0.7007135 7.8749175 253 253 253
-0.0521531 -0.6966445 7.8291898 253 253 253
-0.0189852 -0.6910888 7.7667522 253 253 253
0.0136763 -0.6865482 7.7157235 253 253 253
0.0459250 -0.6822675 7.6676154 253 253 253
0.0777165 -0.6775391 7.6144748 253 253 253
0.1091854 -0.6735850 7.5700369 253 253 253
0.1399847 -0.6682232 7.5097790 253 253 253
0.1705879 -0.6640770 7.4631815 253 253 253
0.2007676 -0.6598303 7.4154549 253 253 253
0.2306243 -0.6558096 7.3702693 253 253 253
0.2600827 -0.6517460 7.3246007 226 226 226
0.2891269 -0.6476173 7.2782006 191 191 191
0.3174689 -0.6428591 7.2247262 253 253 253
0.3458189 -0.6389489 7.1807809 253 253 253
0.3737343 -0.6349300 7.1356149 147 147 147
0.4013173 -0.6309875 7.0913081 66 66 66
0.4285077 -0.6270173 7.0466895 158 158 158
0.4554227 -0.6231852 7.0036216 253 253 253
0.4817103 -0.6190136 6.9567399 253 253 253
0.5085716 -0.6160158 6.9230494 244 244 244
0.5344427 -0.6122093 6.8802695 85 85 85
0.5593345 -0.6077305 6.8299360 69 69 69
0.5856982 -0.6052116 6.8016276 115 115 115
0.6160402 -0.6068467 6.8200035 49 49 49
0.6464547 -0.6084042 6.8375068 34 34 34
0.6770231 -0.6099674 6.8550749 34 34 34
0.7079172 -0.6116838 6.8743653 137 137 137
0.7388027 -0.6132583 6.8920593 159 159 159
0.7702104 -0.6151305 6.9131007 158 158 158
0.8016600 -0.6168984 6.9329691 154 154 154
0.8328480 -0.6183476 6.9492559 127 127 127
0.8646937 -0.6201702 6.9697385 35 35 35
0.8967177 -0.6219965 6.9902635 32 32 32
0.9288564 -0.6237836 7.0103478 29 29 29
0.9606667 -0.6252467 7.0267901 32 32 32
0.9930041 -0.6269552 7.0459905 119 119 119
1.0256209 -0.6287355 7.0659995 129 129 129
1.0578810 -0.6302028 7.0824895 126 126 126
1.0907842 -0.6319622 7.1022620 112 112 112
1.2369920 -0.6793631 7.6349735 96 96 96
1.2714288 -0.6805624 7.6484518 72 72 72
1.2961019 -0.6766053 7.6039810 71 71 71
1.3217400 -0.6733310 7.5671830 72 72 72
1.3472763 -0.6701605 7.5315504 76 76 76
1.3722581 -0.6668664 7.4945302 79 79 79
1.3966513 -0.6634411 7.4560351 82 82 82
1.4217188 -0.6604798 7.4227557 91 91 91
1.4461379 -0.6573514 7.3875971 103 103 103
1.4702724 -0.6542284 7.3524990 115 115 115
1.4932958 -0.6507501 7.3134084 121 121 121
1.5177126 -0.6480075 7.2825861 121 121 121
1.5410503 -0.6449221 7.2479110 131 131 131
1.5642074 -0.6418827 7.2137523 136 136 136
1.5859314 -0.6383823 7.1744132 142 142 142
1.6095499 -0.6357612 7.1449566 143 143 143
1.6316762 -0.6326579 7.1100812 149 149 149
1.6535740 -0.6295797 7.0754857 153 153 153
1.6756707 -0.6266849 7.0429530 153 153 153
1.6972845 -0.6237134 7.0095592 158 158 158
1.7186588 -0.6207573 6.9763365 160 160 160
1.7400093 -0.6178921 6.9441366 158 158 158
1.7609494 -0.6149785 6.9113917 159 159 159
1.7816025 -0.6120611 6.8786058 156 156 156
1.8047638 -0.6100852 6.8563986 88 88 88
1.8782157 -0.5966787 6.7057314 41 41 41
1.8989738 -0.5943254 6.6792831 36 36 36
1.9322858 -0.5959123 6.6971178 27 27 27
2.0461550 -0.6131075 6.8903651 153 153 153
2.0745988 -0.6129265 6.8883314 150 150 150
2.1069114 -0.6138778 6.8990216 139 139 139
2.1384931 -0.6145931 6.9070606 90 90 90
2.1711237 -0.6155866 6.9182258 72 72 72
2.2088883 -0.6179901 6.9452372 90 90 90
2.2469263 -0.6204062 6.9723902 72 72 72
2.2933981 -0.6250584 7.0246739 86 86 86
2.3659897 -0.6286043 7.0645242 120 120 120
2.3954859 -0.6285270 7.0636554 121 121 121
2.4271646 -0.6290172 7.0691648 121 121 121
2.4586055 -0.6294347 7.0738568 108 108 108
2.4935193 -0.6307206 7.0883079 95 95 95
2.5364082 -0.6339694 7.1248193 87 87 87
2.5779548 -0.6368105 7.1567492 103 103 103
2.7433443 -0.6546729 7.3574944 86 86 86
2.7781312 -0.6555603 7.3674679 111 111 111
2.8111782 -0.6560221 7.3726573 57 57 57
2.8480210 -0.6573498 7.3875790 54 54 54
2.8829782 -0.6582184 7.3973398 59 59 59
2.9241676 -0.6604760 7.4227118 69 69 69
2.9663506 -0.6629078 7.4500422 64 64 64
3.0113645 -0.6659147 7.4838343 69 69 69
3.0499537 -0.6674532 7.5011244 73 73 73
3.0910416 -0.6695013 7.5241427 73 73 73
3.1347950 -0.6720792 7.5531144 90 90 90
3.1715131 -0.6731122 7.5647235 92 92 92
3.2110891 -0.6747251 7.5828500 82 82 82
3.2561259 -0.6774423 7.6133871 68 68 68
3.3062959 -0.6811640 7.6552134 86 86 86
3.4654868 -0.7002859 7.8701124 65 65 65
3.4981756 -0.7001860 7.8689899 102 102 102
3.5220973 -0.6983497 7.8483524 80 80 80
3.5634627 -0.6999740 7.8666077 69 69 69
3.6009541 -0.7008144 7.8760524 40 40 40
3.6470139 -0.7032918 7.9038949 48 48 48
3.6937008 -0.7058442 7.9325790 47 47 47
-7.8243952 -1.2726654 15.0143156 19 19 19
-7.7650104 -1.2733097 15.0219173 21 21 21
-7.7194395 -1.2762486 15.0565882 19 19 19
-2.9977145 -0.5305181 6.2588053 70 70 70
-2.7136700 -0.4932785 5.8194709 74 74 74
-2.2038243 -0.4235846 4.9972544 122 122 122
-2.1441102 -0.4160860 4.9087892 129 129 129
-2.0771751 -0.4070261 4.8019052 122 122 122
-2.0220180 -0.4001186 4.7204132 116 116 116
-1.9683174 -0.3933647 4.6407342 116 116 116
-1.8582259 -0.3788974 4.4700556 113 113 113
-1.7632463 -0.3669761 4.3294134 112 112 112
-1.7264403 -0.3630751 4.2833920 122 122 122
-1.6996464 -0.3612196 4.2615008 125 125 125
-1.6730720 -0.3593715 4.2396979 127 127 127
-1.6471792 -0.3576315 4.2191701 131 131 131
-1.6269163 -0.3570891 4.2127714 127 127 127
-1.6118753 -0.3576936 4.2199030 120 120 120
-1.5974522 -0.3584503 4.2288299 116 116 116
-1.5836552 -0.3593661 4.2396340 116 116 116
-1.5685360 -0.3599993 4.2471046 119 119 119
-1.5545523 -0.3609108 4.2578583 120 120 120
-1.5406287 -0.3618577 4.2690296 124 124 124
-1.5252820 -0.3624889 4.2764750 122 122 122
-1.5105376 -0.3632799 4.2858076 123 123 123
-1.4954977 -0.3640182 4.2945175 125 125 125
-1.4812039 -0.3649584 4.3056097 125 125 125
-1.4667292 -0.3658769 4.3164454 129 129 129
-1.4512897 -0.3665747 4.3246775 121 121 121
-1.4366262 -0.3674888 4.3354621 128 128 128
-1.4217519 -0.3683718 4.3458796 130 130 130
-1.4059334 -0.3690301 4.3536453 127 127 127
-1.3910183 -0.3699460 4.3644514 131 131 131
-1.3755791 -0.3707452 4.3738804 128 128 128
-1.3603021 -0.3716105 4.3840885 130 130 130
-1.3450543 -0.3725078 4.3946733 131 131 131
-1.3297275 -0.3734078 4.4052925 129 129 129
-1.3135659 -0.3740957 4.4134073 134 134 134
-1.2982469 -0.3750467 4.4246273 132 132 132
-1.2826983 -0.3759582 4.4353809 132 132 132
-1.2668601 -0.3768106 4.4454365 135 135 135
-1.2509536 -0.3776678 4.4555502 134 134 134
-1.2349823 -0.3785315 4.4657383 135 135 135
-1.2191849 -0.3794760 4.4768810 138 138 138
-1.2034063 -0.3804561 4.4884439 138 138 138
-1.1865672 -0.3811269 4.4963579 143 143 143
-1.1705915 -0.3821013 4.5078530 143 143 143
-1.1543804 -0.3830298 4.5188074 141 141 141
-1.1380820 -0.3839599 4.5297813 145 145 145
-1.1209986 -0.3846526 4.5379524 144 144 144
-0.8997214 -0.3967778 4.6810002 156 156 156
-0.8820334 -0.3977028 4.6919136 154 154 154
-0.7743027 -0.4034249 4.7594204 158 158 158
-0.7560852 -0.4044159 4.7711110 157 157 157
-0.7377903 -0.4054186 4.7829404 157 157 157
-0.3916552 -0.4237175 4.9988227 153 153 153
-0.3714050 -0.4246661 5.0100141 138 138 138
-0.4890046 -0.7238262 8.5393658 253 253 253
-0.4493649 -0.7180265 8.4709435 253 253 253
-0.4106665 -0.7128590 8.4099798 253 253 253
-0.3726707 -0.7080497 8.3532419 253 253 253
-0.3345454 -0.7019644 8.2814503 253 253 253
-0.2976131 -0.6972558 8.2259007 253 253 253
-0.2611054 -0.6924306 8.1689749 253 253 253
-0.2251310 -0.6877677 8.1139650 253 253 253
-0.1893181 -0.6820157 8.0461044 253 253 253
-0.1543502 -0.6774602 7.9923611 253 253 253
-0.1198354 -0.6729038 7.9386067 253 253 253
-0.0857010 -0.6677788 7.8781443 253 253 253
-0.0521801 -0.6639726 7.8332400 253 253 253
-0.0189944 -0.6586550 7.7705064 253 253 253
0.0136848 -0.6544172 7.7205095 253 253 253
0.0459591 -0.6504161 7.6733065 253 253 253
0.0777868 -0.6460133 7.6213646 253 253 253
0.1090679 -0.6409717 7.5618858 253 253 253
0.1400543 -0.6368716 7.5135150 253 253 253
0.1706879 -0.6329760 7.4675570 253 253 253
0.2009262 -0.6290561 7.4213119 253 253 253
0.2305612 -0.6245586 7.3682532 253 253 253
0.2602542 -0.6212680 7.3294311 223 223 223
0.2889675 -0.6165854 7.2741880 186 186 186
0.3177198 -0.6128766 7.2304339 253 253 253
0.3460206 -0.6090229 7.1849689 253 253 253
0.3739525 -0.6051927 7.1397824 247 247 247
0.4015253 -0.6013954 7.0949836 199 199 199
0.4287863 -0.5976901 7.0512700 193 193 193
0.4557230 -0.5940426 7.0082393 253 253 253
0.4823225 -0.5904267 6.9655800 253 253 253
0.5081611 -0.5863479 6.9174609 253 253 253
0.5339756 -0.5826858 6.8742561 143 143 143
0.5596188 -0.5792235 6.8334093 107 107 107
0.5860457 -0.5768715 6.8056622 135 135 135
0.6161208 -0.5781627 6.8208952 43 43 43
0.6467128 -0.5798022 6.8402376 32 32 32
0.6772992 -0.5812968 6.8578701 97 97 97
0.7082418 -0.5829622 6.8775172 159 159 159
0.7394658 -0.5847191 6.8982444 163 163 163
0.7703983 -0.5861213 6.9147868 159 159 159
0.8019767 -0.5878946 6.9357076 143 143 143
0.8335791 -0.5895602 6.9553571 46 46 46
0.8649771 -0.5909728 6.9720225 31 31 31
0.8969401 -0.5926659 6.9919972 31 31 31
0.9292441 -0.5944694 7.0132737 31 31 31
0.9615555 -0.5961662 7.0332918 96 96 96
0.9934589 -0.5975161 7.0492167 126 126 126
1.0260382 -0.5991822 7.0688739 129 129 129
1.0588048 -0.6008605 7.0886741 127 127 127
1.0913153 -0.6023055 7.1057200 105 105 105
1.2382833 -0.6478423 7.6429434 95 95 95
1.2711109 -0.6481471 7.6465387 71 71 71
1.2965286 -0.6447520 7.6064839 71 71 71
1.3223463 -0.6417149 7.5706539 72 72 72
1.3477203 -0.6386107 7.5340319 76 76 76
1.3729380 -0.6355771 7.4982433 80 80 80
1.3972615 -0.6322755 7.4592929 82 82 82
1.4224751 -0.6295132 7.4267044 90 90 90
1.4451746 -0.6257812 7.3826761 101 101 101
1.4693338 -0.6228254 7.3478050 116 116 116
1.4930193 -0.6197951 7.3120546 121 121 121
1.5166092 -0.6168484 7.2772913 127 127 127
1.5398479 -0.6138787 7.2422557 127 127 127
1.5629846 -0.6109846 7.2081127 139 139 139
1.5857776 -0.6080692 7.1737180 143 143 143
1.6083645 -0.6051853 7.1396947 144 144 144
1.6306792 -0.6023069 7.1057367 151 151 151
1.6542172 -0.5999760 7.0782380 153 153 153
1.6763434 -0.5972248 7.0457807 157 157 157
1.6979667 -0.5943933 7.0123763 159 159 159
1.7193667 -0.5915820 6.9792099 158 158 158
1.7408148 -0.5888816 6.9473510 156 156 156
1.7616562 -0.5860686 6.9141660 157 157 157
1.7826780 -0.5834064 6.8827577 154 154 154
1.8056908 -0.5814706 6.8599200 78 78 78
1.8791559 -0.5686856 6.7090883 41 41 41
1.8993961 -0.5662851 6.6807680 34 34 34
1.9329504 -0.5678661 6.6994209 26 26 26
2.0501797 -0.5852000 6.9039183 148 148 148
2.0748036 -0.5839365 6.8890114 155 155 155
2.1067791 -0.5847483 6.8985887 141 141 141
2.1377673 -0.5852677 6.9047165 103 103 103
2.1700499 -0.5861228 6.9148040 93 93 93
2.2061555 -0.5879740 6.9366446 93 93 93
2.2440202 -0.5902395 6.9633718 70 70 70
2.2924519 -0.5951900 7.0217757 92 92 92
2.3368039 -0.5989686 7.0663533 145 145 145
2.3673275 -0.5991521 7.0685182 152 152 152
2.3989110 -0.5995960 7.0737548 150 150 150
2.4310536 -0.6001670 7.0804915 139 139 139
2.4690621 -0.6021547 7.1039424 129 129 129
2.5034647 -0.6032259 7.1165795 116 116 116
2.5391691 -0.6045817 7.1325746 107 107 107
2.5770042 -0.6064072 7.1541104 108 108 108
2.7168343 -0.6246851 7.3697448 65 65 65
2.7436631 -0.6237192 7.3583488 77 77 77
2.7750318 -0.6237954 7.3592482 116 116 116
2.8104012 -0.6247592 7.3706188 59 59 59
2.8471618 -0.6260079 7.3853502 64 64 64
2.8832626 -0.6270860 7.3980703 54 54 54
2.9228001 -0.6288805 7.4192405 50 50 50
2.9669023 -0.6316088 7.4514275 52 52 52
3.0631237 -0.6385669 7.5335150 100 100 100
3.0965364 -0.6389061 7.5375175 108 108 108
3.1306953 -0.6393909 7.5432372 93 93 93
3.1685824 -0.6406197 7.5577335 90 90 90
3.2112920 -0.6427892 7.5833292 87 87 87
3.2521801 -0.6445551 7.6041613 72 72 72
3.4459541 -0.6697520 7.9014235 63 63 63
3.4702923 -0.6680230 7.8810258 97 97 97
3.4967999 -0.6667405 7.8658953 106 106 106
3.5208685 -0.6650214 7.8456144 86 86 86
3.5610185 -0.6663436 7.8612118 77 77 77
3.5971026 -0.6668875 7.8676286 47 47 47
3.6422038 -0.6690779 7.8934703 46 46 46
3.6828628 -0.6704200 7.9093037 47 47 47
-7.8289700 -1.2100579 15.0230932 18 18 18
-7.7686577 -1.2105315 15.0289736 22 22 22
-7.7221665 -1.2131842 15.0619078 19 19 19
-2.9983871 -0.5042381 6.2602096 81 81 81
-2.0816109 -0.3876027 4.8121600 103 103 103
-2.0254712 -0.3808621 4.7284741 107 107 107
-1.9115562 -0.3666612 4.5521669 108 108 108
-1.8611652 -0.3606169 4.4771261 111 111 111
-1.8129591 -0.3548765 4.4058571 118 118 118
-1.7655046 -0.3491658 4.3349581 113 113 113
-1.7279794 -0.3453199 4.2872105 124 124 124
-1.7013074 -0.3435845 4.2656651 124 124 124
-1.6745657 -0.3417978 4.2434831 130 130 130
-1.6479626 -0.3400010 4.2211766 134 134 134
-1.6278009 -0.3395086 4.2150621 124 124 124
-1.6125605 -0.3400430 4.2216969 115 115 115
-1.5982927 -0.3407967 4.2310548 118 118 118
-1.5842946 -0.3416256 4.2413454 121 121 121
-1.5704654 -0.3425103 4.2523289 118 118 118
-1.5553143 -0.3431237 4.2599454 123 123 123
-1.5412469 -0.3439934 4.2707424 124 124 124
-1.5258212 -0.3445769 4.2779865 123 123 123
-1.5116142 -0.3454529 4.2888622 125 125 125
-1.4972618 -0.3463165 4.2995834 124 124 124
-1.4819460 -0.3469756 4.3077669 121 121 121
-1.4674149 -0.3478372 4.3184633 125 125 125
-1.4518939 -0.3484828 4.3264780 125 125 125
-1.4370037 -0.3492981 4.3366013 127 127 127
-1.4222699 -0.3501730 4.3474627 127 127 127
-1.4065351 -0.3508210 4.3555088 126 126 126
-1.3916651 -0.3517048 4.3664808 129 129 129
-1.3762571 -0.3524745 4.3760357 130 130 130
-1.3608643 -0.3532690 4.3859005 132 132 132
-1.3458079 -0.3541740 4.3971357 132 132 132
-1.3302509 -0.3549706 4.4070263 132 132 132
-1.3152093 -0.3559293 4.4189291 131 131 131
-1.2989088 -0.3565700 4.4268837 134 134 134
-1.2832878 -0.3574187 4.4374189 131 131 131
-1.2679766 -0.3583800 4.4493542 134 134 134
-1.2515041 -0.3590370 4.4575109 138 138 138
-1.2355845 -0.3598751 4.4679165 136 136 136
-0.2613605 -0.6586252 8.1769543 253 253 253
-0.2249804 -0.6531144 8.1085377 253 253 253
-0.1895503 -0.6488804 8.0559702 253 253 253
-0.1545152 -0.6444451 8.0009060 253 253 253
-0.1199416 -0.6399936 7.9456396 253 253 253
-0.0858043 -0.6353222 7.8876438 253 253 253
-0.0521591 -0.6306863 7.8300886 253 253 253
-0.0190075 -0.6263170 7.7758417 253 253 253
0.0136927 -0.6222185 7.7249584 253 253 253
0.0459984 -0.6185879 7.6798840 253 253 253
0.0777394 -0.6135001 7.6167183 253 253 253
0.1091532 -0.6095603 7.5678043 253 253 253
0.1401765 -0.6057157 7.5200729 253 253 253
0.1708191 -0.6019480 7.4732966 253 253 253
0.2010716 -0.5981934 7.4266829 253 253 253
0.2305953 -0.5935751 7.3693447 253 253 253
0.2600923 -0.5899928 7.3248706 222 222 222
0.2891161 -0.5862117 7.2779279 137 137 137
0.3179077 -0.5827307 7.2347102 253 253 253
0.3462508 -0.5791093 7.1897492 253 253 253
0.3741345 -0.5753645 7.1432567 253 253 253
0.4017402 -0.5717820 7.0987802 184 184 184
0.4285198 -0.5676022 7.0468874 224 224 224
0.4553798 -0.5640641 7.0029616 249 249 249
0.4819135 -0.5605775 6.9596744 253 253 253
0.5084422 -0.5574856 6.9212880 253 253 253
0.5343371 -0.5540722 6.8789096 253 253 253
0.5602837 -0.5510612 6.8415270 175 175 175
0.5870764 -0.5491366 6.8176327 108 108 108
0.6163968 -0.5496455 6.8239512 38 38 38
0.6469290 -0.5511415 6.8425241 70 70 70
0.6776768 -0.5526855 6.8616929 150 150 150
0.7085179 -0.5541761 6.8801994 160 160 160
0.7398022 -0.5558824 6.9013834 159 159 159
0.7711089 -0.5574757 6.9211645 156 156 156
0.8023041 -0.5588751 6.9385390 78 78 78
0.8340048 -0.5605158 6.9589086 33 33 33
0.8657768 -0.5620913 6.9784684 29 29 29
0.8972596 -0.5633816 6.9944878 30 30 30
0.9296412 -0.5651362 7.0162711 58 58 58
0.9617656 -0.5666309 7.0348287 128 128 128
0.9940922 -0.5681518 7.0537105 137 137 137
1.0265095 -0.5696347 7.0721211 132 132 132
1.0592518 -0.5712091 7.0916667 124 124 124
1.2387320 -0.6158355 7.6457129 90 90 90
1.2717756 -0.6162242 7.6505380 68 68 68
1.2969297 -0.6128653 7.6088376 71 71 71
1.3230097 -0.6100957 7.5744519 73 73 73
1.3484728 -0.6071789 7.5382385 77 77 77
1.3719667 -0.6035302 7.4929390 78 78 78
1.3967348 -0.6005936 7.4564810 81 81 81
1.4213668 -0.5977291 7.4209180 90 90 90
1.4458714 -0.5949355 7.3862352 103 103 103
1.4698882 -0.5920634 7.3505778 115 115 115
1.4937884 -0.5892639 7.3158207 118 118 118
1.5174202 -0.5864739 7.2811828 122 122 122
1.5406582 -0.5836455 7.2460675 130 130 130
1.5638092 -0.5808947 7.2119155 138 138 138
1.5864267 -0.5780545 7.1766539 141 141 141
1.6089211 -0.5752766 7.1421657 147 147 147
1.6313486 -0.5725773 7.1086535 147 147 147
1.6534405 -0.5698597 7.0749145 152 152 152
1.6753212 -0.5671670 7.0414844 155 155 155
1.6988999 -0.5651329 7.0162306 156 156 156
1.7204195 -0.5624952 6.9834833 157 157 157
1.7416545 -0.5598549 6.9507022 157 157 157
1.7624532 -0.5571640 6.9172940 159 159 159
1.7833446 -0.5545895 6.8853321 159 159 159
1.8079927 -0.5532471 6.8686652 69 69 69
1.8802841 -0.5407181 6.7131166 39 39 39
1.9002999 -0.5383687 6.6839471 31 31 31
1.9334761 -0.5397618 6.7012434 27 27 27
2.0439661 -0.5544012 6.8829932 159 159 159
2.0750153 -0.5549425 6.8897142 172 172 172
2.1068003 -0.5556629 6.8986578 151 151 151
2.1371961 -0.5560022 6.9028711 87 87 87
2.1710382 -0.5572170 6.9179530 95 95 95
2.2053490 -0.5585183 6.9341087 84 84 84
2.2422216 -0.5604258 6.9577913 64 64 64
2.2928762 -0.5656843 7.0230756 79 79 79
2.3338609 -0.5684533 7.0574541 131 131 131
2.3679993 -0.5695061 7.0705247 139 139 139
2.3996899 -0.5699514 7.0760522 136 136 136
2.4322050 -0.5705791 7.0838451 134 134 134
2.4643738 -0.5711113 7.0904531 135 135 135
2.4989655 -0.5721855 7.1037898 126 126 126
2.5359957 -0.5737860 7.1236606 109 109 109
2.5749431 -0.5757778 7.1483884 111 111 111
2.7167366 -0.5935859 7.3694797 60 60 60
2.7458873 -0.5931699 7.3643146 63 63 63
2.7749453 -0.5927433 7.3590188 117 117 117
2.8099694 -0.5935865 7.3694868 89 89 89
2.8448119 -0.5943733 7.3792548 86 86 86
2.8824308 -0.5957168 7.3959355 79 79 79
2.9210393 -0.5972340 7.4147711 80 80 80
2.9628506 -0.5993669 7.4412518 74 74 74
3.0209804 -0.6047216 7.5077314 84 84 84
3.0595677 -0.6060940 7.5247698 106 106 106
3.0928051 -0.6063892 7.5284348 97 97 97
3.1283250 -0.6071214 7.5375252 92 92 92
3.1665967 -0.6083676 7.5529971 89 89 89
3.2083683 -0.6102546 7.5764246 85 85 85
3.2493470 -0.6119552 7.5975370 74 74 74
3.4452608 -0.6363041 7.8998332 73 73 73
3.4704151 -0.6348116 7.8813043 98 98 98
3.4963088 -0.6334815 7.8647904 105 105 105
3.5215688 -0.6320626 7.8471746 84 84 84
3.5597708 -0.6329714 7.8584576 81 81 81
3.5962424 -0.6335586 7.8657475 46 46 46
3.6363769 -0.6347744 7.8808422 51 51 51
3.6792574 -0.6364432 7.9015608 40 40 40
-2.9988430 -0.4779117 6.2611613 84 84 84
-2.7990544 -0.4581742 6.0025783 108 108 108
-2.7054186 -0.4468884 5.8547215 107 107 107
-1.8178340 -0.3372015 4.4177046 108 108 108
-1.7695963 -0.3316523 4.3450050 111 111 111
-1.7285590 -0.3273507 4.2886486 117 117 117
-1.7029741 -0.3259154 4.2698441 123 123 123
-1.6763213 -0.3242428 4.2479320 123 123 123
-1.6485531 -0.3223160 4.2226887 118 118 118
-1.6284984 -0.3218718 4.2168684 123 123 123
-1.6136825 -0.3224645 4.2246346 115 115 115
-1.5990466 -0.3231069 4.2330503 116 116 116
-1.5851021 -0.3239051 4.2435074 122 122 122
-1.5709336 -0.3246752 4.2535963 123 123 123
-1.5560464 -0.3253128 4.2619505 124 124 124
-1.5415797 -0.3260543 4.2716651 123 123 123
-1.5265130 -0.3266849 4.2799263 124 124 124
-1.5122489 -0.3275045 4.2906628 122 122 122
-1.4979340 -0.3283327 4.3015137 126 126 126
-1.4825356 -0.3289408 4.3094807 127 127 127
-1.4680268 -0.3297639 4.3202639 128 128 128
-1.4525636 -0.3303906 4.3284740 127 127 127
-1.4377942 -0.3311930 4.3389864 129 129 129
-1.4229790 -0.3320054 4.3496304 128 128 128
-1.4072852 -0.3326314 4.3578310 133 133 133
-1.3925436 -0.3335020 4.3692369 130 130 130
-1.3775496 -0.3343347 4.3801460 131 131 131
-1.3616041 -0.3349559 4.3882847 131 131 131
-1.3462977 -0.3357536 4.3987360 130 130 130
-1.3311254 -0.3366075 4.4099236 132 132 132
-1.3157703 -0.3374388 4.4208136 135 135 135
-1.2995703 -0.3380742 4.4291382 130 130 130
-1.2840031 -0.3388951 4.4398928 136 136 136
0.0137038 -0.5901226 7.7312455 253 253 253
0.0459357 -0.5854030 7.6694136 253 253 253
0.0777703 -0.5816118 7.6197443 253 253 253
0.1092090 -0.5779426 7.5716739 253 253 253
0.1401424 -0.5738641 7.5182409 253 253 253
0.1708818 -0.5706428 7.4760389 253 253 253
0.2008521 -0.5662566 7.4185753 253 253 253
0.2306739 -0.5626906 7.3718567 253 253 253
0.2602611 -0.5594670 7.3296237 211 211 211
0.2894255 -0.5561155 7.2857156 66 66 66
0.3181588 -0.5526586 7.2404265 131 131 131
0.3463767 -0.5489900 7.1923633 253 253 253
0.3744654 -0.5457239 7.1495738 253 253 253
0.4015385 -0.5415748 7.0952168 159 159 159
0.4287995 -0.5382370 7.0514874 76 76 76
0.4557077 -0.5349180 7.0080047 95 95 95
0.4822900 -0.5316439 6.9651113 253 253 253
0.5089043 -0.5287790 6.9275780 253 253 253
0.5347746 -0.5254941 6.8845420 253 253 253
0.5608014 -0.5226933 6.8478489 177 177 177
0.5875707 -0.5208251 6.8233724 124 124 124
0.6170295 -0.5214039 6.8309560 77 77 77
0.6473737 -0.5226460 6.8472276 144 144 144
0.6780286 -0.5240220 6.8652558 148 148 148
0.7089710 -0.5254985 6.8845992 162 162 162
0.7400228 -0.5269367 6.9034414 161 161 161
0.7714776 -0.5285421 6.9244738 119 119 119
0.8030992 -0.5301405 6.9454150 33 33 33
0.8341500 -0.5312630 6.9601202 31 31 31
0.8660527 -0.5328332 6.9806924 30 30 30
0.8979229 -0.5342809 6.9996581 36 36 36
0.9299095 -0.5357035 7.0182958 127 127 127
0.9622340 -0.5372270 7.0382552 127 127 127
0.9945002 -0.5386277 7.0566058 131 131 131
1.0268453 -0.5399885 7.0744348 130 130 130
1.0596468 -0.5415058 7.0943112 58 58 58
1.2393961 -0.5839068 7.6498117 84 84 84
1.2722708 -0.5841897 7.6535168 66 66 66
1.2975724 -0.5810671 7.6126080 73 73 73
1.3220292 -0.5777261 7.5688381 74 74 74
1.3473805 -0.5749244 7.5321326 77 77 77
1.3726242 -0.5722069 7.4965296 80 80 80
1.3974773 -0.5694525 7.4604449 84 84 84
1.4221524 -0.5667485 7.4250193 89 89 89
1.4465730 -0.5640618 7.3898201 104 104 104
1.4707146 -0.5613818 7.3547101 118 118 118
1.4943964 -0.5586408 7.3187990 122 122 122
1.5181161 -0.5560244 7.2845221 119 119 119
1.5403657 -0.5529842 7.2446914 129 129 129
1.5644010 -0.5506907 7.2146449 140 140 140
1.5873095 -0.5480957 7.1806474 142 142 142
1.6098731 -0.5454810 7.1463914 148 148 148
1.6322602 -0.5429037 7.1126256 148 148 148
1.6541530 -0.5402579 7.0779634 150 150 150
1.6760913 -0.5377205 7.0447211 156 156 156
1.6975732 -0.5351276 7.0107512 158 158 158
1.7190481 -0.5326213 6.9779162 156 156 156
1.7402532 -0.5301172 6.9451098 155 155 155
1.7634114 -0.5282811 6.9210548 153 153 153
1.7843317 -0.5258453 6.8891425 152 152 152
1.8090692 -0.5245944 6.8727551 67 67 67
1.8815893 -0.5127650 6.7177763 41 41 41
1.9010311 -0.5103791 6.6865191 33 33 33
1.9344772 -0.5117679 6.7047129 27 27 27
2.0450711 -0.5256600 6.8867145 164 164 164
2.0749369 -0.5258690 6.8894534 175 175 175
2.1066346 -0.5265302 6.8981156 142 142 142
2.1372468 -0.5269057 6.9030352 91 91 91
2.1692421 -0.5276076 6.9122300 91 91 91
2.2038190 -0.5289103 6.9292979 73 73 73
2.2444532 -0.5316137 6.9647155 71 71 71
2.2858999 -0.5344372 7.0017066 87 87 87
2.3327274 -0.5384308 7.0540266 146 146 146
2.3626127 -0.5384624 7.0544410 155 155 155
2.3940086 -0.5388333 7.0592995 140 140 140
2.4287965 -0.5399491 7.0739179 134 134 134
2.4625251 -0.5408052 7.0851340 128 128 128
2.4981427 -0.5420507 7.1014514 122 122 122
2.5347407 -0.5434768 7.1201348 107 107 107
2.5772860 -0.5461298 7.1548924 111 111 111
2.7187865 -0.5629336 7.3750401 90 90 90
2.7463107 -0.5622016 7.3654499 105 105 105
2.7744706 -0.5616146 7.3577595 116 116 116
2.8089113 -0.5622979 7.3667121 93 93 93
2.8427558 -0.5628483 7.3739219 67 67 67
2.8795764 -0.5639696 7.3886118 82 82 82
2.9176984 -0.5653189 7.4062905 89 89 89
2.9604380 -0.5675250 7.4351921 81 81 81
3.0107791 -0.5711268 7.4823794 76 76 76
3.0583034 -0.5741251 7.5216599 109 109 109
3.0914955 -0.5743989 7.5252476 107 107 107
3.1253579 -0.5747904 7.5303764 96 96 96
3.1656027 -0.5763360 7.5506258 91 91 91
3.2051978 -0.5777338 7.5689383 83 83 83
3.2492235 -0.5798947 7.5972481 73 73 73
3.2988472 -0.5830027 7.6379671 83 83 83
3.4448304 -0.6029155 7.8988466 75 75 75
3.4707649 -0.6016372 7.8820987 90 90 90
3.4966340 -0.6003719 7.8655219 110 110 110
3.5190632 -0.5985453 7.8415918 88 88 88
3.5580363 -0.5995404 7.8546286 84 84 84
3.5940118 -0.6000167 7.8608685 63 63 63
3.6332905 -0.6010307 7.8741531 59 59 59
3.6753523 -0.6024826 7.8931742 52 52 52
-7.2520247 -0.9954631 13.8042841 45 45 45
-7.1092448 -0.9917862 13.7532959 47 47 47
-7.0229020 -0.9877992 13.6980076 46 46 46
-6.9776731 -0.9895770 13.7226601 47 47 47
-2.9994421 -0.4515990 6.2624125 85 85 85
-2.8065403 -0.4340193 6.0186315 115 115 115
-2.7088470 -0.4227343 5.8621411 114 114 114
-2.6287611 -0.4140146 5.7412224 101 101 101
-2.5453167 -0.4045989 5.6106529 107 107 107
-2.4769444 -0.3974248 5.5111685 115 115 115
-2.0735550 -0.3490775 4.8407264 88 88 88
-2.0581260 -0.3499249 4.8524776 77 77 77
-1.6297830 -0.3043293 4.2201948 112 112 112
-1.6144493 -0.3047942 4.2266417 119 119 119
-1.5996641 -0.3053742 4.2346854 119 119 119
-1.5857420 -0.3061340 4.2452207 119 119 119
-1.5717305 -0.3068936 4.2557545 122 122 122
-1.5565646 -0.3074428 4.2633696 121 121 121
-1.5424663 -0.3082181 4.2741213 122 122 122
-1.5272570 -0.3087871 4.2820120 123 123 123
-1.5128798 -0.3095400 4.2924528 121 121 121
-1.4985105 -0.3103128 4.3031693 128 128 128
-1.4832294 -0.3109134 4.3114977 124 124 124
-1.4686862 -0.3116855 4.3222046 127 127 127
-1.4541782 -0.3124846 4.3332853 127 127 127
-1.4384629 -0.3130412 4.3410044 129 129 129
-1.4234713 -0.3137718 4.3511353 128 128 128
-1.4088515 -0.3146044 4.3626814 130 130 130
-1.3933038 -0.3152491 4.3716221 130 130 130
-1.3781633 -0.3160045 4.3820972 132 132 132
-1.3625392 -0.3166680 4.3912983 135 135 135
-1.3468709 -0.3173395 4.4006090 131 131 131
-1.3315673 -0.3181167 4.4113874 133 133 133
0.2894723 -0.5254772 7.2868958 55 55 55
0.3183752 -0.5224813 7.2453508 96 96 96
0.3461485 -0.5183185 7.1876254 235 235 235
0.3740816 -0.5150461 7.1422462 253 253 253
0.4017459 -0.5119190 7.0988812 253 253 253
0.4289607 -0.5086923 7.0541377 176 176 176
0.4560086 -0.5056993 7.0126319 85 85 85
0.4825565 -0.5025499 6.9689593 226 226 226
0.5088215 -0.4994845 6.9264507 253 253 253
0.5349712 -0.4966449 6.8870730 253 253 253
0.5600901 -0.4931899 6.8391628 238 238 238
0.5869555 -0.4915361 6.8162289 111 111 111
0.6173307 -0.4928386 6.8342900 132 132 132
0.6481340 -0.4943514 6.8552690 120 120 120
0.6784193 -0.4953568 6.8692112 148 148 148
0.7091163 -0.4965682 6.8860097 165 165 165
0.7402936 -0.4980074 6.9059677 152 152 152
0.7716947 -0.4994825 6.9264226 46 46 46
0.8030658 -0.5008313 6.9451270 31 31 31
0.8346080 -0.5021881 6.9639421 31 31 31
0.8664703 -0.5036387 6.9840584 33 33 33
0.8983718 -0.5050160 7.0031571 105 105 105
0.9303637 -0.5063549 7.0217237 130 130 130
0.9626363 -0.5077592 7.0411973 121 121 121
0.9951342 -0.5091947 7.0611043 112 112 112
1.0280238 -0.5107415 7.0825543 98 98 98
1.0608957 -0.5121924 7.1026731 32 32 32
1.0932130 -0.5133031 7.1180758 45 45 45
1.2394173 -0.5516574 7.6499424 95 95 95
1.2713354 -0.5515093 7.6478891 70 70 70
1.2969110 -0.5486853 7.6087275 72 72 72
1.3227412 -0.5461027 7.5729146 73 73 73
1.3478552 -0.5433532 7.5347862 78 78 78
1.3732511 -0.5408413 7.4999537 79 79 79
1.3981806 -0.5382630 7.4641991 82 82 82
1.4226855 -0.5356383 7.4278026 92 92 92
1.4464586 -0.5328571 7.3892355 106 106 106
1.4713249 -0.5305876 7.3577623 112 112 112
1.4952384 -0.5280752 7.3229227 124 124 124
1.5189517 -0.5255951 7.2885318 124 124 124
1.5403130 -0.5224158 7.2444434 132 132 132
1.5652275 -0.5205418 7.2184567 137 137 137
1.5879276 -0.5180169 7.1834435 143 143 143
1.6105477 -0.5155610 7.1493859 148 148 148
1.6329577 -0.5131292 7.1156650 153 153 153
1.6550125 -0.5106757 7.0816407 154 154 154
1.6769649 -0.5082781 7.0483928 154 154 154
1.6984915 -0.5058371 7.0145435 157 157 157
1.7199256 -0.5034527 6.9814782 157 157 157
1.7410244 -0.5010520 6.9481874 160 160 160
1.7622596 -0.4987694 6.9165344 157 157 157
1.7830471 -0.4964365 6.8841829 150 150 150
1.8091763 -0.4956417 6.8731618 65 65 65
1.8799239 -0.4840077 6.7118306 40 40 40
1.9017658 -0.4823688 6.6891031 32 32 32
1.9364536 -0.4839884 6.7115631 26 26 26
2.0486646 -0.4974917 6.8988156 165 165 165
2.0748162 -0.4967877 6.8890529 178 178 178
2.1066504 -0.4974449 6.8981671 163 163 163
2.1375597 -0.4978688 6.9040461 143 143 143
2.1697931 -0.4985856 6.9139857 123 123 123
2.2053640 -0.5000402 6.9341559 112 112 112
2.2421000 -0.5017173 6.9574137 89 89 89
2.2908046 -0.5059948 7.0167298 80 80 80
2.3333557 -0.5088213 7.0559263 143 143 143
2.3630676 -0.5088122 7.0557995 143 143 143
2.3934882 -0.5089539 7.0577645 145 145 145
2.4280813 -0.5099686 7.0718350 127 127 127
2.4637156 -0.5111746 7.0885587 128 128 128
2.5014789 -0.5127881 7.1109347 123 123 123
2.5375798 -0.5140267 7.1281104 114 114 114
2.5782337 -0.5161478 7.1575236 114 114 114
2.7208002 -0.5322274 7.3805027 97 97 97
2.8076696 -0.5309981 7.3634558 114 114 114
2.8419428 -0.5316008 7.3718128 99 99 99
2.8795373 -0.5328049 7.3885112 87 87 87
2.9192040 -0.5343626 7.4101124 89 89 89
2.9580047 -0.5357305 7.4290810 79 79 79
3.0053065 -0.5385932 7.4687786 68 68 68
3.0575459 -0.5422723 7.5197968 107 107 107
3.0896263 -0.5423372 7.5206976 109 109 109
3.1254275 -0.5430473 7.5305443 100 100 100
3.1634440 -0.5441241 7.5454769 91 91 91
3.2027922 -0.5454063 7.5632572 87 87 87
3.2471421 -0.5475065 7.5923815 77 77 77
3.3000624 -0.5509967 7.6407809 80 80 80
3.4690640 -0.5681203 7.8782363 87 87 87
3.4962614 -0.5671430 7.8646841 106 106 106
3.5240715 -0.5662825 7.8527513 89 89 89
3.5546188 -0.5658738 7.8470840 89 89 89
3.5910990 -0.5664084 7.8544974 64 64 64
3.6296220 -0.5672525 7.8662024 57 57 57
3.6753070 -0.5691904 7.8930769 68 68 68
-3.0005374 -0.4253460 6.2646990 88 88 88
-2.8223567 -0.4109419 6.0525498 119 119 119
-2.7121425 -0.3984982 5.8692727 116 116 116
-2.6301222 -0.3900060 5.7441950 120 120 120
-2.4808047 -0.3747676 5.5197573 121 121 121
-2.4017177 -0.3662567 5.3944035 117 117 117
-2.3327148 -0.3591354 5.2895188 119 119 119
-2.0738509 -0.3287112 4.8414168 94 94 94
-2.0582993 -0.3294899 4.8528857 87 87 87
-1.6305231 -0.2866631 4.2221112 127 127 127
-1.6153581 -0.2871322 4.2290211 119 119 119
-1.6014748 -0.2878422 4.2394786 118 118 118
-1.5864630 -0.2883632 4.2471504 122 122 122
-1.5725808 -0.2891036 4.2580571 122 122 122
-1.5573542 -0.2896112 4.2655325 122 122 122
-1.5432730 -0.2903461 4.2763567 124 124 124
-1.5288920 -0.2910413 4.2865963 122 122 122
-1.5136949 -0.2915960 4.2947655 124 124 124
-1.4991693 -0.2922950 4.3050613 123 123 123
-1.4840246 -0.2928890 4.3138094 126 126 126
-1.4694717 -0.2936159 4.3245163 127 127 127
-1.4548532 -0.2943479 4.3352966 125 125 125
-1.4390846 -0.2948628 4.3428812 125 125 125
-1.4242529 -0.2955855 4.3535242 129 129 129
-1.4096013 -0.2963648 4.3650036 129 129 129
-1.3938116 -0.2969224 4.3732157 129 129 129
-1.3787521 -0.2976525 4.3839693 131 131 131
-1.3635827 -0.2983785 4.3946619 133 133 133
0.6174943 -0.4641417 6.8361011 132 132 132
0.6482713 -0.4655418 6.8567219 170 170 170
0.6787444 -0.4666132 6.8725033 159 159 159
0.7097883 -0.4679733 6.8925352 161 161 161
0.7408785 -0.4692557 6.9114232 67 67 67
0.7719811 -0.4704486 6.9289932 31 31 31
0.8036725 -0.4719003 6.9503732 32 32 32
0.8355244 -0.4733407 6.9715886 31 31 31
0.8669450 -0.4744471 6.9878840 64 64 64
0.8988973 -0.4757622 7.0072546 137 137 137
0.9312040 -0.4771752 7.0280652 136 136 136
0.9636266 -0.4785586 7.0484405 123 123 123
0.9956184 -0.4796517 7.0645404 122 122 122
1.0285244 -0.4811089 7.0860028 33 33 33
1.0610431 -0.4823078 7.1036601 28 28 28
1.2406684 -0.5199223 7.6576653 96 96 96
1.2718459 -0.5194672 7.6509609 70 70 70
1.2976211 -0.5168826 7.6128941 73 73 73
1.3233690 -0.5144122 7.5765090 75 75 75
1.3483360 -0.5117618 7.5374737 78 78 78
1.3737916 -0.5094148 7.5029054 79 79 79
1.3987201 -0.5069824 7.4670796 82 82 82
1.4234564 -0.5045890 7.4318275 92 92 92
1.4460040 -0.5015395 7.3869138 106 106 106
1.4703501 -0.4992293 7.3528876 113 113 113
1.4940633 -0.4968040 7.3171668 123 123 123
1.5176867 -0.4944476 7.2824616 127 127 127
1.5410123 -0.4920897 7.2477326 130 130 130
1.5642097 -0.4897833 7.2137628 134 134 134
1.5869015 -0.4874096 7.1788020 141 141 141
1.6095353 -0.4851073 7.1448922 146 146 146
1.6318413 -0.4827926 7.1108003 152 152 152
1.6559057 -0.4810723 7.0854630 153 153 153
1.6775869 -0.4787329 7.0510068 158 158 158
1.6992074 -0.4764579 7.0175004 158 158 158
1.7206020 -0.4741986 6.9842238 158 158 158
1.7419143 -0.4719930 6.9517388 160 160 160
1.7627666 -0.4697379 6.9185243 156 156 156
1.7838734 -0.4676229 6.8873734 146 146 146
1.8811334 -0.4559975 6.7161489 40 40 40
1.9034321 -0.4545591 6.6949644 31 31 31
1.9374174 -0.4559129 6.7149034 27 27 27
2.0475693 -0.4681493 6.8951273 153 153 153
2.0789838 -0.4686764 6.9028907 177 177 177
2.1075029 -0.4685452 6.9009585 161 161 161
2.1373076 -0.4686996 6.9032321 129 129 129
2.1691713 -0.4692952 6.9120045 117 117 117
2.2044621 -0.4706067 6.9313202 125 125 125
2.2411790 -0.4721842 6.9545555 112 112 112
2.2905397 -0.4763505 7.0159192 103 103 103
2.3313971 -0.4786647 7.0500035 165 165 165
2.3613439 -0.4787088 7.0506520 146 146 146
2.3963921 -0.4797730 7.0663276 138 138 138
2.4289393 -0.4803167 7.0743337 148 148 148
2.4619718 -0.4809418 7.0835414 129 129 129
2.5002897 -0.4825722 7.1075540 120 120 120
2.5361149 -0.4836884 7.1239953 112 112 112
2.5786476 -0.4860429 7.1586728 116 116 116
2.7219040 -0.5013075 7.3834972 95 95 95
2.8065696 -0.4997509 7.3605704 117 117 117
2.8397505 -0.5001281 7.3661261 104 104 104
2.8739684 -0.5006778 7.3742218 97 97 97
2.9138944 -0.5021995 7.3966341 93 93 93
2.9535818 -0.5036482 7.4179726 78 78 78
3.0022671 -0.5065849 7.4612255 70 70 70
3.0572636 -0.5105146 7.5191031 117 117 117
3.0898087 -0.5106530 7.5211415 113 113 113
3.1245866 -0.5111538 7.5285177 106 106 106
3.1611032 -0.5119262 7.5398941 94 94 94
3.2016559 -0.5133302 7.5605736 89 89 89
3.2419012 -0.5146579 7.5801272 79 79 79
3.2912400 -0.5173891 7.6203537 75 75 75
3.4686673 -0.5348370 7.8773355 84 84 84
3.4949553 -0.5337785 7.8617458 102 102 102
3.5196939 -0.5325055 7.8429966 90 90 90
3.5498705 -0.5320714 7.8366017 93 93 93
3.5883732 -0.5328816 7.8485355 85 85 85
3.6254570 -0.5334682 7.8571758 75 75 75
3.6694820 -0.5350564 7.8805671 70 70 70
-6.0054574 -0.7338296 11.5239363 68 68 68
-3.0014780 -0.3990531 6.2666626 88 88 88
-2.8174472 -0.3847482 6.0420213 116 116 116
-2.7159328 -0.3742701 5.8774753 115 115 115
-2.5724223 -0.3577584 5.6181784 105 105 105
-2.5498931 -0.3579216 5.6207409 119 119 119
-2.4064574 -0.3441867 5.4050493 117 117 117
-2.3359501 -0.3372970 5.2968550 123 123 123
-2.0744832 -0.3083893 4.8428931 93 93 93
-2.0586252 -0.3090746 4.8536549 89 89 89
-1.9853535 -0.3010671 4.7279072 102 102 102
-1.9671798 -0.3013372 4.7321496 119 119 119
-1.6313519 -0.2689953 4.2242575 127 127 127
-1.6158127 -0.2693745 4.2302113 120 120 120
-1.6015630 -0.2699794 4.2397118 118 118 118
-1.5871600 -0.2705720 4.2490168 119 119 119
-1.5731391 -0.2712439 4.2595682 123 123 123
-1.5579834 -0.2717334 4.2672558 123 123 123
-1.5439695 -0.2724358 4.2782869 124 124 124
-1.5297127 -0.2731115 4.2888975 124 124 124
-1.5145593 -0.2736414 4.2972183 130 130 130
-1.4984478 -0.2740089 4.3029890 138 138 138
-1.4846926 -0.2748215 4.3157511 122 122 122
-1.4701374 -0.2755044 4.3264751 126 126 126
-1.4553601 -0.2761624 4.3368073 127 127 127
0.8676797 -0.4453567 6.9938064 140 140 140
0.8992806 -0.4464033 7.0102425 146 146 146
0.9315826 -0.4477202 7.0309234 138 138 138
0.9639035 -0.4489647 7.0504661 127 127 127
0.9963228 -0.4501792 7.0695386 49 49 49
1.0289835 -0.4514290 7.0891652 30 30 30
1.0615923 -0.4525861 7.1073365 28 28 28
1.2411199 -0.4878078 7.6604519 96 96 96
1.2723463 -0.4873951 7.6539707 71 71 71
1.2981085 -0.4849615 7.6157532 73 73 73
1.3238778 -0.4826479 7.5794220 75 75 75
1.3489691 -0.4802021 7.5410132 78 78 78
1.3728859 -0.4774605 7.4979591 79 79 79
1.3978035 -0.4751825 7.4621863 83 83 83
1.4222697 -0.4728548 7.4256320 91 91 91
1.4467282 -0.4706248 7.3906131 108 108 108
1.4709197 -0.4684039 7.3557363 117 117 117
1.4947984 -0.4661771 7.3207674 120 120 120
1.5185856 -0.4640125 7.2867746 127 127 127
1.5418550 -0.4617788 7.2516961 129 129 129
1.5648959 -0.4595647 7.2169271 137 137 137
1.5875338 -0.4573191 7.1816621 143 143 143
1.6100169 -0.4551138 7.1470304 150 150 150
1.6325247 -0.4529963 7.1137786 147 147 147
1.6546030 -0.4508383 7.0798888 155 155 155
1.6764432 -0.4486930 7.0462003 157 157 157
1.6981759 -0.4465942 7.0132403 159 159 159
1.7215834 -0.4450001 6.9882073 157 157 157
1.7426851 -0.4428738 6.9548154 157 157 157
1.7637334 -0.4408044 6.9223185 154 154 154
1.7847528 -0.4387954 6.8907690 143 143 143
1.8818356 -0.4278354 6.7186556 40 40 40
1.9041418 -0.4264857 6.6974602 29 29 29
1.9379610 -0.4277165 6.7167873 28 28 28
2.0495145 -0.4394900 6.9016776 153 153 153
2.0803730 -0.4398610 6.9075036 172 172 172
2.1086974 -0.4396933 6.9048696 195 195 195
2.1373229 -0.4395921 6.9032812 179 179 179
2.1694143 -0.4401969 6.9127784 152 152 152
2.2034366 -0.4411723 6.9280953 131 131 131
2.2429852 -0.4432141 6.9601607 111 111 111
2.2922022 -0.4470890 7.0210109 101 101 101
2.3317242 -0.4489982 7.0509925 160 160 160
2.3601177 -0.4487434 7.0469909 153 153 153
2.3913043 -0.4490194 7.0513253 149 149 149
2.4245057 -0.4496623 7.0614209 137 137 137
2.4601090 -0.4507296 7.0781822 128 128 128
2.4972413 -0.4520482 7.0988879 113 113 113
2.5363209 -0.4536838 7.1245742 105 105 105
2.5879235 -0.4574949 7.1844239 117 117 117
2.7221639 -0.4702166 7.3842025 96 96 96
2.8047030 -0.4684000 7.3556752 110 110 110
2.8377011 -0.4687270 7.3608103 107 107 107
2.8717239 -0.4692143 7.3684630 99 99 99
2.9107900 -0.4705064 7.3887539 96 96 96
2.9539022 -0.4724183 7.4187779 85 85 85
2.9988046 -0.4745734 7.4526205 71 71 71
3.0577123 -0.4788772 7.5202065 114 114 114
3.0907505 -0.4790827 7.5234337 118 118 118
3.1248684 -0.4794497 7.5291972 111 111 111
3.1606708 -0.4800651 7.5388622 104 104 104
3.1996491 -0.4811459 7.5558348 95 95 95
3.2395778 -0.4823469 7.5746951 82 82 82
3.2860777 -0.4844933 7.6084013 73 73 73
3.4687107 -0.5016249 7.8774338 79 79 79
3.4928396 -0.5003229 7.8569870 96 96 96
3.5205054 -0.4995472 7.8448052 86 86 86
3.5480442 -0.4987681 7.8325701 87 87 87
3.5847297 -0.4992773 7.8405666 86 86 86
3.6226704 -0.4999504 7.8511372 82 82 82
3.6639705 -0.5010707 7.8687305 70 70 70
-3.0021374 -0.3727088 6.2680397 89 89 89
-2.9806201 -0.3733243 6.2783918 89 89 89
-2.8232651 -0.3600112 6.0544982 114 114 114
-2.7210946 -0.3501493 5.8886456 112 112 112
-2.5520346 -0.3344999 5.6254616 115 115 115
-2.4887662 -0.3292679 5.5374718 113 113 113
-2.4104712 -0.3219299 5.4140644 112 112 112
-2.3396137 -0.3154544 5.3051624 123 123 123
-2.0749898 -0.2880374 4.8440757 100 100 100
-2.0588899 -0.2886440 4.8542781 89 89 89
-1.9663965 -0.2812700 4.7302651 119 119 119
-1.8122909 -0.2673635 4.4963923 127 127 127
-1.7306370 -0.2580167 4.3392029 115 115 115
-1.6317579 -0.2512443 4.2253084 122 122 122
-1.6164670 -0.2516377 4.2319245 120 120 120
-1.6021616 -0.2521950 4.2412968 119 119 119
-1.5876346 -0.2527296 4.2502871 120 120 120
-1.5738006 -0.2533880 4.2613592 120 120 120
-1.5586369 -0.2538451 4.2690458 122 122 122
-1.5446696 -0.2545099 4.2802267 123 123 123
-1.5303828 -0.2551372 4.2907763 126 126 126
-1.5152663 -0.2556395 4.2992239 115 115 115
-1.4967192 -0.2555682 4.2980251 103 103 103
-1.4861654 -0.2568768 4.3200321 117 117 117
0.9643728 -0.4194373 7.0538983 80 80 80
0.9970169 -0.4206602 7.0744638 29 29 29
1.0295271 -0.4217571 7.0929103 29 29 29
1.0619506 -0.4227575 7.1097350 28 28 28
1.2415272 -0.4556535 7.6629658 97 97 97
1.2730188 -0.4553593 7.6580167 74 74 74
1.2987591 -0.4530732 7.6195707 72 72 72
1.3228899 -0.4503496 7.5737658 73 73 73
1.3483520 -0.4481969 7.5375628 80 80 80
1.3734665 -0.4460305 7.5011301 78 78 78
1.3983691 -0.4438944 7.4652052 82 82 82
1.4231358 -0.4418101 7.4301534 95 95 95
1.4475119 -0.4396970 7.3946161 110 110 110
1.4716750 -0.4376097 7.3595133 116 116 116
1.4946647 -0.4352669 7.3201122 123 123 123
1.5191005 -0.4334315 7.2892461 127 127 127
1.5425134 -0.4313828 7.2547922 130 130 130
1.5655044 -0.4292982 7.2197337 134 134 134
1.5883098 -0.4272431 7.1851721 139 139 139
1.6109797 -0.4252292 7.1513038 148 148 148
1.6333402 -0.4232092 7.1173320 152 152 152
1.6549195 -0.4210633 7.0812430 155 155 155
1.6771133 -0.4191470 7.0490165 156 156 156
1.6988215 -0.4171783 7.0159068 159 159 159
1.7202926 -0.4152197 6.9829683 160 160 160
1.7415439 -0.4132749 6.9502611 162 162 162
1.7627995 -0.4113954 6.9186535 155 155 155
1.7856154 -0.4099354 6.8940992 143 143 143
1.8805661 -0.3992337 6.7141237 38 38 38
1.9048729 -0.3983958 6.7000322 28 28 28
1.9393420 -0.3996767 6.7215738 27 27 27
2.0495799 -0.4103991 6.9018979 145 145 145
2.0803804 -0.4107339 6.9075274 180 180 180
2.1086361 -0.4105639 6.9046693 190 190 190
2.1390812 -0.4108190 6.9089599 172 172 172
2.1700823 -0.4111727 6.9149070 151 151 151
2.2035594 -0.4119799 6.9284821 131 131 131
2.2432039 -0.4139039 6.9608393 103 103 103
2.3017392 -0.4192188 7.0502229 108 108 108
2.3309176 -0.4191195 7.0485530 174 174 174
2.3606117 -0.4191143 7.0484662 170 170 170
2.3905799 -0.4191573 7.0491891 157 157 157
2.4241273 -0.4198191 7.0603194 138 138 138
2.4585774 -0.4206193 7.0737758 128 128 128
2.4956131 -0.4218373 7.0942597 119 119 119
2.5357356 -0.4235421 7.1229300 97 97 97
2.7231421 -0.4392356 7.3868556 99 99 99
2.7485242 -0.4383157 7.3713865 126 126 126
2.7750020 -0.4375893 7.3591690 117 117 117
2.8020594 -0.4369693 7.3487420 123 123 123
2.8355100 -0.4373489 7.3551264 112 112 112
2.8694417 -0.4377937 7.3626075 98 98 98
2.9077375 -0.4388877 7.3810058 92 92 92
2.9513755 -0.4407564 7.4124317 87 87 87
3.0015543 -0.4435524 7.4594541 73 73 73
3.0583711 -0.4472612 7.5218267 109 109 109
3.0912488 -0.4474289 7.5246468 118 118 118
3.1253998 -0.4477756 7.5304780 112 112 112
3.1622429 -0.4484971 7.5426121 104 104 104
3.1990676 -0.4492017 7.5544620 99 99 99
3.2380545 -0.4501930 7.5711331 89 89 89
3.2824891 -0.4519150 7.6000919 73 73 73
3.4921024 -0.4670918 7.8553286 91 91 91
3.5180979 -0.4661471 7.8394403 82 82 82
3.5446222 -0.4652894 7.8250155 83 83 83
3.5814660 -0.4657896 7.8334279 83 83 83
3.6188700 -0.4663528 7.8429003 82 82 82
3.6615546 -0.4675802 7.8635421 76 76 76
-5.4743094 -0.5803309 10.5047102 47 47 47
-5.4416170 -0.5815712 10.5271616 53 53 53
-5.4063988 -0.5825598 10.5450563 49 49 49
-5.3722382 -0.5836797 10.5653276 50 50 50
-5.3383470 -0.5848478 10.5864716 50 50 50
-3.0026989 -0.3463416 6.2692122 92 92 92
-2.9808915 -0.3468803 6.2789636 90 90 90
-2.7252543 -0.3258145 5.8976474 118 118 118
-2.6365008 -0.3181067 5.7581263 118 118 118
-2.5540721 -0.3110257 5.6299524 122 122 122
-2.4912043 -0.3062164 5.5428963 120 120 120
-2.4142277 -0.2995652 5.4225016 115 115 115
-2.3432772 -0.2935417 5.3134689 110 110 110
-2.0756948 -0.2677011 4.8457217 100 100 100
-1.9882492 -0.2615734 4.7348032 103 103 103
-1.9083635 -0.2562095 4.6377091 133 133 133
-1.8602523 -0.2523362 4.5675983 131 131 131
-1.8140088 -0.2486379 4.5006542 127 127 127
-1.6323593 -0.2335125 4.2268658 120 120 120
-1.6170636 -0.2338782 4.2334862 120 120 120
-1.6029391 -0.2344234 4.2433548 119 119 119
-1.5882741 -0.2349010 4.2519994 118 118 118
-1.5743235 -0.2354963 4.2627754 119 119 119
-1.5596070 -0.2359895 4.2717028 122 122 122
-1.5453937 -0.2365712 4.2822332 120 120 120
-1.5310748 -0.2371504 4.2927160 123 123 123
-1.5159500 -0.2376171 4.3011637 101 101 101
1.2428051 -0.4237750 7.6708527 94 94 94
1.2725827 -0.4229209 7.6553931 71 71 71
1.2978343 -0.4206421 7.6141443 74 74 74
1.3233742 -0.4185646 7.5765386 76 76 76
1.3489524 -0.4165968 7.5409198 81 81 81
1.3740793 -0.4145835 7.5044765 81 81 81
1.3986043 -0.4124833 7.4664607 82 82 82
1.4238117 -0.4106725 7.4336824 97 97 97
1.4479325 -0.4086330 7.3967652 106 106 106
1.4722574 -0.4067359 7.3624253 119 119 119
1.4961319 -0.4047953 7.3272982 122 122 122
1.5198842 -0.4029009 7.2930064 128 128 128
1.5413468 -0.4004866 7.2493057 132 132 132
1.5663102 -0.3990582 7.2234492 134 134 134
1.5879904 -0.3968638 7.1837277 145 145 145
1.6116073 -0.3952265 7.1540904 146 146 146
1.6340559 -0.3933681 7.1204505 150 150 150
1.6559269 -0.3914402 7.0855536 153 153 153
1.6779697 -0.3896205 7.0526156 157 157 157
1.6996381 -0.3877789 7.0192795 163 163 163
1.7211739 -0.3859705 6.9865451 160 160 160
1.7421559 -0.3841009 6.9527035 157 157 157
1.7634735 -0.3823660 6.9212990 159 159 159
1.7842022 -0.3805619 6.8886433 133 133 133
1.8812113 -0.3710479 6.7164268 34 34 34
1.9055058 -0.3702651 6.7022581 27 27 27
1.9401504 -0.3714870 6.7243757 27 27 27
2.0511699 -0.3815899 6.9072518 158 158 158
2.0807402 -0.3816712 6.9087224 189 189 189
2.1091478 -0.3815399 6.9063449 196 196 196
2.1395795 -0.3817732 6.9105697 177 177 177
2.1713355 -0.3822335 6.9189005 153 153 153
2.2056851 -0.3831320 6.9351654 134 134 134
2.2432613 -0.3845602 6.9610176 102 102 102
2.3049207 -0.3900267 7.0599675 130 130 130
2.3330784 -0.3897571 7.0550876 172 172 172
2.3601882 -0.3893215 7.0472021 165 165 165
2.3911068 -0.3895171 7.0507426 158 158 158
2.4244034 -0.3900905 7.0611229 141 141 141
2.4591298 -0.3908773 7.0753651 127 127 127
2.4984617 -0.3923685 7.1023579 113 113 113
2.5410469 -0.3943293 7.1378493 101 101 101
2.7242954 -0.4082584 7.3899841 96 96 96
2.7492814 -0.4073432 7.3734174 124 124 124
2.7754474 -0.4066213 7.3603501 120 120 120
2.8016224 -0.4059167 7.3475957 121 121 121
2.8337393 -0.4060790 7.3505335 119 119 119
2.8666790 -0.4063544 7.3555183 103 103 103
2.9049501 -0.4073715 7.3739305 94 94 94
2.9488702 -0.4091509 7.4061399 80 80 80
2.9998107 -0.4118569 7.4551206 72 72 72
3.0581048 -0.4155059 7.5211716 101 101 101
3.0914063 -0.4157190 7.5250301 111 111 111
3.1266668 -0.4161886 7.5335302 113 113 113
3.1622906 -0.4166966 7.5427256 105 105 105
3.1994691 -0.4173973 7.5554099 99 99 99
3.2389579 -0.4183826 7.5732450 93 93 93
3.2802727 -0.4195823 7.5949607 78 78 78
3.3340337 -0.4223354 7.6447945 92 92 92
3.4910176 -0.4338315 7.8528881 85 85 85
3.5146012 -0.4326581 7.8316488 91 91 91
3.5787356 -0.4324265 7.8274565 85 85 85
3.6167791 -0.4330294 7.8383689 75 75 75
3.6609223 -0.4343450 7.8621845 75 75 75
-5.3408298 -0.5404565 10.5913954 72 72 72
-3.0035491 -0.3199952 6.2709870 95 95 95
-2.9815211 -0.3204699 6.2802901 88 88 88
-2.9562917 -0.3206059 6.2829556 112 112 112
-2.7254221 -0.3009630 5.8980107 95 95 95
-2.6376965 -0.2939582 5.7607374 95 95 95
-2.5567539 -0.2875862 5.6358643 110 110 110
-2.4182460 -0.2771593 5.4315271 115 115 115
-2.3466127 -0.2715210 5.3210330 116 116 116
-2.0763035 -0.2473394 4.8471432 103 103 103
-1.9105074 -0.2369183 4.6429195 127 127 127
-1.8614551 -0.2332256 4.5705519 126 126 126
-1.8157263 -0.2298763 4.5049152 128 128 128
-1.6331408 -0.2157913 4.2288895 121 121 121
-1.6176651 -0.2161062 4.2350607 117 117 117
-1.6036218 -0.2166216 4.2451620 119 119 119
-1.5890528 -0.2170769 4.2540841 119 119 119
-1.5751451 -0.2176339 4.2650003 119 119 119
-1.5603278 -0.2180767 4.2736773 122 122 122
-1.5460435 -0.2186052 4.2840338 124 124 124
-1.5316856 -0.2191356 4.2944288 121 121 121
-1.5166121 -0.2195752 4.3030424 110 110 110
1.3241106 -0.3868299 7.5807548 77 77 77
1.3497049 -0.3850118 7.5451264 78 78 78
1.3746599 -0.3830993 7.5076475 81 81 81
1.8824600 -0.3429525 6.7208853 38 38 38
1.9095647 -0.3427305 6.7165346 25 25 25
1.9415064 -0.3433705 6.7290754 28 28 28
2.0483618 -0.3519799 6.8977962 157 157 157
2.0813532 -0.3526413 6.9107575 184 184 184
2.1094496 -0.3524666 6.9073329 190 190 190
2.1402354 -0.3527398 6.9126878 169 169 169
2.1730907 -0.3533422 6.9244933 150 150 150
2.2075138 -0.3541802 6.9409156 126 126 126
2.2481503 -0.3559801 6.9761887 105 105 105
2.3338606 -0.3601269 7.0574527 162 162 162
2.3633797 -0.3600900 7.0567307 155 155 155
2.3943589 -0.3602738 7.0603328 144 144 144
2.4262195 -0.3605841 7.0664124 132 132 132
2.4629607 -0.3616033 7.0863872 118 118 118
2.5004995 -0.3627138 7.1081505 109 109 109
2.5431216 -0.3645267 7.1436772 97 97 97
2.5854161 -0.3662507 7.1774631 109 109 109
2.7245381 -0.3771288 7.3906422 94 94 94
2.7490051 -0.3762120 7.3726764 128 128 128
2.7751467 -0.3755424 7.3595529 135 135 135
2.7962747 -0.3742166 7.3335705 109 109 109
2.8328805 -0.3749685 7.3483062 123 123 123
2.8666453 -0.3753321 7.3554320 104 104 104
2.9059999 -0.3764120 7.3765950 95 95 95
2.9476812 -0.3777672 7.4031534 85 85 85
2.9959557 -0.3799301 7.4455404 69 69 69
3.0514233 -0.3829509 7.5047388 85 85 85
3.0898352 -0.3837912 7.5212059 100 100 100
3.1263185 -0.3843773 7.5326910 100 100 100
3.1633244 -0.3850152 7.5451918 94 94 94
3.2032144 -0.3859878 7.5642538 86 86 86
3.2441125 -0.3870617 7.5852976 77 77 77
3.2885101 -0.3885280 7.6140332 73 73 73
3.5330360 -0.3979888 7.7994385 62 62 62
3.5779088 -0.3993262 7.8256474 66 66 66
3.6257992 -0.4009729 7.8579178 69 69 69
3.6712301 -0.4023202 7.8843212 73 73 73
-3.0049837 -0.2936910 6.2739825 95 95 95
-2.9817383 -0.2940077 6.2807474 88 88 88
-2.7312732 -0.2766841 5.9106731 100 100 100
-2.6424093 -0.2701473 5.7710304 85 85 85
-2.5592680 -0.2640795 5.6414056 78 78 78
-2.4953218 -0.2598970 5.5520573 73 73 73
-2.4225328 -0.2547056 5.4411554 86 86 86
-2.3501172 -0.2494545 5.3289795 108 108 108
-2.0764129 -0.2269112 4.8473983 104 104 104
-2.0594566 -0.2272958 4.8556142 86 86 86
-1.9100564 -0.2172881 4.6418238 126 126 126
-1.8627551 -0.2141012 4.5737438 126 126 126
-1.8170278 -0.2110305 4.5081444 128 128 128
-1.6337781 -0.1980355 4.2305398 123 123 123
-1.6182654 -0.1983207 4.2366328 113 113 113
-1.6046290 -0.1988448 4.2478285 120 120 120
-1.5897254 -0.1992219 4.2558846 117 117 117
-1.5756975 -0.1997187 4.2664957 116 116 116
1.8833784 -0.3147644 6.7241640 36 36 36
1.9093109 -0.3143655 6.7156420 26 26 26
1.9435656 -0.3153284 6.7362127 26 26 26
2.0458179 -0.3224913 6.8892298 159 159 159
2.0821195 -0.3236181 6.9133019 158 158 158
2.1115580 -0.3236619 6.9142370 181 181 181
2.1407354 -0.3236650 6.9143028 166 166 166
2.1735783 -0.3242147 6.9260468 147 147 147
2.2077656 -0.3249478 6.9417071 124 124 124
2.2479026 -0.3265259 6.9754195 101 101 101
2.3412583 -0.3314131 7.0798230 116 116 116
2.4766827 -0.3335685 7.1258678 70 70 70
2.5065601 -0.3335456 7.1253791 85 85 85
2.5456824 -0.3347389 7.1508703 105 105 105
2.5850084 -0.3359308 7.1763310 94 94 94
2.7264354 -0.3462038 7.3957891 87 87 87
2.7513022 -0.3454102 7.3788366 117 117 117
2.7698638 -0.3438517 7.3455429 95 95 95
2.7921436 -0.3427841 7.3227363 79 79 79
2.8311799 -0.3437746 7.3438945 83 83 83
2.8690748 -0.3446065 7.3616662 78 78 78
2.9118071 -0.3459953 7.3913360 77 77 77
2.9552019 -0.3474327 7.4220419 75 75 75
2.9948752 -0.3484070 7.4428549 72 72 72
3.0374501 -0.3496951 7.4703732 61 61 61
3.0752800 -0.3504161 7.4857755 70 70 70
3.1256471 -0.3525366 7.5310731 78 78 78
3.1657379 -0.3534669 7.5509481 64 64 64
3.2083120 -0.3546533 7.5762920 52 52 52
3.2525148 -0.3559945 7.6049442 44 44 44
3.2957327 -0.3572028 7.6307559 45 45 45
3.3347340 -0.3579351 7.6464005 42 42 42
3.6757925 -0.3695311 7.8941193 43 43 43
-2.9819798 -0.2675437 6.2812562 87 87 87
-2.7365434 -0.2522449 5.9220777 99 99 99
-2.6458964 -0.2461356 5.7786460 92 92 92
-2.5617173 -0.2405199 5.6468048 82 82 82
-2.4980514 -0.2367429 5.5581312 82 82 82
-2.4264934 -0.2321394 5.4500513 86 86 86
-2.3568425 -0.2276320 5.3442287 63 63 63
-2.0770965 -0.2065380 4.8489938 105 105 105
-2.0598791 -0.2068624 4.8566108 88 88 88
-1.9111364 -0.1978256 4.6444478 121 121 121
-1.8637440 -0.1949174 4.5761719 124 124 124
-1.8151165 -0.1918179 4.5034027 127 127 127
-1.6344936 -0.1802745 4.2323923 118 118 118
-1.6190323 -0.1805406 4.2386403 116 116 116
-1.6053052 -0.1810082 4.2496185 119 119 119
-1.5903363 -0.1813447 4.2575202 107 107 107
1.9440986 -0.2870008 6.7380595 27 27 27
2.1441002 -0.2949706 6.9251704 135 135 135
2.1771894 -0.2954981 6.9375539 117 117 117
2.2144349 -0.2965682 6.9626765 102 102 102
2.2503822 -0.2974387 6.9831138 98 98 98
2.4851415 -0.3045557 7.1502051 91 91 91
2.9184422 -0.3155439 7.4081788 48 48 48
2.9512947 -0.3157164 7.4122286 50 50 50
3.1681058 -0.3218656 7.5565968 33 33 33
3.5079105 -0.3268043 7.6725469 36 36 36
-2.9821775 -0.2410720 6.2816730 90 90 90
-2.9584191 -0.2412947 6.2874765 108 108 108
-2.7401278 -0.2275695 5.9298348 98 98 98
-2.6497574 -0.2220909 5.7870789 85 85 85
-2.5641370 -0.2169123 5.6521387 82 82 82
-2.5009756 -0.2135543 5.5646372 80 80 80
-2.4291544 -0.2093862 5.4560280 79 79 79
-2.3591042 -0.2052925 5.3493576 75 75 75
-2.0777419 -0.1861479 4.8505006 107 107 107
-2.0595026 -0.1863483 4.8557229 84 84 84
-1.9124541 -0.1783631 4.6476502 119 119 119
-1.8647363 -0.1757134 4.5786085 124 124 124
-1.8164550 -0.1729547 4.5067234 130 130 130
-1.6351845 -0.1624953 4.2341814 114 114 114
-1.6195735 -0.1627208 4.2400570 113 113 113
-1.6058698 -0.1631451 4.2511129 116 116 116
-1.5919635 -0.1635582 4.2618761 88 88 88
-1.4491626 -0.1505868 3.9238789 71 71 71
-1.4177152 -0.1490206 3.8830667 124 124 124
2.0161011 -0.2605478 6.7891598 53 53 53
2.0402584 -0.2599780 6.7743101 44 44 44
2.0715244 -0.2603171 6.7831478 39 39 39
2.1046629 -0.2608792 6.7977934 48 48 48
2.1853359 -0.2636957 6.8711829 31 31 31
2.2943883 -0.2662634 6.9380908 38 38 38
2.3246641 -0.2663801 6.9411316 30 30 30
2.3626266 -0.2673637 6.9667621 31 31 31
2.3994536 -0.2681963 6.9884562 36 36 36
2.5925212 -0.2730106 7.1139064 31 31 31
2.6284599 -0.2736290 7.1300187 32 32 32
2.7427046 -0.2791361 7.2735181 24 24 24
2.7610328 -0.2778937 7.2411447 27 27 27
2.7839370 -0.2771340 7.2213492 28 28 28
2.8230453 -0.2779864 7.2435603 26 26 26
3.0712249 -0.2839880 7.3999462 23 23 23
3.1146958 -0.2851108 7.4292026 23 23 23
3.1549551 -0.2859201 7.4502921 23 23 23
3.3304930 -0.2902663 7.5635419 23 23 23
3.3733842 -0.2912156 7.5882769 23 23 23
3.4179404 -0.2922894 7.6162577 23 23 23
3.4845788 -0.2952140 7.6924658 31 31 31
3.5040238 -0.2941234 7.6640453 39 39 39
3.5293660 -0.2935431 7.6489258 38 38 38
3.5710733 -0.2943221 7.6692247 39 39 39
-2.9827178 -0.2146214 6.2828102 89 89 89
-2.9584100 -0.2147801 6.2874579 115 115 115
-2.7479155 -0.2031394 5.9466882 96 96 96
-2.6529088 -0.1979222 5.7939610 82 82 82
-2.5659461 -0.1932138 5.6561260 89 89 89
-2.5070097 -0.1905471 5.5780630 82 82 82
-2.4327888 -0.1866573 5.4641914 91 91 91
-2.3629849 -0.1830351 5.3581572 70 70 70
-2.0787072 -0.1657705 4.8527541 113 113 113
-2.0597420 -0.1658912 4.8562875 88 88 88
-1.9136130 -0.1588604 4.6504664 119 119 119
-1.8660895 -0.1565192 4.5819306 121 121 121
-1.6361318 -0.1447238 4.2366343 114 114 114
-1.6203402 -0.1449093 4.2420645 102 102 102
-1.6061635 -0.1452450 4.2518907 114 114 114
-1.5922517 -0.1456124 4.2626476 92 92 92
-1.4129975 -0.1322045 3.8701451 127 127 127
-1.3733064 -0.1299923 3.8053851 126 126 126
-1.3353812 -0.1278969 3.7440448 117 117 117
2.0380437 -0.2311598 6.7669563 44 44 44
2.0704017 -0.2315874 6.7794714 37 37 37
2.1066210 -0.2324293 6.8041177 38 38 38
2.2884979 -0.2363974 6.9202790 37 37 37
2.3243320 -0.2370758 6.9401398 40 40 40
2.3621290 -0.2379351 6.9652948 41 41 41
2.3988302 -0.2386643 6.9866405 40 40 40
2.6320572 -0.2438954 7.1397767 37 37 37
2.6686249 -0.2444872 7.1571012 41 41 41
2.7404277 -0.2482578 7.2674794 26 26 26
2.7582779 -0.2471114 7.2339196 35 35 35
2.7854068 -0.2468122 7.2251620 32 32 32
2.8260274 -0.2477020 7.2512116 29 29 29
3.0408731 -0.2528538 7.4020233 28 28 28
3.0716770 -0.2528200 7.4010353 33 33 33
3.1150129 -0.2538081 7.4299588 31 31 31
3.1560395 -0.2545901 7.4528527 25 25 25
3.3510501 -0.2599660 7.6102271 22 22 22
3.3767507 -0.2594749 7.5958495 31 31 31
3.4824300 -0.2626133 7.6877217 24 24 24
3.5011897 -0.2615927 7.6578469 36 36 36
3.5303307 -0.2613594 7.6510162 34 34 34
3.5737064 -0.2621746 7.6748800 24 24 24
-4.5148969 -0.2594179 8.6636839 72 72 72
-4.1392117 -0.2417441 8.0734367 108 108 108
-3.3576002 -0.2045057 6.8297997 58 58 58
-2.9830124 -0.1881457 6.2834311 88 88 88
-2.9586065 -0.1882787 6.2878752 113 113 113
-2.7514045 -0.1782886 5.9542384 111 111 111
-2.6591680 -0.1738987 5.8076310 107 107 107
-2.5688074 -0.1695510 5.6624331 103 103 103
-2.5100577 -0.1672278 5.5848446 89 89 89
-2.4354262 -0.1637924 5.4701147 78 78 78
-2.0601292 -0.1454398 4.8572001 89 89 89
-1.9153926 -0.1393791 4.6547918 119 119 119
-1.8678172 -0.1373244 4.5861731 122 122 122
-1.8221470 -0.1353683 4.5208454 130 130 130
-1.6370127 -0.1269265 4.2389154 116 116 116
-1.6220323 -0.1271534 4.2464943 114 114 114
-1.6068450 -0.1273690 4.2536950 115 115 115
-1.5929303 -0.1276915 4.2644644 92 92 92
-1.4151407 -0.1160601 3.8760152 127 127 127
-1.3753346 -0.1141135 3.8110054 129 129 129
-1.3368200 -0.1122293 3.7480788 128 128 128
-1.2988247 -0.1103441 3.6851201 125 125 125
-1.2627801 -0.1085810 3.6262386 127 127 127
-1.1954337 -0.1053414 3.5180483 127 127 127
2.0701158 -0.2029707 6.7785354 57 57 57
2.2985821 -0.2081280 6.9507728 38 38 38
2.3261399 -0.2079712 6.9455380 46 46 46
2.3629296 -0.2086335 6.9676557 45 45 45
2.4011927 -0.2094080 6.9935217 41 41 41
2.5900249 -0.2152989 7.1902575 26 26 26
2.6095970 -0.2144157 7.1607623 40 40 40
2.6340013 -0.2139453 7.1450505 55 55 55
2.6686802 -0.2143105 7.1572495 43 43 43
2.7385740 -0.2174640 7.2625637 25 25 25
2.7577610 -0.2165657 7.2325644 37 37 37
2.7863555 -0.2164177 7.2276225 36 36 36
2.8268807 -0.2171896 7.2534013 32 32 32
3.0238030 -0.2226814 7.4368091 26 26 26
3.0426559 -0.2217698 7.4063630 36 36 36
3.0726569 -0.2216809 7.4033961 33 33 33
3.1156797 -0.2225239 7.4315491 32 32 32
3.3522389 -0.2279549 7.6129265 30 30 30
3.3781030 -0.2275347 7.5988922 33 33 33
3.4200952 -0.2281985 7.6210594 26 26 26
3.4838276 -0.2302869 7.6908073 23 23 23
3.5013106 -0.2293079 7.6581111 35 35 35
3.5310895 -0.2291447 7.6526604 35 35 35
-4.5198426 -0.2231278 8.6731739 63 63 63
-3.3715286 -0.1764336 6.8581314 56 56 56
-2.9833252 -0.1616657 6.2840900 87 87 87
-2.9603271 -0.1618572 6.2915320 111 111 111
-2.7554832 -0.1534070 5.9630647 105 105 105
-2.6640992 -0.1496853 5.8184013 106 106 106
-2.5734258 -0.1459348 5.6726141 120 120 120
-2.4383316 -0.1408931 5.4766407 108 108 108
-2.0607460 -0.1249947 4.8586545 85 85 85
-1.9171506 -0.1198600 4.6590638 123 123 123
-1.8697786 -0.1181087 4.5909891 122 122 122
-1.8237821 -0.1164085 4.5249023 129 129 129
-1.6379191 -0.1091115 4.2412624 108 108 108
-1.6227460 -0.1092942 4.2483625 109 109 109
-1.6078148 -0.1094974 4.2562618 109 109 109
-1.5936677 -0.1097592 4.2664385 91 91 91
-1.4169056 -0.0998395 3.8808494 138 138 138
-1.3769095 -0.0981549 3.8153691 134 134 134
-1.3382329 -0.0965257 3.7520404 130 130 130
-1.3002400 -0.0949074 3.6891360 135 135 135
-1.2644297 -0.0934112 3.6309755 135 135 135
-1.2282069 -0.0918474 3.5701902 131 131 131
-1.1986152 -0.0907469 3.5274112 135 135 135
-1.1647538 -0.0892913 3.4708335 140 140 140
2.3000259 -0.1789292 6.9551387 51 51 51
2.3270767 -0.1787542 6.9483352 49 49 49
2.3632350 -0.1792744 6.9685559 50 50 50
2.4015229 -0.1799414 6.9944825 40 40 40
2.6106844 -0.1842959 7.1637464 48 48 48
2.6350234 -0.1838863 7.1478229 55 55 55
2.6709526 -0.1842856 7.1633439 43 43 43
2.7590079 -0.1861505 7.2358346 37 37 37
2.7893696 -0.1861404 7.2354412 34 34 34
2.8278728 -0.1866679 7.2559466 28 28 28
3.0252631 -0.1914132 7.4404001 31 31 31
3.0437267 -0.1906046 7.4089694 39 39 39
3.0758183 -0.1906572 7.4110136 34 34 34
3.1172814 -0.1912838 7.4353695 32 32 32
3.3506067 -0.1957563 7.6092200 31 31 31
3.3784232 -0.1955091 7.5996122 32 32 32
3.5040054 -0.1971657 7.6640058 35 35 35
3.5346966 -0.1970749 7.6604781 33 33 33
3.5781293 -0.1976898 7.6843781 29 29 29
-3.8270817 -0.1632440 7.5894828 90 90 90
-3.3900015 -0.1483215 6.8957081 58 58 58
-2.9838445 -0.1351896 6.2851839 88 88 88
-2.9618971 -0.1353979 6.2948685 111 111 111
-2.7599699 -0.1284699 5.9727750 99 99 99
-2.6679108 -0.1253285 5.8267255 86 86 86
-2.5801759 -0.1223337 5.6874928 107 107 107
-2.4408426 -0.1179197 5.4822807 126 126 126
-2.0609775 -0.1045177 4.8592005 85 85 85
-2.0438085 -0.1046879 4.8671117 110 110 110
-1.9192094 -0.1003206 4.6640673 122 122 122
-1.8706832 -0.0987965 4.5932102 125 125 125
-1.8252354 -0.0974048 4.5285082 128 128 128
-1.6389434 -0.0912834 4.2439151 85 85 85
-1.6231812 -0.0914036 4.2495022 80 80 80
-1.6082215 -0.0915721 4.2573385 107 107 107
-1.5943742 -0.0918086 4.2683296 88 88 88
-1.4191278 -0.0836051 3.8869357 127 127 127
-1.3786469 -0.0821693 3.8201833 139 139 139
-1.3396506 -0.0807891 3.7560153 137 137 137
-1.3014472 -0.0794242 3.6925609 141 141 141
-1.2654091 -0.0781600 3.6337879 140 140 140
-1.2296228 -0.0768806 3.5743062 137 137 137
-1.1951511 -0.0756527 3.5172164 140 140 140
-1.1658762 -0.0747270 3.4741781 147 147 147
-1.1322609 -0.0734959 3.4169459 142 142 142
-1.0943742 -0.0719523 3.3451815 72 72 72
-1.0672907 -0.0710880 3.3049965 53 53 53
-1.0205188 -0.0688720 3.2019742 56 56 56
-1.0001787 -0.0684044 3.1802328 102 102 102
2.3019094 -0.1497223 6.9608345 47 47 47
2.3272917 -0.1494673 6.9489775 42 42 42
2.3621464 -0.1498193 6.9653463 40 40 40
2.3999069 -0.1503448 6.9897761 40 40 40
2.6113431 -0.1541257 7.1655536 41 41 41
2.6332347 -0.1536399 7.1429706 45 45 45
2.7624063 -0.1558290 7.2447472 30 30 30
2.7906644 -0.1557011 7.2388000 28 28 28
3.0188830 -0.1596999 7.4247088 39 39 39
3.0475900 -0.1595636 7.4183736 34 34 34
3.0818355 -0.1597172 7.4255118 34 34 34
3.1282086 -0.1604898 7.4614334 34 34 34
3.2292509 -0.1624066 7.5505486 38 38 38
3.3105531 -0.1632757 7.5909548 36 36 36
3.3542628 -0.1638472 7.6175232 34 34 34
3.3919170 -0.1641148 7.6299658 31 31 31
3.4870067 -0.1655744 7.6978250 33 33 33
3.5776227 -0.1667721 7.7535086 31 31 31
3.6257994 -0.1674872 7.7867546 34 34 34
-2.9843712 -0.1087045 6.2862930 90 90 90
-2.9628398 -0.1088874 6.2968721 112 112 112
-2.8681991 -0.1063625 6.1508594 117 117 117
-2.7633963 -0.1034112 5.9801898 104 104 104
-2.6745934 -0.1010099 5.8413205 90 90 90
-2.5843341 -0.0985083 5.6966591 103 103 103
-2.0613074 -0.0840402 4.8599782 91 91 91
-2.0446312 -0.0841974 4.8690705 107 107 107
-1.9214779 -0.0807478 4.6695800 120 120 120
-1.8726228 -0.0795095 4.5979724 122 122 122
-1.8233691 -0.0782282 4.5238776 127 127 127
-1.6393661 -0.0734060 4.2450094 84 84 84
-1.6238056 -0.0735119 4.2511368 91 91 91
-1.6088107 -0.0736461 4.2588983 105 105 105
-1.5948744 -0.0738324 4.2696691 91 91 91
-1.4211668 -0.0673106 3.8925204 92 92 92
-1.3804066 -0.0661441 3.8250597 108 108 108
-1.3407466 -0.0650033 3.7590880 126 126 126
-1.3028673 -0.0639225 3.6965902 138 138 138
-1.2669287 -0.0629120 3.6381519 143 143 143
-1.2309158 -0.0618730 3.5780647 133 133 133
-1.1966722 -0.0608982 3.5216932 151 151 151
-1.1674912 -0.0601597 3.4789906 153 153 153
-1.1337305 -0.0591635 3.4213810 147 147 147
-1.0970734 -0.0579886 3.3534324 77 77 77
-1.0654583 -0.0570529 3.2993221 51 51 51
-1.0216439 -0.0554305 3.2055042 57 57 57
-1.0004983 -0.0550111 3.1812494 106 106 106
-0.9715248 -0.0541440 3.1311066 118 118 118
-0.9439326 -0.0533311 3.0840952 102 102 102
-0.9209621 -0.0527602 3.0510819 106 106 106
2.2712569 -0.1203000 6.9568558 47 47 47
2.3077865 -0.1206761 6.9786062 37 37 37
2.4198561 -0.1218740 7.0478787 34 34 34
2.4587674 -0.1223313 7.0743222 41 41 41
2.4957321 -0.1226819 7.0945983 46 46 46
2.5347919 -0.1231260 7.1202788 44 44 44
2.5722957 -0.1234850 7.1410384 44 44 44
2.6101847 -0.1238539 7.1623750 47 47 47
2.6516776 -0.1243835 7.1929994 43 43 43
2.6898224 -0.1247458 7.2139516 39 39 39
2.7300718 -0.1251965 7.2400165 46 46 46
2.7686133 -0.1255598 7.2610254 46 46 46
2.8093731 -0.1260147 7.2873292 38 38 38
2.8503773 -0.1264705 7.3136907 41 41 41
2.8898375 -0.1268488 7.3355684 45 45 45
2.9313180 -0.1273069 7.3620567 44 44 44
2.9713492 -0.1276930 7.3843884 43 43 43
3.0134873 -0.1281608 7.4114385 45 45 45
3.0552831 -0.1286045 7.4370995 44 44 44
3.0969648 -0.1290345 7.4619646 40 40 40
3.1394367 -0.1294884 7.4882145 41 41 41
3.1816778 -0.1299239 7.5133963 41 41 41
3.2258334 -0.1304282 7.5425577 40 40 40
3.2689424 -0.1308807 7.5687270 40 40 40
3.3124835 -0.1313416 7.5953808 39 39 39
3.3557696 -0.1317836 7.6209450 38 38 38
3.4006274 -0.1322785 7.6495595 39 39 39
3.4438500 -0.1327010 7.6739926 36 36 36
3.4900177 -0.1332280 7.7044725 35 35 35
3.5346031 -0.1336855 7.7309289 38 38 38
3.5797541 -0.1341559 7.7581277 34 34 34
3.6264079 -0.1346735 7.7880611 35 35 35
-3.8338654 -0.0994110 7.6029348 91 91 91
-2.9850006 -0.0822128 6.2876191 91 91 91
-2.9637096 -0.0823580 6.2987204 111 111 111
-2.7669950 -0.0782949 5.9879775 111 111 111
-2.6804309 -0.0765440 5.8540692 109 109 109
-2.5878129 -0.0745861 5.7043276 108 108 108
-2.4454947 -0.0718194 5.4927292 106 106 106
-2.0616598 -0.0635568 4.8608088 86 86 86
-2.0451579 -0.0636812 4.8703246 107 107 107
-1.9243728 -0.0611484 4.6766152 119 119 119
-1.8744118 -0.0601775 4.6023650 116 116 116
-1.8252194 -0.0592113 4.5284681 130 130 130
-1.6406589 -0.0555488 4.2483568 97 97 97
-1.6244934 -0.0556086 4.2529373 96 96 96
-1.6095487 -0.0557121 4.2608519 109 109 109
-1.5953560 -0.0558443 4.2709579 90 90 90
-1.4230152 -0.0509623 3.8975835 89 89 89
-1.3819244 -0.0500690 3.8292651 96 96 96
-1.3424820 -0.0492150 3.7639537 119 119 119
-1.3043865 -0.0483906 3.7009006 125 125 125
-1.2681967 -0.0476177 3.6417930 135 135 135
-1.2321818 -0.0468326 3.5817449 141 141 141
-1.1978154 -0.0460914 3.5250576 143 143 143
-1.1680518 -0.0455109 3.4806612 155 155 155
-1.1348102 -0.0447784 3.4246390 157 157 157
-1.0976846 -0.0438717 3.3553007 87 87 87
-1.0662544 -0.0431720 3.3017874 48 48 48
-1.0226306 -0.0419536 3.2086000 56 56 56
-1.0015612 -0.0416401 3.1846285 112 112 112
-0.9721006 -0.0409646 3.1329622 120 120 120
-0.9445881 -0.0403536 3.0862367 105 105 105
-0.9215162 -0.0399180 3.0529177 114 114 114
-0.8939816 -0.0392739 3.0036600 118 118 118
-0.8705784 -0.0387954 2.9670665 115 115 115
-0.8450339 -0.0382062 2.9220021 97 97 97
2.2356033 -0.0907070 6.9372540 49 49 49
2.2723773 -0.0910082 6.9602871 50 50 50
2.3098648 -0.0913299 6.9848909 48 48 48
2.3458660 -0.0915855 7.0044370 44 44 44
2.3839288 -0.0919142 7.0295768 41 41 41
2.4204321 -0.0921754 7.0495563 42 42 42
2.4585314 -0.0924904 7.0736432 44 44 44
2.4979677 -0.0928475 7.1009536 46 46 46
2.5349483 -0.0931059 7.1207185 46 46 46
2.5732574 -0.0934065 7.1437087 46 46 46
2.6123152 -0.0937270 7.1682210 45 45 45
2.6521857 -0.0940690 7.1943774 46 46 46
2.6921294 -0.0944058 7.2201390 47 47 47
2.7305598 -0.0946827 7.2413106 48 48 48
2.7712302 -0.0950302 7.2678885 43 43 43
2.8099582 -0.0953042 7.2888470 45 45 45
2.8510270 -0.0956509 7.3153577 45 45 45
2.8923142 -0.0959973 7.3418555 43 43 43
2.9321265 -0.0962880 7.3640871 44 44 44
2.9743795 -0.0966519 7.3919191 44 44 44
3.0144055 -0.0969367 7.4136963 44 44 44
3.0557325 -0.0972570 7.4381938 42 42 42
3.0990973 -0.0976350 7.4671030 42 42 42
3.1412144 -0.0979665 7.4924545 40 40 40
3.1841891 -0.0983178 7.5193267 40 40 40
3.2264447 -0.0986403 7.5439873 41 41 41
3.2698648 -0.0989917 7.5708628 39 39 39
3.3136361 -0.0993468 7.5980234 39 39 39
3.3567533 -0.0996757 7.6231790 37 37 37
3.4015009 -0.1000464 7.6515245 37 37 37
3.4476929 -0.1004521 7.6825562 34 34 34
3.4908566 -0.1007629 7.7063246 37 37 37
3.5374358 -0.1011656 7.7371244 35 35 35
3.5829387 -0.1015305 7.7650294 36 36 36
-3.9921384 -0.0695486 7.8511500 87 87 87
-3.8374572 -0.0674130 7.6100578 93 93 93
-2.9856303 -0.0557100 6.2889452 95 95 95
-2.7699718 -0.0531010 5.9944196 112 112 112
-2.6849320 -0.0519448 5.8638997 114 114 114
-2.5935030 -0.0506423 5.7168698 119 119 119
-2.5245371 -0.0497582 5.6170611 117 117 117
-2.4475439 -0.0486976 5.4973316 121 121 121
-2.3801200 -0.0478089 5.3970118 104 104 104
-2.0619893 -0.0430659 4.8615861 91 91 91
-2.0458355 -0.0431576 4.8719382 104 104 104
-1.9266505 -0.0414764 4.6821504 118 118 118
-1.8767419 -0.0408203 4.6080861 114 114 114
-1.8237506 -0.0400827 4.5248241 129 129 129
-1.6412696 -0.0376477 4.2499385 101 101 101
-1.6251807 -0.0376902 4.2547369 99 99 99
-1.6102527 -0.0377608 4.2627153 106 106 106
-1.5959750 -0.0378485 4.2726154 93 93 93
-1.4239429 -0.0345489 3.9001241 101 101 101
-1.3831296 -0.0339508 3.8326049 111 111 111
-1.3442137 -0.0333856 3.7688091 132 132 132
-1.3059633 -0.0328237 3.7053745 136 136 136
-1.2694587 -0.0322926 3.6454170 130 130 130
-1.2331412 -0.0317532 3.5845335 133 133 133
-1.1988865 -0.0312543 3.5282097 138 138 138
-1.1645262 -0.0307400 3.4701555 148 148 148
-1.1360850 -0.0303709 3.4284861 147 147 147
-1.1015124 -0.0298262 3.3670011 85 85 85
-1.0674328 -0.0292809 3.3054366 50 50 50
-1.0209506 -0.0283764 3.2033286 70 70 70
-1.0020802 -0.0282253 3.1862788 112 112 112
-0.9730948 -0.0277814 3.1361663 125 125 125
-0.9455858 -0.0273680 3.0894969 103 103 103
-0.9226552 -0.0270774 3.0566909 120 120 120
-0.8950036 -0.0266380 3.0070937 127 127 127
-0.8712835 -0.0263048 2.9694698 125 125 125
-0.8454897 -0.0258982 2.9235780 112 112 112
-0.8235649 -0.0255999 2.8899050 120 120 120
-0.7988835 -0.0252057 2.8454018 121 121 121
2.2376533 -0.0615093 6.9436150 51 51 51
2.2734385 -0.0616858 6.9635377 49 49 49
2.3106899 -0.0618971 6.9873867 49 49 49
2.3471031 -0.0620808 7.0081315 46 46 46
2.3848791 -0.0622956 7.0323792 49 49 49
2.4224050 -0.0624987 7.0553026 46 46 46
2.4598489 -0.0626948 7.0774341 45 45 45
2.4985931 -0.0629188 7.1027317 48 48 48
2.5363328 -0.0631126 7.1246076 46 46 46
2.5751231 -0.0633277 7.1488881 46 46 46
2.6149001 -0.0635618 7.1753144 46 46 46
2.6528270 -0.0637461 7.1961174 47 47 47
2.6930842 -0.0639816 7.2226996 51 51 51
2.7316070 -0.0641710 7.2440872 46 46 46
2.7717283 -0.0643934 7.2691951 47 47 47
2.8126619 -0.0646297 7.2958598 45 45 45
2.8517804 -0.0648195 7.3172908 44 44 44
2.8933535 -0.0650605 7.3444934 43 43 43
2.9347889 -0.0652933 7.3707743 43 43 43
2.9749506 -0.0654932 7.3933387 43 43 43
3.0599229 -0.0659809 7.4483943 41 41 41
-3.8405545 -0.0353502 7.6162004 90 90 90
-3.7675428 -0.0349707 7.5344181 90 90 90
-3.2308719 -0.0307676 6.6288786 74 74 74
-2.9476116 -0.0288182 6.2088628 120 120 120
-2.5979388 -0.0265800 5.7266483 123 123 123
-2.5280082 -0.0261072 5.6247845 127 127 127
-2.4502296 -0.0255436 5.5033646 133 133 133
-2.3826945 -0.0250771 5.4028492 109 109 109
-2.0631733 -0.0225778 4.8643775 91 91 91
-2.0462050 -0.0226170 4.8728185 105 105 105
-1.8785936 -0.0214093 4.6126328 117 117 117
-1.8253542 -0.0210202 4.5288029 129 129 129
-1.6425365 -0.0197411 4.2532187 100 100 100
-1.6258349 -0.0197561 4.2564497 96 96 96
-1.6108799 -0.0197929 4.2643757 104 104 104
-1.5965984 -0.0198389 4.2742844 95 95 95
-1.4263593 -0.0181330 3.9067426 99 99 99
-1.3819294 -0.0177734 3.8292794 104 104 104
-1.3457168 -0.0175123 3.7730231 125 125 125
-1.3048141 -0.0171832 3.7021136 140 140 140
-1.2706994 -0.0169366 3.6489797 137 137 137
-1.2344109 -0.0166546 3.5882242 130 130 130
-1.1997517 -0.0163878 3.5307558 136 136 136
-1.1655760 -0.0161211 3.4732838 134 134 134
-1.1372612 -0.0159296 3.4320357 131 131 131
-1.1034884 -0.0156558 3.3730412 81 81 81
-1.0680256 -0.0153506 3.3072724 49 49 49
-1.0248995 -0.0149256 3.2157187 56 56 56
-0.9991121 -0.0147452 3.1768413 120 120 120
-0.9740729 -0.0145710 3.1393187 127 127 127
-0.9462408 -0.0143497 3.0916369 106 106 106
-0.9232088 -0.0141960 3.0585248 122 122 122
-0.8959449 -0.0139720 3.0102561 134 134 134
-0.8689540 -0.0137458 2.9615304 128 128 128
-0.8460962 -0.0135794 2.9256752 124 124 124
-0.8243052 -0.0134254 2.8925028 128 128 128
-0.7994206 -0.0132157 2.8473146 129 129 129
-0.7782940 -0.0130626 2.8143377 122 122 122
-0.7549977 -0.0128678 2.7723727 122 122 122
-0.7348713 -0.0127218 2.7409101 117 117 117
-0.7152092 -0.0125793 2.7102017 120 120 120
-4.5389338 -0.0037582 8.8530855 91 91 91
-2.8326707 -0.0025556 6.0202260 119 119 119
-2.7744105 -0.0025257 5.9497294 133 133 133
-2.3854942 -0.0022962 5.4091978 119 119 119
-2.0634706 -0.0020653 4.8650784 92 92 92
-2.0465183 -0.0020689 4.8735647 98 98 98
-1.8809025 -0.0019605 4.6183023 115 115 115
-1.8271474 -0.0019244 4.5332513 129 129 129
-1.6437894 -0.0018069 4.2564631 95 95 95
-1.6264638 -0.0018076 4.2580957 92 92 92
-1.6115017 -0.0018110 4.2660217 100 100 100
-1.5971203 -0.0018151 4.2756815 82 82 82
-1.4288592 -0.0016613 3.9135897 109 109 109
-1.3849207 -0.0016291 3.8375680 130 130 130
-1.3475887 -0.0016039 3.7782712 125 125 125
-1.3066567 -0.0015738 3.7073419 134 134 134
-1.2724067 -0.0015511 3.6538827 132 132 132
-1.2358351 -0.0015250 3.5923641 135 135 135
-1.2011766 -0.0015006 3.5349491 139 139 139
-1.1669202 -0.0014761 3.4772890 140 140 140
-1.1379043 -0.0014577 3.4339764 138 138 138
-1.1049682 -0.0014338 3.3775644 84 84 84
-1.0693728 -0.0014057 3.3114438 49 49 49
-1.0262402 -0.0013669 3.2199254 56 56 56
-1.0000925 -0.0013499 3.1799591 119 119 119
-0.9726843 -0.0013308 3.1348436 132 132 132
-0.9469953 -0.0013135 3.0941017 110 110 110
-0.9237233 -0.0012991 3.0602295 113 113 113
-0.8966690 -0.0012789 3.0126889 135 135 135
-0.8696108 -0.0012581 2.9637692 131 131 131
-0.8468944 -0.0012431 2.9284356 122 122 122
-0.8220134 -0.0012245 2.8844607 132 132 132
-0.8002079 -0.0012099 2.8501189 137 137 137
-0.7790065 -0.0011958 2.8169143 130 130 130
-0.7552761 -0.0011773 2.7733951 127 127 127
-0.7355974 -0.0011647 2.7436185 127 127 127
-0.7154900 -0.0011509 2.7112656 130 130 130
-0.6934285 -0.0011336 2.6703374 130 130 130
-0.6746384 -0.0011211 2.6408634 104 104 104
-0.6527930 -0.0011030 2.5982397 113 113 113
-4.5632830 0.0337549 8.9005775 94 94 94
-4.3695030 0.0325896 8.5932951 94 94 94
-3.0294657 0.0239876 6.3250976 99 99 99
-2.8314819 0.0228218 6.0176997 101 101 101
-2.7358129 0.0222501 5.8669567 115 115 115
-2.3883326 0.0205385 5.4156342 120 120 120
-2.0639124 0.0184545 4.8661199 93 93 93
-2.0466971 0.0184843 4.8739905 99 99 99
-1.8833568 0.0175375 4.6243281 118 118 118
-1.8286361 0.0172061 4.5369449 134 134 134
-1.6427637 0.0161323 4.2538071 104 104 104
-1.6271515 0.0161554 4.2598963 87 87 87
-1.6130929 0.0161946 4.2702341 95 95 95
-1.5978781 0.0162230 4.2777100 87 87 87
-1.4308791 0.0148630 3.9191220 104 104 104
-1.3893697 0.0146005 3.8498960 130 130 130
-1.3491625 0.0143456 3.7826838 121 121 121
-1.3109040 0.0141056 3.7193925 123 123 123
-1.2739079 0.0138735 3.6581933 128 128 128
-1.2375662 0.0136429 3.5973964 135 135 135
-1.2023261 0.0134189 3.5383320 135 135 135
-1.1679010 0.0131985 3.4802120 143 143 143
-1.1347175 0.0129867 3.4243591 138 138 138
-1.1069589 0.0128323 3.3836493 88 88 88
-1.0708855 0.0125762 3.3161283 49 49 49
-1.0266505 0.0122163 3.2212129 57 57 57
-1.0015521 0.0120774 3.1846001 123 123 123
-0.9766091 0.0119367 3.1474924 142 142 142
-0.9480894 0.0117478 3.0976768 119 119 119
-0.9210293 0.0115719 3.0513046 108 108 108
-0.8972122 0.0114324 3.0145142 134 134 134
-0.8705127 0.0112516 2.9668429 135 135 135
-0.8477999 0.0111178 2.9315665 127 127 127
-0.8227571 0.0109490 2.8870702 136 136 136
-0.8007087 0.0108157 2.8519025 137 137 137
-0.7795954 0.0106911 2.8190439 129 129 129
-0.7560344 0.0105285 2.7761793 135 135 135
-0.7363411 0.0104155 2.7463923 136 136 136
-0.7133628 0.0102517 2.7032046 137 137 137
-0.6938781 0.0101337 2.6720686 135 135 135
-0.6751138 0.0100224 2.6427243 99 99 99
-0.6532384 0.0098604 2.6000121 61 61 61
-0.6332683 0.0097221 2.5635548 67 67 67
-0.5887970 0.0093589 2.4677832 78 78 78
-0.5765061 0.0093284 2.4597433 91 91 91
-6.1874619 0.0943336 11.7778797 22 22 22
-6.1471281 0.0944771 11.7957897 34 34 34
-4.5774426 0.0715094 8.9281960 91 91 91
-4.3829470 0.0690388 8.6197348 95 95 95
-3.0795729 0.0506070 6.3184538 48 48 48
-3.0638363 0.0507878 6.3410292 60 60 60
-3.0282741 0.0506402 6.3226089 97 97 97
-2.8425436 0.0483864 6.0412087 95 95 95
-2.7379663 0.0470277 5.8715749 101 101 101
-2.6597345 0.0461009 5.7558579 115 115 115
-2.5330017 0.0447205 5.5835066 134 134 134
-2.3138568 0.0424290 5.2974119 127 127 127
-2.0641901 0.0389799 4.8667750 93 93 93
-2.0471032 0.0390454 4.8749576 99 99 99
-2.0217817 0.0389536 4.8634973 122 122 122
-1.9407783 0.0377762 4.7164841 117 117 117
-1.8863677 0.0370973 4.6317210 114 114 114
-1.8302106 0.0363695 4.5408516 130 130 130
-1.6436067 0.0340879 4.2559900 80 80 80
-1.6276141 0.0341289 4.2611074 70 70 70
-1.6136614 0.0342140 4.2717390 94 94 94
-1.5986319 0.0342780 4.2797279 90 90 90
-1.4328941 0.0314340 3.9246411 103 103 103
-1.3907849 0.0308667 3.8538175 123 123 123
-1.3503464 0.0303236 3.7860036 116 116 116
-1.3103833 0.0297782 3.7179153 120 120 120
-1.2764143 0.0293575 3.6653907 100 100 100
-1.2386838 0.0288390 3.6006448 130 130 130
-1.2041498 0.0283829 3.5436990 137 137 137
-1.1691256 0.0279036 3.4838607 143 143 143
-1.1360642 0.0274596 3.4284234 132 132 132
-1.1080668 0.0271281 3.3870358 90 90 90
-1.0720992 0.0265903 3.3198867 47 47 47
-1.0284184 0.0258444 3.2267599 54 54 54
-1.0038469 0.0255651 3.1918964 110 110 110
-0.9754176 0.0251787 3.1436527 131 131 131
-0.9488780 0.0248311 3.1002533 116 116 116
-0.9215702 0.0244534 3.0530965 115 115 115
-0.8977806 0.0241597 3.0164239 134 134 134
-0.8714194 0.0237873 2.9699328 138 138 138
-0.8482556 0.0234927 2.9331424 133 133 133
-0.8233476 0.0231403 2.8891423 133 133 133
-0.8014991 0.0228645 2.8547177 140 140 140
-0.7772678 0.0225114 2.8106270 130 130 130
-0.7566115 0.0222525 2.7782984 131 131 131
-0.7367665 0.0220096 2.7479787 129 129 129
-0.7138795 0.0216667 2.7051630 139 139 139
-0.6946655 0.0214259 2.6751008 138 138 138
-0.6755078 0.0211790 2.6442666 98 98 98
-0.6515255 0.0207699 2.5931947 64 64 64
-0.6343451 0.0205674 2.5679140 62 62 62
-0.6070994 0.0200259 2.5003016 73 73 73
-0.5896252 0.0197932 2.4712541 66 66 66
-0.5754858 0.0196662 2.4553897 84 84 84
2.8220215 0.0634913 7.9271126 32 32 32
2.8475409 0.0633155 7.9051561 23 23 23
3.5650973 0.0654737 8.1746130 28 28 28
3.7066996 0.0649348 8.1073408 38 38 38
3.7365224 0.0648591 8.0978794 37 37 37
-6.1891990 0.1440408 11.7811871 22 22 22
-6.1489205 0.1442614 11.7992287 27 27 27
-4.5986552 0.1096650 8.9695711 89 89 89
-4.3970580 0.1057271 8.6474857 96 96 96
-3.0775850 0.0772017 6.3143754 46 46 46
-3.0273316 0.0772783 6.3206415 89 89 89
-2.8475096 0.0739909 6.0517631 94 94 94
-2.7434127 0.0719307 5.8832545 102 102 102
-2.5752976 0.0687665 5.6244583 110 110 110
-2.5033319 0.0674662 5.5181055 120 120 120
-2.4343758 0.0662234 5.4164534 142 142 142
-2.3984976 0.0658654 5.3871708 139 139 139
-2.0646720 0.0595167 4.8679109 93 93 93
-2.0475793 0.0596167 4.8760915 99 99 99
-2.0230749 0.0595008 4.8666081 124 124 124
-1.9456474 0.0578100 4.7283168 115 115 115
-1.8894089 0.0567203 4.6391888 114 114 114
-1.8327851 0.0555961 4.5472393 138 138 138
-1.6445879 0.0520662 4.2585306 83 83 83
-1.6283019 0.0521198 4.2629080 70 70 70
-1.6140671 0.0522409 4.2728128 91 91 91
-1.5989798 0.0523368 4.2806597 86 86 86
-1.4343613 0.0480331 3.9286597 99 99 99
-1.3907726 0.0471177 3.8537834 124 124 124
-1.3520081 0.0463459 3.7906623 119 119 119
-1.3123980 0.0455264 3.7236314 119 119 119
-1.2775254 0.0448533 3.6685817 93 93 93
-1.2382257 0.0440064 3.5993135 126 126 126
-1.2056519 0.0433805 3.5481193 146 146 146
-1.1710947 0.0426666 3.4897287 152 152 152
-1.1370751 0.0419544 3.4314742 135 135 135
-1.1093506 0.0414590 3.3909600 88 88 88
-1.0733278 0.0406366 3.3236914 49 49 49
-1.0299741 0.0395111 3.2316408 55 55 55
-1.0045787 0.0390537 3.1942234 120 120 120
-0.9746428 0.0384048 3.1411552 141 141 141
-0.9500183 0.0379503 3.1039789 140 140 140
-0.9223080 0.0373581 3.0555408 130 130 130
-0.8984115 0.0369057 3.0185435 137 137 137
-0.8717757 0.0363263 2.9711473 139 139 139
-0.8492929 0.0359054 2.9367292 132 132 132
-0.8241351 0.0353574 2.8919058 138 138 138
-0.8019533 0.0349225 2.8563356 139 139 139
-0.7779171 0.0343924 2.8129749 133 133 133
-0.7574880 0.0340078 2.7815170 127 127 127
-0.7374311 0.0336280 2.7504578 134 134 134
-0.7145078 0.0331033 2.7075438 138 138 138
-0.6949820 0.0327216 2.6763198 128 128 128
-0.6758523 0.0323462 2.6456153 94 94 94
-0.6521325 0.0317348 2.5956109 62 62 62
-0.6346865 0.0314131 2.5692959 65 65 65
-0.6077356 0.0306016 2.5029218 71 71 71
-0.5904787 0.0302581 2.4748313 69 69 69
-0.5741525 0.0299509 2.4497011 89 89 89
-0.5571691 0.0295975 2.4207942 83 83 83
-0.5406556 0.0292563 2.3928883 86 86 86
-0.5246125 0.0289280 2.3660424 90 90 90
-0.5088273 0.0286016 2.3393416 107 107 107
2.6987283 0.0961002 7.8600998 33 33 33
2.7291992 0.0960061 7.8524041 28 28 28
2.7684019 0.0950780 7.7764935 26 26 26
2.8234007 0.0947228 7.7474422 27 27 27
2.8587413 0.0948114 7.7546849 27 27 27
3.0241635 0.0948715 7.7596025 35 35 35
3.0987420 0.0951520 7.7825451 39 39 39
3.5430374 0.0993271 8.1240311 32 32 32
3.5717969 0.0991745 8.1115427 42 42 42
3.6284120 0.0988531 8.0852556 38 38 38
3.6665361 0.0989618 8.0941496 49 49 49
3.7349279 0.0989652 8.0944242 48 48 48
3.7703364 0.0989986 8.0971613 39 39 39
-6.1917906 0.1938025 11.7861204 21 21 21
-6.1513200 0.1940938 11.8038340 23 23 23
-4.4143009 0.1427507 8.6813965 94 94 94
-3.0277319 0.1039459 6.3214769 81 81 81
-2.8494294 0.0995779 6.0558429 101 101 101
-2.7476661 0.0968900 5.8923759 106 106 106
-2.5786397 0.0926046 5.6317573 109 109 109
-2.4947634 0.0904252 5.4992180 108 108 108
-2.4231822 0.0886548 5.3915482 114 114 114
-2.3505847 0.0868132 5.2795558 131 131 131
-2.3194623 0.0864829 5.2594681 140 140 140
-2.0650065 0.0800574 4.8686996 98 98 98
-2.0478930 0.0801912 4.8768382 98 98 98
-2.0243595 0.0800738 4.8696980 117 117 117
-1.9490418 0.0778847 4.7365661 118 118 118
-1.8924805 0.0764075 4.6467304 119 119 119
-1.8349080 0.0748582 4.5525060 142 142 142
-1.6450921 0.0700457 4.2598367 92 92 92
-1.6287707 0.0701164 4.2641354 69 69 69
-1.6146358 0.0702838 4.2743187 93 93 93
-1.5997375 0.0704215 4.2826881 90 90 90
-1.4363850 0.0646912 3.9342024 99 99 99
-1.3927009 0.0634567 3.8591266 125 125 125
-1.3538061 0.0624138 3.7957034 113 113 113
-1.3139344 0.0613004 3.7279909 117 117 117
-1.2789518 0.0603909 3.6726778 93 93 93
-1.2418107 0.0593559 3.6097343 124 124 124
-1.2068988 0.0584031 3.5517890 141 141 141
-1.1721486 0.0574342 3.4928691 137 137 137
-1.1385981 0.0565003 3.4360702 139 139 139
-1.1036755 0.0554733 3.3736129 104 104 104
-1.0750374 0.0547395 3.3289852 52 52 52
-1.0306941 0.0531759 3.2339001 57 57 57
-1.0062467 0.0526107 3.1995268 116 116 116
-0.9759646 0.0517210 3.1454153 137 137 137
-0.9514061 0.0511142 3.1085131 142 142 142
-0.9230850 0.0502855 3.0581148 136 136 136
-0.8994699 0.0496932 3.0220997 141 141 141
-0.8740634 0.0489836 2.9789441 82 82 82
-0.8497737 0.0483168 2.9383917 102 102 102
-0.8247703 0.0475891 2.8941345 132 132 132
-0.8030125 0.0470296 2.8601081 137 137 137
-0.7787741 0.0463055 2.8160739 130 130 130
-0.7580510 0.0457713 2.7835846 130 130 130
-0.7379009 0.0452554 2.7522097 131 131 131
-0.7151215 0.0445592 2.7098694 137 137 137
-0.6955611 0.0440442 2.6785498 124 124 124
-0.6764390 0.0435404 2.6479120 117 117 117
-0.6533719 0.0427615 2.6005435 76 76 76
-0.6350334 0.0422708 2.5707004 64 64 64
-0.6086552 0.0412185 2.5067093 70 70 70
-0.5910189 0.0407316 2.4770956 72 72 72
-0.5747825 0.0403253 2.4523890 88 88 88
-0.5578800 0.0398566 2.4238832 83 83 83
-0.5414177 0.0394024 2.3962617 83 83 83
-0.5252967 0.0389563 2.3691287 92 92 92
-0.5095320 0.0385197 2.3425817 99 99 99
-0.4942418 0.0381025 2.3172095 101 101 101
-0.4790454 0.0376759 2.2912624 104 104 104
-0.4646621 0.0372969 2.2682166 110 110 110
0.7738782 0.0394870 2.4014053 69 69 69
0.7975922 0.0396591 2.4118705 57 57 57
2.6969588 0.1275940 7.7596426 31 31 31
2.7205119 0.1271654 7.7335777 32 32 32
2.7628651 0.1261214 7.6700850 35 35 35
2.7817941 0.1255161 7.6332731 38 38 38
3.1493807 0.1273641 7.7456579 48 48 48
3.1802218 0.1272911 7.7412224 57 57 57
3.2152476 0.1273855 7.7469606 75 75 75
3.5363681 0.1333343 8.1087389 42 42 42
3.5577459 0.1328557 8.0796328 46 46 46
3.5844221 0.1325822 8.0629969 45 45 45
3.6130519 0.1323854 8.0510283 49 49 49
3.6465156 0.1323677 8.0499535 60 60 60
3.6814318 0.1324026 8.0520744 63 63 63
3.7250519 0.1327470 8.0730200 59 59 59
3.7559066 0.1326344 8.0661726 55 55 55
-6.1937294 0.2435802 11.7898102 19 19 19
-6.1536298 0.2439615 11.8082657 23 23 23
-3.8465726 0.1616546 7.8244333 53 53 53
-3.8217502 0.1620010 7.8412013 70 70 70
-2.7549348 0.1220599 5.9079638 107 107 107
-2.5828066 0.1165414 5.6408577 115 115 115
-2.4983518 0.1137785 5.5071278 114 114 114
-2.4261167 0.1115255 5.3980770 108 108 108
-2.3503633 0.1090666 5.2790585 112 112 112
-2.2859330 0.1070911 5.1834393 133 133 133
-2.2329407 0.1056184 5.1121602 142 142 142
-2.0655537 0.1006151 4.8699899 102 102 102
-2.0482049 0.1007720 4.8775811 100 100 100
-2.0256910 0.1006753 4.8729014 122 122 122
-1.8957977 0.0961708 4.6548753 121 121 121
-1.8371212 0.0941693 4.5579977 139 139 139
-1.6459292 0.0880540 4.2620039 91 91 91
-1.6294581 0.0881352 4.2659349 66 66 66
-1.6153196 0.0883458 4.2761288 93 93 93
-1.6000799 0.0885003 4.2836046 81 81 81
-1.4388926 0.0814234 3.9410708 90 90 90
-1.3959708 0.0799177 3.8681877 116 116 116
-1.3563150 0.0785654 3.8027377 111 111 111
-1.3165448 0.0771742 3.7353969 118 118 118
-1.2792430 0.0758957 3.6735139 118 118 118
-1.2408943 0.0745229 3.6070704 127 127 127
-1.2081031 0.0734540 3.5553329 131 131 131
-1.1731788 0.0722269 3.4959390 138 138 138
-1.1398296 0.0710668 3.4397867 136 136 136
-1.1063325 0.0698674 3.3817348 96 96 96
-1.0760611 0.0688431 3.3321552 52 52 52
-1.0317812 0.0668836 3.2373109 68 68 68
-1.0075928 0.0661914 3.2038074 119 119 119
-0.9768613 0.0650447 3.1483054 144 144 144
-0.9518805 0.0642546 3.1100631 141 141 141
-0.9241115 0.0632516 3.0615156 138 138 138
-0.9006081 0.0625163 3.0259240 140 140 140
-0.8741237 0.0615499 2.9791496 76 76 76
-0.8501878 0.0607374 2.9398234 97 97 97
-0.8263316 0.0599067 2.8996134 67 67 67
-0.8028749 0.0590804 2.8596182 101 101 101
-0.7793030 0.0582203 2.8179865 138 138 138
-0.7587881 0.0575654 2.7862911 127 127 127
-0.7357756 0.0566975 2.7442832 132 132 132
-0.7156181 0.0560254 2.7117510 151 151 151
-0.6961988 0.0553902 2.6810055 137 137 137
-0.6770664 0.0547572 2.6503677 104 104 104
-0.6532447 0.0537174 2.6000371 65 65 65
-0.6354688 0.0531477 2.5724626 63 63 63
-0.6091546 0.0518317 2.5087659 71 71 71
-0.5897317 0.0510659 2.4717004 68 68 68
-0.5752923 0.0507119 2.4545643 89 89 89
-0.5584784 0.0501317 2.4264829 98 98 98
-0.5419070 0.0495521 2.3984268 91 91 91
-0.5260423 0.0490162 2.3724914 99 99 99
-0.5101427 0.0484563 2.3453891 98 98 98
-0.4947455 0.0479229 2.3195710 96 96 96
-0.4796917 0.0474019 2.2943535 96 96 96
-0.4648725 0.0468831 2.2692432 97 97 97
-0.4503493 0.0463730 2.2445531 83 83 83
-0.4360224 0.0458616 2.2198019 80 80 80
0.5510173 0.0470150 2.2756281 118 118 118
0.5619483 0.0471269 2.2810462 104 104 104
0.5731705 0.0472591 2.2874441 97 97 97
0.5956698 0.0475150 2.2998271 80 80 80
0.6186227 0.0477897 2.3131251 78 78 78
0.6533211 0.0481906 2.3325307 73 73 73
0.6651294 0.0483339 2.3394673 76 76 76
0.6767613 0.0484604 2.3455899 73 73 73
0.6888456 0.0486152 2.3530815 68 68 68
0.7010762 0.0487758 2.3608530 64 64 64
0.7132231 0.0489261 2.3681285 64 64 64
0.7249611 0.0490446 2.3738647 61 61 61
0.7371954 0.0491930 2.3810472 64 64 64
0.7494944 0.0493417 2.3882430 71 71 71
0.7620062 0.0495002 2.3959172 74 74 74
0.7743461 0.0496436 2.4028571 56 56 56
0.7852119 0.0496900 2.4051025 47 47 47
0.7979541 0.0498524 2.4129648 49 49 49
0.8107626 0.0500149 2.4208272 53 53 53
2.7614233 0.1565503 7.5773759 45 45 45
2.8083751 0.1556109 7.5319033 68 68 68
2.8344455 0.1552991 7.5168104 79 79 79
2.8755925 0.1558110 7.5415916 70 70 70
2.9172399 0.1563386 7.5671282 68 68 68
2.9602175 0.1569253 7.5955262 59 59 59
3.0279379 0.1571153 7.6047192 51 51 51
3.0637934 0.1573097 7.6141305 60 60 60
3.1972840 0.1591598 7.7036781 59 59 59
3.2362115 0.1594772 7.7190428 85 85 85
3.2676659 0.1594237 7.7164536 90 90 90
3.5561829 0.1668538 8.0760832 52 52 52
3.5715413 0.1659848 8.0340223 48 48 48
3.5964124 0.1655701 8.0139503 55 55 55
3.6382859 0.1659386 8.0317850 60 60 60
3.6754940 0.1660894 8.0390873 65 65 65
3.7128685 0.1662450 8.0466166 71 71 71
3.7571287 0.1667032 8.0687971 75 75 75
-6.0386343 0.2859529 11.4945860 22 22 22
-5.9913893 0.2860115 11.4969406 23 23 23
-5.9437494 0.2860520 11.4985695 44 44 44
-4.4764080 0.2190073 8.8035402 90 90 90
-4.2831283 0.2113035 8.4938679 99 99 99
-3.8620100 0.1954310 7.8558350 42 42 42
-3.8372343 0.1958573 7.8729706 41 41 41
-3.8101304 0.1961712 7.8855872 44 44 44
-2.7604611 0.1472683 5.9198146 111 111 111
-2.6770444 0.1441214 5.7933178 121 121 121
-2.5862184 0.1405140 5.6483088 122 122 122
-2.5017130 0.1371861 5.5145369 115 115 115
-2.4293275 0.1344667 5.4052210 114 114 114
-2.3529830 0.1314745 5.2849426 115 115 115
-2.2885752 0.1290984 5.1894307 114 114 114
-2.2165849 0.1262446 5.0747147 121 121 121
-2.0657132 0.1211610 4.8703656 114 114 114
-1.8397886 0.1135548 4.5646148 140 140 140
-1.6301495 0.1061695 4.2677450 63 63 63
-1.6159410 0.1064190 4.2777739 90 90 90
-1.6007525 0.1066088 4.2854052 91 91 91
-1.4408920 0.0981790 3.9465470 86 86 86
-1.3983917 0.0963965 3.8748956 89 89 89
-1.3578737 0.0947101 3.8071077 96 96 96
-1.3175565 0.0929976 3.7382677 101 101 101
-1.2821928 0.0915974 3.6819847 111 111 111
-1.2429881 0.0898852 3.6131570 120 120 120
-1.2094311 0.0885439 3.5592411 112 112 112
-1.1746554 0.0870786 3.5003393 132 132 132
-1.1412551 0.0856792 3.4440887 137 137 137
-1.1078622 0.0842444 3.3864107 101 101 101
-1.0770777 0.0829729 3.3353033 51 51 51
-1.0330102 0.0806311 3.2411671 61 61 61
-1.0081828 0.0797484 3.2056832 118 118 118
-0.9780481 0.0784161 3.1521304 147 147 147
-0.9531349 0.0774716 3.1141617 144 144 144
-0.9248464 0.0762224 3.0639503 142 142 142
-0.8975636 0.0750220 3.0156949 146 146 146
-0.8754598 0.0742261 2.9837034 78 78 78
-0.8486947 0.0730061 2.9346607 99 99 99
-0.8271155 0.0722026 2.9023643 66 66 66
-0.8033115 0.0711779 2.8611732 105 105 105
-0.7803434 0.0701972 2.8217487 143 143 143
-0.7581490 0.0692567 2.7839441 134 134 134
-0.7363036 0.0683190 2.7462521 136 136 136
-0.7164074 0.0675351 2.7147422 147 147 147
-0.6971057 0.0667827 2.6844978 147 147 147
-0.6751714 0.0657491 2.6429496 116 116 116
-0.6540200 0.0647584 2.6031232 69 69 69
-0.6360120 0.0640503 2.5746615 63 63 63
-0.6091014 0.0624056 2.5085466 68 68 68
-0.5902509 0.0615431 2.4738767 66 66 66
-0.5761592 0.0611547 2.4582632 90 90 90
-0.5592771 0.0604504 2.4299533 101 101 101
-0.5425118 0.0597327 2.4011040 96 96 96
-0.5265397 0.0590767 2.3747344 99 99 99
-0.5101362 0.0583459 2.3453593 92 92 92
-0.4954252 0.0577837 2.3227577 97 97 97
-0.4801508 0.0571317 2.2965496 95 95 95
-0.4654115 0.0565178 2.2718744 95 95 95
-0.4507598 0.0558890 2.2465987 77 77 77
-0.4365823 0.0552933 2.2226524 70 70 70
-0.4225833 0.0546946 2.1985831 92 92 92
-0.4088179 0.0540998 2.1746774 96 96 96
-0.3954327 0.0535293 2.1517434 89 89 89
-0.3823080 0.0529681 2.1291826 96 96 96
0.4849732 0.0556398 2.2365808 70 70 70
0.4956081 0.0557753 2.2420247 64 64 64
0.5065548 0.0559400 2.2486489 60 60 60
0.5174741 0.0560958 2.2549095 61 61 61
0.5282660 0.0562324 2.2603998 61 61 61
0.5394225 0.0564022 2.2672276 59 59 59
0.5507405 0.0565828 2.2744849 56 56 56
0.5620329 0.0567545 2.2813897 59 59 59
0.5734212 0.0569301 2.2884448 63 63 63
0.5844032 0.0570601 2.2936714 71 71 71
0.5958638 0.0572319 2.3005762 76 76 76
0.6072978 0.0573956 2.3071582 77 77 77
0.6188530 0.0575655 2.3139861 67 67 67
0.6306543 0.0577526 2.3215077 64 64 64
0.6422675 0.0579170 2.3281176 65 65 65
0.6535797 0.0580498 2.3334541 71 71 71
0.6656010 0.0582406 2.3411262 76 76 76
0.6773273 0.0584005 2.3475516 75 75 75
0.6893197 0.0585783 2.3547008 68 68 68
0.7014446 0.0587622 2.3620932 58 58 58
0.7135729 0.0589413 2.3692904 61 61 61
0.7255172 0.0591004 2.3756855 63 63 63
0.7381598 0.0593112 2.3841622 63 63 63
0.7499818 0.0594514 2.3897963 65 65 65
0.7624803 0.0596408 2.3974078 66 66 66
0.7749617 0.0598238 2.4047675 58 58 58
0.7860957 0.0598995 2.4078095 55 55 55
0.7988235 0.0600932 2.4155941 52 52 52
0.8108916 0.0602329 2.4212120 50 50 50
0.8238400 0.0604338 2.4292867 48 48 48
2.6547837 0.1900193 7.6382966 66 66 66
2.6791170 0.1894622 7.6159048 72 72 72
2.7007313 0.1887284 7.5864058 71 71 71
2.7211323 0.1879279 7.5542288 73 73 73
2.7505941 0.1877645 7.5476604 59 59 59
2.7755797 0.1873028 7.5290990 74 74 74
2.8045619 0.1871181 7.5216761 91 91 91
2.8304563 0.1867339 7.5062313 87 87 87
2.8707168 0.1872954 7.5288043 74 74 74
2.9108713 0.1878379 7.5506086 75 75 75
2.9524944 0.1884623 7.5757093 69 69 69
3.0362895 0.1897058 7.6256948 79 79 79
3.0731313 0.1899954 7.6373372 76 76 76
3.1110365 0.1903441 7.6513529 76 76 76
3.1944821 0.1914779 7.6969271 61 61 61
3.2298782 0.1916522 7.7039361 77 77 77
3.2656822 0.1918471 7.7117691 81 81 81
3.2986853 0.1918752 7.7128987 76 76 76
3.5836926 0.1986594 7.9856062 64 64 64
3.6182084 0.1987056 7.9874625 64 64 64
3.6631451 0.1993179 8.0120773 61 61 61
3.7005191 0.1995113 8.0198526 68 68 68
3.7395370 0.1997891 8.0310173 68 68 68
-5.8468637 0.3264247 11.2196093 23 23 23
-5.8031063 0.3266248 11.2264862 38 38 38
-4.4985161 0.2573963 8.8470192 90 90 90
-4.2979107 0.2479746 8.5231829 97 97 97
-3.8811831 0.2296934 7.8948355 41 41 41
-3.8560112 0.2301781 7.9114962 42 42 42
-3.8284557 0.2305277 7.9235139 41 41 41
-3.1635609 0.1938757 6.6637392 77 77 77
-2.7796874 0.1734314 5.9610457 103 103 103
-2.5900507 0.1645761 5.6566787 126 126 126
-2.5053809 0.1606759 5.5226221 119 119 119
-2.4354484 0.1576564 5.4188404 122 122 122
-2.3561409 0.1539672 5.2920356 121 121 121
-2.2913523 0.1511652 5.1957278 114 114 114
-2.2195792 0.1478439 5.0815697 120 120 120
-2.1006756 0.1426788 4.9040399 143 143 143
-2.0448301 0.1402666 4.8211298 142 142 142
-2.0170953 0.1397536 4.8034968 139 139 139
-1.6307490 0.1242120 4.2693148 57 57 57
-1.6165434 0.1245045 4.2793684 85 85 85
-1.6022254 0.1247949 4.2893486 93 93 93
-1.4425650 0.1149547 3.9511292 90 90 90
-1.3993405 0.1128132 3.8775246 108 108 108
-1.3600166 0.1109393 3.8131158 103 103 103
-1.3156544 0.1086046 3.7328706 105 105 105
-1.2836225 0.1072436 3.6860902 112 112 112
-1.2461722 0.1053909 3.6224124 116 116 116
-1.2109071 0.1036794 3.5635850 103 103 103
-1.1763334 0.1019848 3.5053394 133 133 133
-1.1421685 0.1002830 3.4468451 135 135 135
-1.1096467 0.0986834 3.3918653 101 101 101
-1.0736680 0.0967305 3.3247445 56 56 56
-1.0343651 0.0944226 3.2454181 60 60 60
-1.0092771 0.0933678 3.2091627 115 115 115
-0.9790699 0.0918043 3.1554236 144 144 144
-0.9539105 0.0906776 3.1166961 147 147 147
-0.9258105 0.0892359 3.0671442 142 142 142
-0.8991006 0.0878893 3.0208590 138 138 138
-0.8765795 0.0869193 2.9875195 81 81 81
-0.8488516 0.0853972 2.9352031 93 93 93
-0.8276973 0.0845011 2.9044054 67 67 67
-0.8024805 0.0831572 2.8582132 103 103 103
-0.7808507 0.0821497 2.8235831 150 150 150
-0.7602856 0.0812247 2.7917898 149 149 149
-0.7370848 0.0799846 2.7491660 154 154 154
-0.7170989 0.0790593 2.7173624 145 145 145
-0.6978790 0.0781898 2.6874757 133 133 133
-0.6760185 0.0769908 2.6462660 102 102 102
-0.6549820 0.0758470 2.6069522 67 67 67
-0.6364499 0.0749591 2.5764344 61 61 61
-0.5911252 0.0720819 2.4775414 78 78 78
-0.5767710 0.0715970 2.4608731 94 94 94
-0.5600626 0.0707967 2.4333661 106 106 106
-0.5433426 0.0699650 2.4047811 90 90 90
-0.5273764 0.0692006 2.3785079 91 91 91
-0.5108473 0.0683313 2.3486283 89 89 89
-0.4959312 0.0676476 2.3251300 98 98 98
-0.4790325 0.0666605 2.2912006 97 97 97
-0.4639272 0.0658874 2.2646294 96 96 96
-0.4499259 0.0652419 2.2424426 82 82 82
-0.4368692 0.0647086 2.2241130 74 74 74
-0.4231879 0.0640574 2.2017288 97 97 97
-0.4092395 0.0633356 2.1769199 88 88 88
-0.3959105 0.0626787 2.1543431 72 72 72
-0.3826557 0.0620030 2.1311188 87 87 87
-0.3697024 0.0613449 2.1084971 95 95 95
-0.3571058 0.0607149 2.0868452 104 104 104
0.3198498 0.0623018 2.1413870 95 95 95
0.3396145 0.0626161 2.1521890 95 95 95
0.3495669 0.0627735 2.1575999 94 94 94
0.3799582 0.0632892 2.1753244 84 84 84
0.3903134 0.0634814 2.1819315 86 86 86
0.4004096 0.0636236 2.1868205 83 83 83
0.4108953 0.0638199 2.1935678 83 83 83
0.4214618 0.0640199 2.2004409 88 88 88
0.4317181 0.0641651 2.2054324 79 79 79
0.4423211 0.0643547 2.2119474 73 73 73
0.4529637 0.0645420 2.2183871 74 74 74
0.4633958 0.0646924 2.2235565 70 70 70
0.4741543 0.0648815 2.2300558 64 64 64
0.4852464 0.0651080 2.2378409 65 65 65
0.4960721 0.0652908 2.2441235 58 58 58
0.5067444 0.0654470 2.2494903 56 56 56
0.5177862 0.0656442 2.2562699 61 61 61
0.5288808 0.0658409 2.2630305 64 64 64
0.5401689 0.0660543 2.2703652 64 64 64
0.5509465 0.0661989 2.2753356 60 60 60
0.5622426 0.0663998 2.2822409 67 67 67
0.5735994 0.0666010 2.2891560 65 65 65
0.5850145 0.0668022 2.2960708 64 64 64
0.5964854 0.0670031 2.3029761 72 72 72
0.6076055 0.0671588 2.3083270 72 72 72
0.6191477 0.0673555 2.3150878 66 66 66
0.6309735 0.0675764 2.3226826 63 63 63
0.6426235 0.0677721 2.3294084 64 64 64
0.6544536 0.0679806 2.3365743 74 74 74
0.6662178 0.0681762 2.3432958 76 76 76
0.6776191 0.0683294 2.3485630 72 72 72
0.6896341 0.0685392 2.3557751 68 68 68
0.7018794 0.0687656 2.3635576 69 69 69
0.7140594 0.0689794 2.3709054 70 70 70
0.7261050 0.0691745 2.3776102 71 71 71
0.7384897 0.0693961 2.3852279 68 68 68
0.7509671 0.0696204 2.3929360 65 65 65
0.7634219 0.0698366 2.4003685 68 68 68
0.7751825 0.0699845 2.4054525 56 56 56
0.7866768 0.0701049 2.4095895 50 50 50
0.7992941 0.0703210 2.4170167 52 52 52
0.8121923 0.0705561 2.4250958 46 46 46
0.8248588 0.0707654 2.4322910 47 47 47
2.6532884 0.2221044 7.6339951 68 68 68
2.6763003 0.2213452 7.6078982 69 69 69
2.7004182 0.2206943 7.5855265 90 90 90
2.7425814 0.2189529 7.5256729 87 87 87
2.7657967 0.2182805 7.5025611 89 89 89
2.7973237 0.2182718 7.5022640 92 92 92
2.8294261 0.2183078 7.5034990 97 97 97
2.8652322 0.2186255 7.5144205 89 89 89
2.9048784 0.2192261 7.5350637 90 90 90
2.9448438 0.2198375 7.5560789 84 84 84
2.9881101 0.2206797 7.5850239 73 73 73
3.0371194 0.2219236 7.6277790 90 90 90
3.0743825 0.2222921 7.6404467 95 95 95
3.1084449 0.2224240 7.6449795 89 89 89
3.1422830 0.2225373 7.6488729 92 92 92
3.1778731 0.2227711 7.6569090 82 82 82
3.2184792 0.2233483 7.6767473 73 73 73
3.2610857 0.2240514 7.7009149 77 77 77
3.3063488 0.2249214 7.7308168 68 68 68
3.3304522 0.2243490 7.7111435 63 63 63
3.5353074 0.2335873 8.0286751 55 55 55
3.5746539 0.2317483 7.9654655 68 68 68
3.6069005 0.2316620 7.9624996 73 73 73
3.6508014 0.2323189 7.9850798 73 73 73
3.6893592 0.2326269 7.9956665 75 75 75
3.7335277 0.2332800 8.0181112 64 64 64
-5.7054844 0.3647002 10.9483147 28 28 28
-4.5188837 0.2960381 8.8870754 91 91 91
-4.3105264 0.2847498 8.5482006 94 94 94
-3.8939052 0.2638475 7.9207139 43 43 43
-3.8690484 0.2644315 7.9382448 39 39 39
-3.8434927 0.2649775 7.9546351 40 40 40
-3.1736572 0.2226848 6.6850061 94 94 94
-2.5090146 0.1842313 5.5306320 126 126 126
-2.4390297 0.1807728 5.4268084 127 127 127
-2.3589962 0.1764970 5.2984486 122 122 122
-2.2940328 0.1732778 5.2018061 118 118 118
-2.1033208 0.1635646 4.9102154 140 140 140
-2.0343609 0.1597748 4.7964463 126 126 126
-1.9807421 0.1571259 4.7169256 133 133 133
-1.9402405 0.1554743 4.6673460 142 142 142
-1.9166294 0.1551563 4.6577973 144 144 144
-1.6313574 0.1422685 4.2709074 60 60 60
-1.6168031 0.1425733 4.2800560 72 72 72
-1.6026527 0.1429209 4.2904921 93 93 93
-1.4442415 0.1317693 3.9557211 93 93 93
-1.3959010 0.1288470 3.8679938 103 103 103
-1.3561745 0.1266602 3.8023438 103 103 103
-1.3180220 0.1245697 3.7395885 89 89 89
-1.2845594 0.1228772 3.6887803 90 90 90
-1.2481345 0.1208565 3.6281164 104 104 104
-1.2132721 0.1189387 3.5705450 102 102 102
-1.1773171 0.1168643 3.5082710 127 127 127
-1.1439195 0.1149941 3.4521294 138 138 138
-1.1109306 0.1131174 3.3957896 105 105 105
-1.0748819 0.1108760 3.3285036 53 53 53
-1.0313224 0.1077904 3.2358713 64 64 64
-1.0098794 0.1069645 3.2110777 107 107 107
-0.9803178 0.1052445 3.1594455 147 147 147
-0.9552534 0.1039666 3.1210833 153 153 153
-0.9271787 0.1023209 3.0716770 144 144 144
-0.8997114 0.1006964 3.0229113 143 143 143
-0.8779414 0.0996721 2.9921610 80 80 80
-0.8500172 0.0979090 2.9392335 97 97 97
-0.8291072 0.0969137 2.9093530 67 67 67
-0.8027125 0.0952377 2.8590398 102 102 102
-0.7818310 0.0941747 2.8271277 146 146 146
-0.7599908 0.0929615 2.7907076 147 147 147
-0.7378512 0.0916729 2.7520247 155 155 155
-0.7172316 0.0905350 2.7178655 152 152 152
-0.6985173 0.0896046 2.6899338 140 140 140
-0.6765718 0.0882221 2.6484320 112 112 112
-0.6553947 0.0868951 2.6085947 68 68 68
-0.6370275 0.0859017 2.5787725 62 62 62
-0.6089041 0.0835353 2.5077345 79 79 79
-0.5919191 0.0826404 2.4808686 75 75 75
-0.5773090 0.0820508 2.4631689 89 89 89
-0.5607491 0.0811574 2.4363487 105 105 105
-0.5441805 0.0802294 2.4084892 92 92 92
-0.5278442 0.0793009 2.3806179 88 88 88
-0.5102054 0.0781370 2.3456771 92 92 92
-0.4947335 0.0772655 2.3195148 97 97 97
-0.4796462 0.0764201 2.2941360 104 104 104
-0.4648651 0.0755897 2.2692075 103 103 103
-0.4503518 0.0747689 2.2445655 83 83 83
-0.4356921 0.0738880 2.2181201 74 74 74
-0.4097471 0.0726055 2.1796203 92 92 92
-0.3960934 0.0717966 2.1553383 79 79 79
-0.3829766 0.0710494 2.1329060 79 79 79
-0.3699781 0.0702887 2.1100693 103 103 103
-0.3573726 0.0695670 2.0884042 105 105 105
-0.3450270 0.0688607 2.0672011 105 105 105
-0.3327880 0.0681396 2.0455537 94 94 94
0.1954382 0.0688586 2.0671368 110 110 110
0.2235466 0.0694668 2.0853963 97 97 97
0.2328579 0.0696215 2.0900393 98 98 98
0.2423822 0.0698262 2.0961852 96 96 96
0.2518477 0.0700002 2.1014090 88 88 88
0.2615141 0.0702163 2.1078963 88 88 88
0.2709440 0.0703568 2.1121140 87 87 87
0.2807959 0.0705944 2.1192477 88 88 88
0.2903755 0.0707510 2.1239495 84 84 84
0.3002070 0.0709578 2.1301575 77 77 77
0.3098519 0.0711098 2.1347196 72 72 72
0.3199289 0.0713495 2.1419163 74 74 74
0.3298885 0.0715507 2.1479545 88 88 88
0.3397660 0.0717237 2.1531487 85 85 85
0.3499640 0.0719536 2.1600509 87 87 87
0.3600059 0.0721406 2.1656637 83 83 83
0.3701667 0.0723416 2.1716971 77 77 77
0.3800408 0.0724781 2.1757970 78 78 78
0.3903850 0.0726958 2.1823320 83 83 83
0.4008366 0.0729230 2.1891522 78 78 78
0.4110100 0.0730905 2.1941805 81 81 81
0.4216376 0.0733296 2.2013583 87 87 87
0.4321716 0.0735425 2.2077489 84 84 84
0.4425451 0.0737197 2.2130680 72 72 72
0.4532395 0.0739419 2.2197380 72 72 72
0.4640161 0.0741682 2.2265329 71 71 71
0.4744732 0.0743355 2.2315557 73 73 73
0.4853377 0.0745589 2.2382617 80 80 80
0.4963529 0.0747965 2.2453942 70 70 70
0.5074142 0.0750320 2.2524638 72 72 72
0.5180136 0.0751918 2.2572606 70 70 70
0.5291629 0.0754242 2.2642376 67 67 67
0.5404230 0.0756639 2.2714329 66 66 66
0.5516573 0.0758917 2.2782710 62 62 62
0.5625828 0.0760699 2.2836215 72 72 72
0.5740855 0.0763189 2.2910957 68 68 68
0.5854123 0.0765366 2.2976322 65 65 65
0.5967808 0.0767526 2.3041167 69 69 69
0.6083707 0.0769897 2.3112342 67 67 67
0.6194528 0.0771561 2.3162286 61 61 61
0.6312073 0.0773997 2.3235435 66 66 66
0.6429306 0.0776322 2.3305216 69 69 69
0.6548434 0.0778802 2.3379660 72 72 72
0.6669620 0.0781449 2.3459134 70 70 70
0.6785806 0.0783442 2.3518958 69 69 69
0.6905507 0.0785777 2.3589063 69 69 69
0.7027261 0.0788276 2.3664086 71 71 71
0.7143031 0.0790044 2.3717146 72 72 72
0.7263505 0.0792275 2.3784144 76 76 76
0.7386701 0.0794739 2.3858104 80 80 80
0.7511441 0.0797301 2.3934999 77 77 77
0.7636487 0.0799826 2.4010818 71 71 71
0.7753437 0.0801449 2.4059527 54 54 54
0.7870140 0.0803004 2.4106224 56 56 56
0.7996817 0.0805525 2.4181888 49 49 49
0.8124653 0.0808097 2.4259112 52 52 52
0.8252352 0.0810592 2.4334009 83 83 83
2.7142355 0.2510017 7.5350828 90 90 90
2.7594838 0.2493480 7.4854364 115 115 115
2.7920699 0.2494391 7.4881735 122 122 122
2.8263550 0.2496783 7.4953547 112 112 112
2.8618903 0.2500215 7.5056558 101 101 101
2.8999524 0.2505755 7.5222859 100 100 100
2.9394076 0.2512365 7.5421305 87 87 87
2.9825187 0.2521925 7.5708308 70 70 70
3.0291836 0.2534256 7.6078482 76 76 76
3.0684083 0.2540169 7.6255989 84 84 84
3.1048095 0.2543646 7.6360378 78 78 78
3.1398935 0.2545985 7.6430569 81 81 81
3.1747403 0.2548084 7.6493607 78 78 78
3.2109129 0.2551196 7.6587000 76 76 76
3.2521844 0.2558255 7.6798944 80 80 80
3.2936399 0.2565320 7.7011018 86 86 86
3.3322971 0.2570088 7.7154155 76 76 76
3.5465450 0.2657489 7.9777946 87 87 87
3.5754957 0.2654007 7.9673409 84 84 84
3.6026506 0.2649269 7.9531178 86 86 86
3.6440933 0.2655028 7.9704070 77 77 77
3.6862326 0.2661186 7.9888906 60 60 60
-4.5407753 0.3351301 8.9301281 93 93 93
-4.3287954 0.3221567 8.5844307 94 94 94
-3.9119682 0.2986276 7.9574566 44 44 44
-3.8837583 0.2990393 7.9684258 42 42 42
-3.8576701 0.2996229 7.9839773 42 42 42
-3.1833260 0.2516394 6.7053728 94 94 94
-3.0731089 0.2451040 6.5312252 95 95 95
-2.9797964 0.2398108 6.3901796 92 92 92
-2.8686023 0.2329689 6.2078633 116 116 116
-2.3626225 0.1991460 5.3065934 125 125 125
-2.1278131 0.1845991 4.9189677 119 119 119
-2.1039071 0.1843220 4.9115834 136 136 136
-2.0368059 0.1802175 4.8022103 124 124 124
-1.9769175 0.1766751 4.7078176 115 115 115
-1.9182432 0.1731705 4.6144304 131 131 131
-1.8781627 0.1712897 4.5643153 143 143 143
-1.8540128 0.1708380 4.5522780 145 145 145
-1.6318200 0.1603242 4.2721186 53 53 53
-1.6174001 0.1606814 4.2816362 75 75 75
-1.6031634 0.1610650 4.2918596 93 93 93
-1.4450086 0.1485293 3.9578223 85 85 85
-1.3978696 0.1453629 3.8734488 101 101 101
-1.3579988 0.1428864 3.8074584 100 100 100
-1.3195809 0.1405054 3.7440114 78 78 78
-1.2812974 0.1380811 3.6794136 81 81 81
-1.2486688 0.1362143 3.6296697 75 75 75
-1.2142488 0.1341034 3.5734193 106 106 106
-1.1790928 0.1318571 3.5135622 115 115 115
-1.1451491 0.1296909 3.4558401 127 127 127
-1.1120710 0.1275681 3.3992758 105 105 105
-1.0761909 0.1250643 3.3325572 57 57 57
-1.0323280 0.1215543 3.2390265 61 61 61
-1.0109646 0.1206349 3.2145286 105 105 105
-0.9812750 0.1186835 3.1625302 145 145 145
-0.9526894 0.1168137 3.1127062 145 145 145
-0.9279139 0.1153654 3.0741127 144 144 144
-0.9006557 0.1135630 3.0260842 141 141 141
-0.8781317 0.1123142 2.9928095 79 79 79
-0.8505389 0.1103713 2.9410374 95 95 95
-0.8036497 0.1074194 2.8623774 99 99 99
-0.7823813 0.1061712 2.8291178 148 148 148
-0.7617068 0.1049662 2.7970083 151 151 151
-0.7384949 0.1033681 2.7544255 153 153 153
-0.7184011 0.1021624 2.7222972 150 150 150
-0.6964381 0.1006474 2.6819267 139 139 139
-0.6773464 0.0995042 2.6514640 117 117 117
-0.6561376 0.0980064 2.6115520 71 71 71
-0.6375191 0.0968509 2.5807624 67 67 67
-0.6096101 0.0942194 2.5106418 83 83 83
-0.5924591 0.0931870 2.4831316 92 92 92
-0.5777283 0.0925050 2.4649580 76 76 76
-0.5614623 0.0915477 2.4394479 85 85 85
-0.5447502 0.0904805 2.4110110 85 85 85
-0.5264056 0.0890964 2.3741295 90 90 90
-0.5108798 0.0881450 2.3487780 85 85 85
-0.4952693 0.0871411 2.3220265 103 103 103
-0.4801379 0.0861826 2.2964876 101 101 101
-0.4652554 0.0852304 2.2711127 99 99 99
-0.4510919 0.0843725 2.2482538 93 93 93
-0.4363500 0.0833674 2.2214699 68 68 68
-0.4223832 0.0824694 2.1975427 101 101 101
-0.4087029 0.0815884 2.1740656 95 95 95
-0.3834711 0.0801471 2.1356602 80 80 80
-0.3704075 0.0792786 2.1125183 100 100 100
-0.3577160 0.0784490 2.0904107 105 105 105
-0.3452743 0.0776336 2.0686829 106 106 106
-0.3330770 0.0768322 2.0473301 96 96 96
-0.3210643 0.0760320 2.0260067 98 98 98
-0.3104410 0.0755260 2.0125239 112 112 112
-0.2987662 0.0747286 1.9912754 120 120 120
-0.2874460 0.0739764 1.9712297 124 124 124
0.0284348 0.0739843 1.9714404 135 135 135
0.0368242 0.0741372 1.9755156 140 140 140
0.0452574 0.0743056 1.9800022 113 113 113
0.0537579 0.0745147 1.9855759 102 102 102
0.0622733 0.0746854 1.9901240 100 100 100
0.0708044 0.0748322 1.9940360 96 96 96
0.0794881 0.0750919 2.0009561 91 91 91
0.0881318 0.0752677 2.0056393 95 95 95
0.0968802 0.0754942 2.0116761 98 98 98
0.1056236 0.0756807 2.0166442 92 92 92
0.1143681 0.0758401 2.0208933 95 95 95
0.1232650 0.0760715 2.0270584 100 100 100
0.1321307 0.0762549 2.0319445 100 100 100
0.1410675 0.0764544 2.0372610 102 102 102
0.1500962 0.0766780 2.0432193 101 101 101
0.1590907 0.0768608 2.0480902 100 100 100
0.1681212 0.0770413 2.0528994 103 103 103
0.1773205 0.0772776 2.0591972 99 99 99
0.1863983 0.0774414 2.0635614 107 107 107
0.1957174 0.0776864 2.0700893 104 104 104
0.2049203 0.0778663 2.0748832 96 96 96
0.2143332 0.0781080 2.0813239 87 87 87
0.2236482 0.0782964 2.0863442 84 84 84
0.2329481 0.0784654 2.0908492 82 82 82
0.2425020 0.0787046 2.0972221 83 83 83
0.2518746 0.0788701 2.1016331 81 81 81
0.2616775 0.0791546 2.1092134 80 80 80
0.2713602 0.0793852 2.1153581 84 84 84
0.2809995 0.0795888 2.1207843 82 82 82
0.2907234 0.0798032 2.1264949 78 78 78
0.3003137 0.0799690 2.1309147 78 78 78
0.3101984 0.0802014 2.1371071 87 87 87
0.3199771 0.0803940 2.1422396 82 82 82
0.3300923 0.0806583 2.1492815 87 87 87
0.3399752 0.0808532 2.1544747 87 87 87
0.3502117 0.0811198 2.1615801 81 81 81
0.3601205 0.0812990 2.1663537 83 83 83
0.3703691 0.0815441 2.1728845 75 75 75
0.3806483 0.0817839 2.1792750 78 78 78
0.3907154 0.0819679 2.1841788 69 69 69
0.4011615 0.0822212 2.1909266 74 74 74
0.4112082 0.0823830 2.1952386 81 81 81
0.4219593 0.0826757 2.2030377 72 72 72
0.4324456 0.0829050 2.2091489 65 65 65
0.4431387 0.0831635 2.2160363 65 65 65
0.4535124 0.0833525 2.2210746 71 71 71
0.4643421 0.0836161 2.2280974 67 67 67
0.4751201 0.0838601 2.2345982 76 76 76
0.4857427 0.0840676 2.2401295 78 78 78
0.4965918 0.0843058 2.2464745 77 77 77
0.5076894 0.0845763 2.2536850 71 71 71
0.6206706 0.0870944 2.3207824 37 37 37
0.6320183 0.0873100 2.3265290 59 59 59
0.6433252 0.0875136 2.3319519 61 61 61
0.6550483 0.0877667 2.3386974 62 62 62
0.6670478 0.0880488 2.3462150 64 64 64
0.6788834 0.0883014 2.3529451 73 73 73
0.6910429 0.0885882 2.3605874 73 73 73
0.7031425 0.0888593 2.3678110 73 73 73
0.7153288 0.0891336 2.3751202 68 68 68
0.7274572 0.0893932 2.3820379 66 66 66
0.7392060 0.0895997 2.3875413 70 70 70
0.7517510 0.0898959 2.3954337 69 69 69
0.7641583 0.0901680 2.4026840 66 66 66
0.7759174 0.0903575 2.4077330 55 55 55
0.7865517 0.0904128 2.4092062 49 49 49
0.8007265 0.0908684 2.4213483 52 52 52
0.8128614 0.0910840 2.4270937 56 56 56
0.8257560 0.0913784 2.4349363 68 68 68
2.8964374 0.2819544 7.5131683 103 103 103
2.9368649 0.2827964 7.5356064 92 92 92
2.9780512 0.2836927 7.5594902 75 75 75
3.0197430 0.2846177 7.5841379 58 58 58
3.0615585 0.2855348 7.6085758 61 61 61
3.0993924 0.2860655 7.6227150 64 64 64
3.1356528 0.2864414 7.6327338 66 66 66
3.1714578 0.2867686 7.6414518 76 76 76
3.2070932 0.2870740 7.6495895 74 74 74
3.2433722 0.2874303 7.6590853 79 79 79
3.2875645 0.2884741 7.6868963 87 87 87
3.3334584 0.2896452 7.7181039 96 96 96
3.5158942 0.2996458 7.9845872 96 96 96
3.5436621 0.2991475 7.9713097 105 105 105
3.5721600 0.2987196 7.9599080 92 92 92
3.5969272 0.2979906 7.9404831 87 87 87
3.6416996 0.2989172 7.9651718 48 48 48
3.6834726 0.2995828 7.9829087 44 44 44
3.7376595 0.3012369 8.0269852 45 45 45
-4.5674000 0.3749738 8.9824905 91 91 91
-4.3553629 0.3605562 8.6371164 96 96 96
-3.9290776 0.3336367 7.9922595 44 44 44
-3.9020779 0.3342108 8.0060129 39 39 39
-3.8753870 0.3348216 8.0206451 38 38 38
-3.0990593 0.2749481 6.5863771 105 105 105
-2.9906802 0.2677322 6.4135203 104 104 104
-2.8824222 0.2603956 6.2377706 114 114 114
-2.7700288 0.2525467 6.0497518 117 117 117
-2.1652126 0.2049553 4.9097009 80 80 80
-2.1290829 0.2054647 4.9219031 89 89 89
-2.1021121 0.2048590 4.9073935 119 119 119
-2.0441906 0.2011950 4.8196216 116 116 116
-1.9808377 0.1969174 4.7171531 108 108 108
-1.9193560 0.1927410 4.6171074 116 116 116
-1.8676400 0.1894697 4.5387430 121 121 121
-1.8202691 0.1865760 4.4694252 133 133 133
-1.6331489 0.1784847 4.2755976 82 82 82
-1.6179724 0.1788000 4.2831516 88 88 88
-1.6036714 0.1792203 4.2932196 90 90 90
-1.4462754 0.1653640 3.9612918 74 74 74
-1.3996726 0.1619056 3.8784451 95 95 95
-1.3598815 0.1591626 3.8127372 98 98 98
-1.3210077 0.1564627 3.7480597 89 89 89
-1.2829576 0.1537960 3.6841807 79 79 79
-1.2465626 0.1512649 3.6235473 78 78 78
-1.2161067 0.1494005 3.5788867 105 105 105
-1.1812955 0.1469476 3.5201261 111 111 111
-1.1471198 0.1445122 3.4617870 109 109 109
-1.1135486 0.1420912 3.4037924 90 90 90
-1.0780894 0.1393629 3.3384359 59 59 59
-1.0332274 0.1353309 3.2418485 61 61 61
-1.0113540 0.1342421 3.2157664 105 105 105
-0.9826240 0.1322012 3.1668777 145 145 145
-0.9534173 0.1300391 3.1150844 142 142 142
-0.9291040 0.1284933 3.0780551 143 143 143
-0.9016030 0.1264566 3.0292666 144 144 144
-0.8787945 0.1250290 2.9950683 79 79 79
-0.8514250 0.1229014 2.9441016 96 96 96
-0.8307264 0.1216880 2.9150345 68 68 68
-0.8038990 0.1195270 2.8632658 97 97 97
-0.7834033 0.1182557 2.8328133 151 151 151
-0.7600275 0.1165036 2.7908421 151 151 151
-0.7394224 0.1151278 2.7578850 152 152 152
-0.7191393 0.1137590 2.7250943 143 143 143
-0.6972818 0.1120926 2.6851759 134 134 134
-0.6778996 0.1107757 2.6536293 122 122 122
-0.6569138 0.1091481 2.6146410 71 71 71
-0.6368998 0.1076292 2.5782557 60 60 60
-0.6103228 0.1049292 2.5135772 90 90 90
-0.5930431 0.1037604 2.4855793 93 93 93
-0.5790750 0.1031394 2.4707034 66 66 66
-0.5620630 0.1019436 2.4420574 80 80 80
-0.5433781 0.1003941 2.4049380 78 78 78
-0.5273076 0.0992778 2.3781979 73 73 73
-0.5117141 0.0982098 2.3526137 78 78 78
-0.4961367 0.0971027 2.3260932 92 92 92
-0.4806153 0.0959621 2.2987714 96 96 96
-0.4658569 0.0949301 2.2740488 96 96 96
-0.4515740 0.0939536 2.2506571 89 89 89
-0.4370573 0.0928855 2.2250705 65 65 65
-0.4227597 0.0918181 2.1995010 101 101 101
-0.4091264 0.0908504 2.1763186 124 124 124
-0.3950003 0.0897262 2.1493902 86 86 86
-0.3837661 0.0892216 2.1373029 83 83 83
-0.3707987 0.0882802 2.1147494 113 113 113
-0.3579713 0.0873264 2.0919025 114 114 114
-0.3455350 0.0864223 2.0702446 110 110 110
-0.3331731 0.0854904 2.0479212 106 106 106
-0.3214024 0.0846647 2.0281403 108 108 108
-0.2989970 0.0831900 1.9928137 119 119 119
-0.2875941 0.0823313 1.9722455 117 117 117
-0.2764065 0.0814850 1.9519722 116 116 116
-0.2663061 0.0809171 1.9383681 111 111 111
-0.2555236 0.0800994 1.9187801 119 119 119
-0.0533491 0.0802655 1.9227593 97 97 97
-0.0453486 0.0804567 1.9273379 99 99 99
-0.0373366 0.0807061 1.9333131 107 107 107
-0.0292467 0.0808797 1.9374721 96 96 96
-0.0211182 0.0810400 1.9413121 91 91 91
-0.0129638 0.0812407 1.9461185 89 89 89
-0.0047719 0.0814927 1.9521562 88 88 88
0.0034682 0.0816804 1.9566523 90 90 90
0.0117463 0.0818684 1.9611547 94 94 94
0.0200786 0.0821228 1.9672501 93 93 93
0.0284315 0.0822883 1.9712144 95 95 95
0.0368360 0.0824941 1.9761455 96 96 96
0.0453034 0.0827391 1.9820129 90 90 90
0.0537849 0.0829294 1.9865724 91 91 91
0.0623065 0.0831219 1.9911840 88 88 88
0.0709166 0.0833729 1.9971950 90 90 90
0.0795163 0.0835595 2.0016663 91 91 91
0.0881665 0.0837583 2.0064285 92 92 92
0.0969181 0.0840102 2.0124633 89 89 89
0.1056580 0.0842122 2.0173025 91 91 91
0.1144329 0.0844100 2.0220387 95 95 95
0.1233661 0.0846889 2.0287211 96 96 96
0.1321776 0.0848536 2.0326660 99 99 99
0.1411325 0.0850846 2.0381994 97 97 97
0.1501541 0.0853270 2.0440071 101 101 101
0.1591697 0.0855399 2.0491068 91 91 91
0.1682985 0.0857886 2.0550642 79 79 79
0.1773895 0.0859946 2.0599983 84 84 84
0.1865038 0.0861921 2.0647297 89 89 89
0.1958352 0.0864678 2.0713356 87 87 87
0.2050786 0.0866829 2.0764863 86 86 86
0.2144244 0.0869218 2.0822096 81 81 81
0.2237339 0.0871278 2.0871439 77 77 77
0.2333007 0.0874145 2.0940135 79 79 79
0.2425956 0.0875823 2.0980310 82 82 82
0.2522036 0.0878472 2.1043787 82 82 82
0.2617604 0.0880770 2.1098819 77 77 77
0.2714733 0.0883424 2.1162400 76 76 76
0.2810409 0.0885451 2.1210973 72 72 72
0.2908163 0.0887988 2.1271744 72 72 72
0.3006104 0.0890429 2.1330206 75 75 75
0.3104432 0.0892839 2.1387935 86 86 86
0.3201872 0.0894864 2.1436458 79 79 79
0.3302965 0.0897772 2.1506109 82 82 82
0.3400483 0.0899578 2.1549377 83 83 83
0.3502765 0.0902518 2.1619797 81 81 81
0.3604685 0.0905218 2.1684470 81 81 81
0.3704936 0.0907375 2.1736150 78 78 78
0.3808311 0.0910175 2.1803217 75 75 75
0.3909138 0.0912248 2.1852880 80 80 80
0.4013267 0.0914978 2.1918292 78 78 78
0.4118023 0.0917726 2.1984100 79 79 79
0.4221356 0.0920042 2.2039585 78 78 78
0.4326702 0.0922688 2.2102962 75 75 75
0.4433807 0.0925589 2.2172461 76 76 76
0.4539440 0.0928069 2.2231882 83 83 83
0.4644429 0.0930321 2.2285810 78 78 78
0.4752690 0.0933125 2.2352984 75 75 75
0.4863686 0.0936347 2.2430162 79 79 79
0.4967021 0.0937999 2.2469735 78 78 78
0.5076069 0.0940647 2.2533188 63 63 63
0.6216301 0.0970308 2.3243701 42 42 42
0.6324751 0.0971911 2.3282104 56 56 56
0.6442140 0.0974817 2.3351734 57 57 57
0.6559505 0.0977633 2.3419187 78 78 78
0.6677824 0.0980505 2.3487990 85 85 85
0.6791531 0.0982627 2.3538799 85 85 85
0.6914240 0.0985970 2.3618891 80 80 80
0.7034458 0.0988868 2.3688323 71 71 71
0.7156667 0.0991962 2.3762419 74 74 74
0.7279078 0.0994997 2.3835135 71 71 71
0.7402336 0.0998064 2.3908603 72 72 72
0.7525700 0.1001063 2.3980434 77 77 77
0.7644835 0.1003427 2.4037063 74 74 74
0.7762702 0.1005564 2.4088275 58 58 58
0.7884737 0.1008180 2.4150932 56 56 56
0.8010681 0.1011222 2.4223812 49 49 49
0.8139665 0.1014567 2.4303935 52 52 52
3.1307166 0.3181267 7.6207180 75 75 75
3.1675014 0.3185942 7.6319189 77 77 77
3.2041817 0.3190420 7.6426449 85 85 85
3.2396505 0.3193614 7.6502962 79 79 79
3.2811749 0.3202656 7.6719561 81 81 81
3.3259690 0.3214682 7.7007637 97 97 97
3.5142894 0.3331642 7.9809427 89 89 89
3.5408967 0.3325024 7.9650888 103 103 103
3.5726748 0.3323340 7.9610548 97 97 97
3.6458664 0.3328863 7.9742856 43 43 43
3.6849210 0.3333774 7.9860482 48 48 48
3.7256405 0.3340088 8.0011730 44 44 44
-4.6002750 0.4158241 9.0471430 86 86 86
-3.9447665 0.3688064 8.0241728 47 47 47
-3.9185398 0.3695241 8.0397882 42 42 42
-3.8917732 0.3702030 8.0545588 39 39 39
-3.8668630 0.3710719 8.0734644 41 41 41
-3.1111462 0.3039032 6.6120653 104 104 104
-2.7801349 0.2790727 6.0718236 116 116 116
-2.1474843 0.2259724 4.9165139 36 36 36
-2.1295273 0.2262673 4.9229302 51 51 51
-2.1006656 0.2253980 4.9040160 114 114 114
-2.0509160 0.2222479 4.8354783 111 111 111
-1.9935321 0.2181989 4.7473836 110 110 110
-1.9218802 0.2124902 4.6231794 120 120 120
-1.8705513 0.2089345 4.5458183 117 117 117
-1.8198216 0.2053729 4.4683266 104 104 104
-1.7417477 0.2007185 4.3670607 131 131 131
-1.6335285 0.1965604 4.2765913 78 78 78
-1.6182948 0.1969011 4.2840052 75 75 75
-1.6039325 0.1973567 4.2939186 60 60 60
-1.4449615 0.1819032 3.9576933 75 75 75
-1.4016953 0.1785184 3.8840497 98 98 98
-1.3608027 0.1753594 3.8153195 102 102 102
-1.3223621 0.1724446 3.7519021 86 86 86
-1.2845726 0.1695452 3.6888185 74 74 74
-1.2474809 0.1666679 3.6262167 72 72 72
-1.2178193 0.1647242 3.5839269 102 102 102
-1.1791699 0.1615006 3.5137918 107 107 107
-1.1481857 0.1592582 3.4650037 108 108 108
-1.1147817 0.1566181 3.4075615 101 101 101
-1.0791665 0.1535942 3.3417714 59 59 59
-1.0345534 0.1491928 3.2460089 62 62 62
-1.0120788 0.1479087 3.2180710 102 102 102
-0.9833414 0.1456621 3.1691899 139 139 139
-0.9546749 0.1433641 3.1191933 143 143 143
-0.9299795 0.1416066 3.0809557 145 145 145
-0.9023695 0.1393493 3.0318420 147 147 147
-0.8791701 0.1377179 2.9963486 83 83 83
-0.8512623 0.1352907 2.9435389 93 93 93
-0.8310916 0.1340395 2.9163163 72 72 72
-0.8048825 0.1317622 2.8667686 102 102 102
-0.7840979 0.1303170 2.8353248 151 151 151
-0.7605481 0.1283603 2.7927537 153 153 153
-0.7403840 0.1269225 2.7614713 148 148 148
-0.7200798 0.1254144 2.7286582 140 140 140
-0.6979262 0.1235299 2.6876574 140 140 140
-0.6790325 0.1221697 2.6580639 126 126 126
-0.6571759 0.1202219 2.6156843 70 70 70
-0.6374474 0.1186035 2.5804725 62 62 62
-0.5929151 0.1142173 2.4850428 100 100 100
-0.5792938 0.1136012 2.4716370 63 63 63
-0.5628442 0.1123976 2.4454515 69 69 69
-0.5438838 0.1106384 2.4071763 70 70 70
-0.5278744 0.1094240 2.3807542 69 69 69
-0.5119420 0.1081788 2.3536615 73 73 73
-0.4965828 0.1070079 2.3281851 73 73 73
-0.4816201 0.1058768 2.3035774 71 71 71
-0.4669285 0.1047601 2.2792797 75 75 75
-0.4520457 0.1035526 2.2530079 78 78 78
-0.4376044 0.1023965 2.2278557 56 56 56
-0.4233223 0.1012278 2.2024283 92 92 92
-0.4096315 0.1001513 2.1790051 131 131 131
-0.3959327 0.0990233 2.1544638 78 78 78
-0.3830599 0.0980538 2.1333699 75 75 75
-0.3710096 0.0972532 2.1159523 109 109 109
-0.3576372 0.0960581 2.0899503 107 107 107
-0.3458910 0.0952505 2.0723777 105 105 105
-0.3335682 0.0942380 2.0503497 111 111 111
-0.3215430 0.0932580 2.0290277 111 111 111
-0.3098866 0.0923343 2.0089302 111 111 111
-0.2992166 0.0916608 1.9942772 108 108 108
-0.2876773 0.0906744 1.9728156 115 115 115
-0.2766119 0.0897831 1.9534228 118 118 118
-0.2656211 0.0888619 1.9333818 115 115 115
-0.2556864 0.0882470 1.9200028 116 116 116
-0.1907718 0.0845937 1.8405179 109 109 109
-0.1536433 0.0855280 1.8608444 86 86 86
-0.1465400 0.0859643 1.8703378 91 91 91
-0.1389566 0.0861526 1.8744342 99 99 99
-0.1313401 0.0863419 1.8785517 96 96 96
-0.1237200 0.0865529 1.8831447 87 87 87
-0.1160223 0.0867349 1.8871024 87 87 87
-0.1083159 0.0869367 1.8914936 90 90 90
-0.1006305 0.0871887 1.8969772 96 96 96
-0.0928454 0.0873905 1.9013679 98 98 98
-0.0849884 0.0875564 1.9049762 100 100 100
-0.0771209 0.0877449 1.9090774 90 90 90
-0.0692943 0.0880293 1.9152658 86 86 86
-0.0613305 0.0881914 1.9187925 88 88 88
-0.0533682 0.0884054 1.9234483 95 95 95
-0.0453616 0.0886094 1.9278876 98 98 98
-0.0373501 0.0888910 1.9340137 100 100 100
-0.0292572 0.0890821 1.9381726 98 98 98
-0.0211330 0.0892890 1.9426739 98 98 98
-0.0129763 0.0895337 1.9479972 96 96 96
-0.0047736 0.0897570 1.9528562 99 99 99
0.0034687 0.0899440 1.9569236 94 94 94
0.0117609 0.0902510 1.9636037 92 92 92
0.0200843 0.0904444 1.9678108 91 91 91
0.0284492 0.0906570 1.9724361 82 82 82
0.0368507 0.0908637 1.9769337 80 80 80
0.0453147 0.0911198 1.9825065 83 83 83
0.0538100 0.0913493 1.9875003 82 82 82
0.0623970 0.0916516 1.9940779 84 84 84
0.0709601 0.0918512 1.9984205 86 86 86
0.0795539 0.0920439 2.0026119 83 83 83
0.0882838 0.0923420 2.0090971 82 82 82
0.0969775 0.0925534 2.0136964 83 83 83
0.1057107 0.0927653 2.0183079 91 91 91
0.1145511 0.0930327 2.0241263 90 90 90
0.1234056 0.0932737 2.0293701 94 94 94
0.1322437 0.0934719 2.0336816 91 91 91
0.1412823 0.0937791 2.0403643 87 87 87
0.1502238 0.0939901 2.0449560 88 88 88
0.1592377 0.0942211 2.0499823 80 80 80
0.1683639 0.0944914 2.0558631 79 79 79
0.1775087 0.0947451 2.0613818 77 77 77
0.1867774 0.0950382 2.0677593 75 75 75
0.1958696 0.0952193 2.0716991 72 72 72
0.2053635 0.0955719 2.0793712 81 81 81
0.2146114 0.0957858 2.0840254 79 79 79
0.2238441 0.0959764 2.0881720 81 81 81
0.2333997 0.0962857 2.0949020 81 81 81
0.2427893 0.0965066 2.0997066 83 83 83
0.2523539 0.0967789 2.1056325 79 79 79
0.2618794 0.0970183 2.1108413 77 77 77
0.2716063 0.0973141 2.1172767 73 73 73
0.2811597 0.0975309 2.1219938 74 74 74
0.2909963 0.0978295 2.1284909 67 67 67
0.3008660 0.0981211 2.1348338 72 72 72
0.3105825 0.0983472 2.1397536 79 79 79
0.3204604 0.0986101 2.1454749 80 80 80
0.3304453 0.0988907 2.1515799 77 77 77
0.3404939 0.0991749 2.1577616 76 76 76
0.3504238 0.0994105 2.1628890 75 75 75
0.3606680 0.0997212 2.1696472 71 71 71
0.3709407 0.1000241 2.1762376 71 71 71
0.3810272 0.1002634 2.1814446 66 66 66
0.3913032 0.1005401 2.1874647 69 69 69
0.4015697 0.1008017 2.1931562 68 68 68
0.4120956 0.1011151 2.1999760 73 73 73
0.4225849 0.1014060 2.2063046 77 77 77
0.4330416 0.1016767 2.2121935 79 79 79
0.4436781 0.1019773 2.2187338 74 74 74
0.4542789 0.1022574 2.2248287 71 71 71
0.4650502 0.1025638 2.2314949 75 75 75
0.4754988 0.1027883 2.2363796 81 81 81
0.4863990 0.1030998 2.2431564 78 78 78
0.4974523 0.1034312 2.2503672 70 70 70
0.6205095 0.1066399 2.3201799 78 78 78
0.6325950 0.1070293 2.3286519 76 76 76
0.6443943 0.1073591 2.3358271 74 74 74
0.6561947 0.1076792 2.3427904 73 73 73
0.6681493 0.1080146 2.3500893 83 83 83
0.6800046 0.1083245 2.3568308 85 85 85
0.6921836 0.1086762 2.3644841 81 81 81
0.7035987 0.1088998 2.3693476 77 77 77
0.7159324 0.1092572 2.3771243 76 76 76
0.7282434 0.1096014 2.3846123 78 78 78
0.7406161 0.1099453 2.3920958 72 72 72
0.7531346 0.1103014 2.3998427 78 78 78
0.7657830 0.1106668 2.4077926 69 69 69
0.7769945 0.1108177 2.4110754 52 52 52
0.7887726 0.1110444 2.4160089 54 54 54
0.8013169 0.1113719 2.4231336 53 53 53
0.8143833 0.1117628 2.4316380 52 52 52
2.6871331 0.3469301 7.5482082 100 100 100
2.7101917 0.3458109 7.5238566 113 113 113
3.3244588 0.3537812 7.6972671 89 89 89
3.5138237 0.3667709 7.9798856 93 93 93
3.5403268 0.3660319 7.9638071 102 102 102
3.5706306 0.3656960 7.9565001 99 99 99
3.5983284 0.3651020 7.9435763 82 82 82
3.6397200 0.3658956 7.9608417 55 55 55
3.6770990 0.3662750 7.9690957 46 46 46
3.7178416 0.3669795 7.9844241 51 51 51
-4.4319086 0.4410178 8.7889147 88 88 88
-3.9607661 0.4042770 8.0567179 49 49 49
-3.9333973 0.4049571 8.0702715 41 41 41
-3.9060059 0.4056467 8.0840149 40 40 40
-3.8831511 0.4068238 8.1074715 40 40 40
-3.1203754 0.3327702 6.6316795 104 104 104
-3.0129611 0.3242208 6.4613018 108 108 108
-2.8106625 0.3080228 6.1384959 116 116 116
-2.6897109 0.2975076 5.9289412 119 119 119
-2.1317892 0.2472895 4.9281592 55 55 55
-2.1003838 0.2460450 4.9033580 106 106 106
-2.0473952 0.2422223 4.8271775 116 116 116
-1.9248067 0.2323392 4.6302190 115 115 115
-1.8733459 0.2284448 4.5526094 115 115 115
-1.8231833 0.2246297 4.4765806 115 115 115
-1.7464482 0.2197255 4.3788462 112 112 112
-1.6828313 0.2162956 4.3104906 119 119 119
-1.6523763 0.2147002 4.2786980 82 82 82
-1.6340570 0.2146640 4.2779751 48 48 48
-1.6193439 0.2151059 4.2867823 34 34 34
-1.6053332 0.2156522 4.2976685 39 39 39
-1.4037687 0.1951855 3.8897951 106 106 106
-1.3624216 0.1916762 3.8198590 100 100 100
-1.3242917 0.1885409 3.7573771 87 87 87
-1.2851183 0.1851794 3.6903856 76 76 76
-1.2498080 0.1822989 3.6329811 69 69 69
-1.2140687 0.1792835 3.5728891 99 99 99
-1.1814150 0.1766538 3.5204818 104 104 104
-1.1497651 0.1741091 3.4697702 107 107 107
-1.1164564 0.1712444 3.4126804 92 92 92
-1.0800426 0.1678224 3.3444843 57 57 57
-1.0357933 0.1630763 3.2498994 62 62 62
-1.0121287 0.1614871 3.2182300 108 108 108
-0.9846469 0.1592375 3.1733973 144 144 144
-0.9557195 0.1566889 3.1226063 137 137 137
-0.9309873 0.1547664 3.0842946 138 138 138
-0.9034463 0.1523159 3.0354598 148 148 148
-0.8802200 0.1505329 2.9999268 89 89 89
-0.8527356 0.1479591 2.9486334 92 92 92
-0.8319871 0.1464951 2.9194586 73 73 73
-0.8055475 0.1439701 2.8691370 99 99 99
-0.7851439 0.1424632 2.8391075 155 155 155
-0.7611287 0.1402442 2.7948856 154 154 154
-0.7408357 0.1386520 2.7631559 150 150 150
-0.7207137 0.1370415 2.7310605 147 147 147
-0.6988881 0.1350495 2.6913619 150 150 150
-0.6796992 0.1335096 2.6606741 130 130 130
-0.6584926 0.1315151 2.6209252 72 72 72
-0.6377409 0.1295448 2.5816605 63 63 63
-0.5941775 0.1249621 2.4903338 108 108 108
-0.5795893 0.1240872 2.4728978 68 68 68
-0.5610615 0.1223213 2.4377062 79 79 79
-0.5445085 0.1209281 2.4099410 75 75 75
-0.5283062 0.1195613 2.3827016 70 70 70
-0.5126588 0.1182695 2.3569572 63 63 63
-0.4970071 0.1169255 2.3301744 63 63 63
-0.4820208 0.1156871 2.3054936 68 68 68
-0.4670339 0.1143975 2.2797940 70 70 70
-0.4525043 0.1131681 2.2552938 57 57 57
-0.4386374 0.1120552 2.2331147 46 46 46
-0.4237851 0.1106362 2.2048359 78 78 78
-0.4100001 0.1094384 2.1809659 108 108 108
-0.3965642 0.1082810 2.1579003 70 70 70
-0.3832775 0.1071109 2.1345820 63 63 63
-0.3701744 0.1059371 2.1111891 107 107 107
-0.3587182 0.1051883 2.0962677 100 100 100
-0.3461894 0.1040793 2.0741656 100 100 100
-0.3338820 0.1029810 2.0522785 113 113 113
-0.3218105 0.1018990 2.0307157 106 106 106
-0.3099779 0.1008355 2.0095217 108 108 108
-0.2879333 0.0990818 1.9745715 109 109 109
-0.2768062 0.0980894 1.9547951 109 109 109
-0.2657783 0.0970723 1.9345262 108 108 108
-0.2559477 0.0964420 1.9219649 119 119 119
-0.2449108 0.0953011 1.8992274 112 112 112
-0.2138907 0.0922838 1.8390974 73 73 73
-0.2054090 0.0919586 1.8326167 68 68 68
-0.1981412 0.0921727 1.8368834 87 87 87
-0.1907977 0.0923676 1.8407671 85 85 85
-0.1834442 0.0925740 1.8448794 84 84 84
-0.1760416 0.0927727 1.8488410 87 87 87
-0.1686518 0.0929970 1.8533099 88 88 88
-0.1611934 0.0932033 1.8574221 93 93 93
-0.1537246 0.0934244 1.8618286 77 77 77
-0.1465823 0.0938785 1.8708770 82 82 82
-0.1390295 0.0941064 1.8754185 98 98 98
-0.1313785 0.0942912 1.8791012 91 91 91
-0.1237521 0.0945185 1.8836325 82 82 82
-0.1160780 0.0947381 1.8880088 90 90 90
-0.1084354 0.0950177 1.8935797 101 101 101
-0.1006873 0.0952419 1.8980486 97 97 97
-0.0928791 0.0954431 1.9020580 95 95 95
-0.0850417 0.0956495 1.9061702 97 97 97
-0.0772166 0.0959142 1.9114454 98 98 98
-0.0693041 0.0961194 1.9155357 96 96 96
-0.0613570 0.0963245 1.9196222 96 96 96
-0.0533958 0.0965664 1.9244441 97 97 97
-0.0454160 0.0968554 1.9302022 101 101 101
-0.0373622 0.0970781 1.9346411 104 104 104
-0.0292701 0.0972982 1.9390275 103 103 103
-0.0211375 0.0975018 1.9430850 108 108 108
-0.0129853 0.0978162 1.9493501 104 104 104
-0.0047752 0.0980241 1.9534938 102 102 102
0.0034714 0.0982716 1.9584258 96 96 96
0.0117651 0.0985665 1.9643036 91 91 91
0.0200945 0.0987924 1.9688056 87 87 87
0.0284666 0.0990352 1.9736444 87 87 87
0.0453508 0.0995592 1.9840868 81 81 81
0.0538138 0.0997376 1.9876415 77 77 77
0.1148779 0.1018582 2.0299017 62 62 62
0.1234807 0.1018935 2.0306053 95 95 95
0.1322911 0.1020844 2.0344102 98 98 98
0.1413377 0.1024233 2.0411632 92 92 92
0.1502817 0.1026531 2.0457442 91 91 91
0.1594501 0.1030030 2.0527167 88 88 88
0.1684522 0.1032150 2.0569413 85 85 85
0.1775587 0.1034670 2.0619633 79 79 79
0.1868047 0.1037730 2.0680611 73 73 73
0.1960209 0.1040358 2.0732999 73 73 73
0.2054500 0.1043844 2.0802469 79 79 79
0.2147027 0.1046185 2.0849121 80 80 80
0.2241451 0.1049230 2.0909793 81 81 81
0.2335066 0.1051680 2.0958617 80 80 80
0.2430319 0.1054662 2.1018045 82 82 82
0.2524951 0.1057174 2.1068110 80 80 80
0.2620690 0.1059963 2.1123691 78 78 78
0.2717204 0.1062872 2.1181660 78 78 78
0.2815536 0.1066284 2.1249664 76 76 76
0.2911359 0.1068565 2.1295118 75 75 75
0.3010713 0.1071966 2.1362906 69 69 69
0.3106812 0.1074045 2.1404328 72 72 72
0.3207721 0.1077622 2.1475620 76 76 76
0.3305497 0.1079979 2.1522593 77 77 77
0.3407265 0.1083480 2.1592355 77 77 77
0.3508922 0.1086764 2.1657801 80 80 80
0.3608293 0.1089191 2.1706171 77 77 77
0.3711821 0.1092722 2.1776543 71 71 71
0.3812345 0.1095220 2.1826315 74 74 74
0.3915817 0.1098426 2.1890221 70 70 70
0.4021033 0.1101963 2.1960702 70 70 70
0.4122531 0.1104345 2.2008166 69 69 69
0.4227995 0.1107661 2.2074246 73 73 73
0.4334430 0.1111083 2.2142444 72 72 72
0.4436888 0.1113362 2.2187867 70 70 70
0.4544950 0.1116925 2.2258868 68 68 68
0.4652997 0.1120340 2.2326922 64 64 64
0.4758449 0.1123007 2.2380071 66 66 66
0.4867852 0.1126484 2.2449374 70 70 70
0.4975220 0.1129367 2.2506828 69 69 69
0.5084886 0.1132654 2.2572331 66 66 66
0.6103393 0.1163504 2.3187129 76 76 76
0.6216803 0.1166437 2.3245578 75 75 75
0.6335459 0.1170248 2.3321521 77 77 77
0.6445547 0.1172383 2.3364084 86 86 86
0.6565201 0.1176169 2.3439519 81 81 81
0.6685991 0.1180042 2.3516717 87 87 87
0.6803803 0.1183285 2.3581333 72 72 72
0.6925645 0.1187124 2.3657849 57 57 57
0.7048736 0.1191066 2.3736403 52 52 52
0.7172443 0.1195000 2.3814805 51 51 51
0.7294216 0.1198507 2.3884704 46 46 46
0.7410966 0.1201105 2.3936477 44 44 44
0.7536779 0.1205083 2.4015739 41 41 41
0.7662203 0.1208893 2.4091673 37 37 37
0.7773271 0.1210368 2.4121072 49 49 49
0.7897919 0.1213893 2.4191310 56 56 56
0.8018371 0.1216690 2.4247067 54 54 54
0.8148168 0.1220818 2.4329321 52 52 52
2.5630186 0.3655969 7.2858729 109 109 109
2.7087033 0.3773313 7.5197248 114 114 114
2.7849481 0.3747897 7.4690738 97 97 97
2.8218558 0.3755097 7.4834232 137 137 137
2.8548992 0.3757053 7.4873209 125 125 125
2.8915632 0.3763678 7.5005245 110 110 110
2.9292076 0.3771423 7.5159588 103 103 103
3.7121656 0.4000377 7.9722342 46 46 46
-5.0090971 0.5228531 9.6120100 44 44 44
-4.9419432 0.5200518 9.5605106 44 44 44
-4.4579659 0.4808910 8.8405886 87 87 87
-3.9770696 0.4400557 8.0898809 48 48 48
-3.9507706 0.4409280 8.1059170 40 40 40
-3.9242973 0.4417959 8.1218719 39 39 39
-3.9014471 0.4430905 8.1456718 40 40 40
-3.1289337 0.3617250 6.6498685 105 105 105
-3.0253370 0.3529114 6.4878421 107 107 107
-2.9154062 0.3431914 6.3091502 111 111 111
-2.8215477 0.3352017 6.1622691 113 113 113
-2.6959834 0.3232617 5.9427681 121 121 121
-2.5988686 0.3145410 5.7824478 112 112 112
-2.1631050 0.2668072 4.9049220 84 84 84
-2.0999324 0.2666649 4.9023051 102 102 102
-2.0491774 0.2628068 4.8313794 120 120 120
-1.9992425 0.2589775 4.7609825 112 112 112
-1.9272131 0.2521794 4.6360078 116 116 116
-1.8758935 0.2479797 4.5588007 119 119 119
-1.8260292 0.2438873 4.4835682 118 118 118
-1.7840247 0.2407701 4.4262619 114 114 114
-1.7524673 0.2390118 4.3939381 114 114 114
-1.6889384 0.2353236 4.3261337 112 112 112
-1.6561970 0.2332814 4.2885914 72 72 72
-1.6398246 0.2335253 4.2930746 42 42 42
-1.6249380 0.2339886 4.3015909 37 37 37
-1.6133410 0.2349413 4.3191061 41 41 41
-1.4467722 0.2155517 3.9626527 68 68 68
-1.4050902 0.2117878 3.8934569 100 100 100
-1.3644636 0.2080958 3.8255839 101 101 101
-1.3260689 0.2046599 3.7624192 88 88 88
-1.2862185 0.2009134 3.6935449 71 71 71
-1.2508073 0.1977770 3.6358860 66 66 66
-1.2149718 0.1944948 3.5755470 100 100 100
-1.1851482 0.1921046 3.5316064 101 101 101
-1.1511481 0.1889680 3.4739437 107 107 107
-1.1175543 0.1858181 3.4160364 89 89 89
-1.0815903 0.1821866 3.3492770 59 59 59
-1.0370997 0.1770039 3.2539983 63 63 63
-1.0116525 0.1749759 3.2167158 100 100 100
-0.9855157 0.1727719 3.1761975 144 144 144
-0.9567493 0.1700397 3.1259708 136 136 136
-0.9321313 0.1679789 3.0880845 137 137 137
-0.9042619 0.1652654 3.0382001 145 145 145
-0.8786600 0.1628943 2.9946101 90 90 90
-0.8530284 0.1604484 2.9496458 90 90 90
-0.8293476 0.1583025 2.9101963 74 74 74
-0.8066097 0.1562749 2.8729205 96 96 96
-0.7859226 0.1545887 2.8419232 152 152 152
-0.7620525 0.1522146 2.7982779 157 157 157
-0.7416196 0.1504632 2.7660799 155 155 155
-0.7186579 0.1481345 2.7232699 151 151 151
-0.6992276 0.1464699 2.6926689 150 150 150
-0.6802691 0.1448509 2.6629050 143 143 143
-0.6572201 0.1422918 2.6158600 87 87 87
-0.6382483 0.1405433 2.5837145 62 62 62
-0.5950107 0.1356537 2.4938262 93 93 93
-0.5805646 0.1347416 2.4770589 66 66 66
-0.5615800 0.1327236 2.4399590 72 72 72
-0.5451548 0.1312463 2.4128015 76 76 76
-0.5292183 0.1298327 2.3868148 70 70 70
-0.5132389 0.1283537 2.3596239 73 73 73
-0.4976922 0.1269265 2.3333864 70 70 70
-0.4824530 0.1255216 2.3075607 68 68 68
-0.4676067 0.1241634 2.2825902 72 72 72
-0.4530041 0.1228140 2.2577846 59 59 59
-0.4385788 0.1214559 2.2328167 44 44 44
-0.4243454 0.1200924 2.2077513 58 58 58
-0.4109624 0.1189139 2.1860847 79 79 79
-0.3969364 0.1174909 2.1599255 58 58 58
-0.3836783 0.1162338 2.1368144 81 81 81
-0.3706307 0.1149814 2.1137917 101 101 101
-0.3464728 0.1129183 2.0758634 94 94 94
-0.3342645 0.1117633 2.0546298 101 101 101
-0.3221003 0.1105619 2.0325444 110 110 110
-0.3103054 0.1094251 2.0116451 107 107 107
-0.2986759 0.1082843 1.9906738 104 104 104
-0.2880612 0.1074561 1.9754483 105 105 105
-0.2768981 0.1063680 1.9554436 109 109 109
-0.2659570 0.1053009 1.9358270 105 105 105
-0.2451245 0.1034002 1.9008844 110 110 110
-0.2335087 0.1018303 1.8720243 104 104 104
-0.2240412 0.1011202 1.8589704 90 90 90
-0.2140040 0.1000922 1.8400714 83 83 83
-0.2055680 0.0997639 1.8340358 86 86 86
-0.1982078 0.0999524 1.8375009 92 92 92
-0.1908616 0.1001636 1.8413842 89 89 89
-0.1835055 0.1003873 1.8454961 94 94 94
-0.1761427 0.1006270 1.8499029 93 93 93
-0.1686953 0.1008383 1.8537872 94 94 94
-0.1612523 0.1010729 1.8581012 90 90 90
-0.1537755 0.1013093 1.8624462 81 81 81
-0.1466545 0.1018180 1.8717988 90 90 90
-0.1391129 0.1020761 1.8765433 98 98 98
-0.1314625 0.1022806 1.8803027 94 94 94
-0.1237882 0.1024916 1.8841823 88 88 88
-0.1161166 0.1027339 1.8886368 97 97 97
-0.1084627 0.1030288 1.8940567 107 107 107
-0.1007239 0.1032834 1.8987387 102 102 102
-0.0929140 0.1035029 1.9027731 99 99 99
-0.0850724 0.1037252 1.9068592 103 103 103
-0.0772445 0.1040122 1.9121355 94 94 94
-0.0693473 0.1042621 1.9167292 94 94 94
-0.0613910 0.1044773 1.9206860 93 93 93
-0.0534877 0.1048617 1.9277537 101 101 101
-0.0454462 0.1050646 1.9314830 101 101 101
-0.0373817 0.1052912 1.9356487 102 102 102
-0.0292796 0.1055092 1.9396561 106 106 106
-0.0211643 0.1058297 1.9455488 109 109 109
-0.0129881 0.1060593 1.9497702 108 108 108
-0.0047771 0.1063042 1.9542720 101 101 101
0.0034732 0.1065870 1.9594705 91 91 91
0.1236035 0.1105663 2.0326254 77 77 77
0.1324921 0.1108316 2.0375021 107 107 107
0.1414232 0.1110979 2.0423987 109 109 109
0.1503834 0.1113553 2.0471294 108 108 108
0.1595352 0.1117188 2.0538127 102 102 102
0.1685190 0.1119334 2.0577569 98 98 98
0.1777451 0.1122799 2.0641277 92 92 92
0.1869100 0.1125573 2.0692270 84 84 84
0.1961033 0.1128262 2.0741713 85 85 85
0.2054909 0.1131793 2.0806608 85 85 85
0.2147481 0.1134345 2.0853531 83 83 83
0.2242552 0.1137964 2.0920062 86 86 86
0.2336365 0.1140695 2.0970273 80 80 80
0.2431841 0.1144010 2.1031208 82 82 82
0.2526256 0.1146609 2.1078997 82 82 82
0.2621781 0.1149519 2.1132488 85 85 85
0.2718713 0.1152834 2.1193423 82 82 82
0.2816624 0.1156340 2.1257877 79 79 79
0.2912886 0.1158973 2.1306291 76 76 76
0.3012301 0.1162666 2.1374173 75 75 75
0.3112581 0.1166468 2.1444077 77 77 77
0.3208204 0.1168360 2.1478853 81 81 81
0.3309610 0.1172196 2.1549377 84 84 84
0.3408557 0.1174979 2.1600542 85 85 85
0.3511072 0.1178816 2.1671071 79 79 79
0.3610137 0.1181328 2.1717267 80 80 80
0.3713368 0.1185046 2.1785617 72 72 72
0.3816553 0.1188571 2.1850405 70 70 70
0.3918978 0.1191697 2.1907887 70 70 70
0.4023482 0.1195298 2.1974077 70 70 70
0.4128115 0.1198774 2.2037978 68 68 68
0.4230461 0.1201447 2.2087121 67 67 67
0.4336376 0.1204997 2.2152381 69 69 69
0.4444164 0.1208907 2.2224255 66 66 66
0.4547257 0.1211404 2.2270169 65 65 65
0.4655353 0.1215106 2.2338228 69 69 69
0.4763396 0.1218648 2.2403340 68 68 68
0.4869066 0.1221457 2.2454972 70 70 70
0.4979101 0.1225232 2.2524383 68 68 68
0.5090665 0.1229236 2.2597985 70 70 70
0.5201853 0.1233003 2.2667241 74 74 74
0.5310296 0.1235996 2.2722251 67 67 67
0.5423407 0.1239949 2.2794931 63 63 63
0.5536453 0.1243750 2.2864811 58 58 58
0.5650815 0.1247712 2.2937646 57 57 57
0.5758945 0.1250187 2.2983155 54 54 54
0.5874766 0.1254223 2.3057342 43 43 43
0.5989572 0.1257914 2.3125193 40 40 40
0.6107326 0.1262096 2.3202071 39 39 39
0.6223484 0.1265821 2.3270559 43 43 43
0.6339755 0.1269453 2.3337336 45 45 45
0.6458004 0.1273365 2.3409240 46 46 46
0.6577020 0.1277307 2.3481719 46 46 46
0.6696001 0.1281126 2.3551924 52 52 52
0.6809828 0.1283862 2.3602211 51 51 51
0.6930092 0.1287715 2.3673043 46 46 46
0.7050909 0.1291559 2.3743722 47 47 47
0.7174912 0.1295872 2.3823001 45 45 45
0.7298651 0.1300018 2.3899229 42 42 42
0.7420837 0.1303779 2.3968360 37 37 37
0.7546695 0.1308074 2.4047337 39 39 39
0.7665839 0.1311108 2.4103105 39 39 39
0.7776021 0.1312550 2.4129608 54 54 54
0.7901288 0.1316467 2.4201629 59 59 59
0.8026482 0.1320273 2.4271595 55 55 55
0.8156713 0.1324801 2.4354837 50 50 50
2.7101820 0.4092648 7.5238295 110 110 110
2.7371182 0.4085497 7.5106821 98 98 98
2.7411346 0.4044689 7.4356623 56 56 56
2.7872949 0.4066287 7.4753671 76 76 76
2.8228385 0.4072087 7.4860291 132 132 132
2.8564215 0.4074961 7.4913130 124 124 124
2.8918591 0.4080389 7.5012922 110 110 110
2.9292643 0.4088446 7.5161037 103 103 103
2.9684942 0.4098850 7.5352306 100 100 100
3.0493071 0.4122185 7.5781293 62 62 62
-4.8847489 0.5494007 9.3733959 43 43 43
-4.8188028 0.5464050 9.3222876 46 46 46
-4.7819633 0.5466877 9.3271093 49 49 49
-4.4869537 0.5215408 8.8980742 85 85 85
-3.9970577 0.4765534 8.1305389 52 52 52
-3.9669354 0.4770541 8.1390829 43 43 43
-3.9405103 0.4780121 8.1554260 40 40 40
-3.9133942 0.4789024 8.1706152 40 40 40
-3.0352712 0.3815190 6.5091457 104 104 104
-2.9331522 0.3720477 6.3475537 105 105 105
-2.8310268 0.3624010 6.1829715 111 111 111
-2.7060795 0.3496265 5.9650226 113 113 113
-2.6088655 0.3402290 5.8046908 113 113 113
-2.5230193 0.3321500 5.6668544 112 112 112
-2.1358922 0.2894090 4.9376445 71 71 71
-2.0522051 0.2835989 4.8385177 120 120 120
-1.9934341 0.2782436 4.7471504 114 114 114
-1.9298686 0.2721037 4.6423960 119 119 119
-1.8761842 0.2672453 4.5595074 116 116 116
-1.8291512 0.2632436 4.4912338 114 114 114
-1.7899357 0.2602950 4.4409275 112 112 112
-1.7582821 0.2583954 4.4085169 108 108 108
-1.7259644 0.2563565 4.3737316 112 112 112
-1.6947919 0.2544455 4.3411274 111 111 111
-1.6635010 0.2524748 4.3075047 61 61 61
-1.6473924 0.2527902 4.3128872 29 29 29
-1.6335472 0.2534640 4.3243818 39 39 39
-1.6218770 0.2544942 4.3419580 40 40 40
-1.4054227 0.2282603 3.8943782 95 95 95
-1.3646414 0.2242573 3.8260825 100 100 100
-1.3269750 0.2206765 3.7649906 90 90 90
-1.2878863 0.2167696 3.6983342 78 78 78
-1.2525753 0.2134106 3.6410253 68 68 68
-1.2165551 0.2098458 3.5802066 102 102 102
-1.1817679 0.2064068 3.5215337 106 106 106
-1.1520683 0.2037802 3.4767208 101 101 101
-1.1185491 0.2004016 3.4190772 87 87 87
-1.0829725 0.1965613 3.3535573 59 59 59
-1.0129142 0.1887757 3.2207274 96 96 96
-0.9863952 0.1863319 3.1790321 147 147 147
-0.9576476 0.1833938 3.1289058 153 153 153
-0.9328692 0.1811444 3.0905290 153 153 153
-0.9042908 0.1780830 3.0382974 145 145 145
-0.8797670 0.1757435 2.9983828 88 88 88
-0.8544485 0.1731747 2.9545562 90 90 90
-0.8307484 0.1708628 2.9151120 77 77 77
-0.8070914 0.1684904 2.8746359 93 93 93
-0.7837271 0.1661077 2.8339844 149 149 149
-0.7628543 0.1641874 2.8012223 154 154 154
-0.7423306 0.1622830 2.7687316 155 155 155
-0.7195851 0.1598243 2.7267838 158 158 158
-0.7000177 0.1580031 2.6957116 147 147 147
-0.6809189 0.1562293 2.6654482 131 131 131
-0.6572397 0.1533274 2.6159384 69 69 69
-0.6389071 0.1515950 2.5863814 66 66 66
-0.5946984 0.1460933 2.4925172 98 98 98
-0.5791469 0.1448327 2.4710104 67 67 67
-0.5622613 0.1431862 2.4429190 69 69 69
-0.5457445 0.1415740 2.4154117 65 65 65
-0.5295653 0.1399896 2.3883801 66 66 66
-0.5138589 0.1384711 2.3624742 69 69 69
-0.4982115 0.1369089 2.3358212 62 62 62
-0.4832285 0.1354699 2.3112702 63 63 63
-0.4678922 0.1338706 2.2839839 63 63 63
-0.4535350 0.1324901 2.2604306 65 65 65
-0.4389088 0.1309700 2.2344961 47 47 47
-0.4248928 0.1295693 2.2105989 58 58 58
-0.4111368 0.1281869 2.1870127 70 70 70
-0.3977957 0.1268733 2.1646013 51 51 51
-0.3848176 0.1256165 2.1431594 51 51 51
-0.3713685 0.1241418 2.1179993 82 82 82
-0.3581598 0.1226768 2.0930042 90 90 90
-0.3346116 0.1205526 2.0567632 97 97 97
-0.3225780 0.1193097 2.0355587 95 95 95
-0.3105778 0.1180116 2.0134108 95 95 95
-0.2989292 0.1167778 1.9923618 107 107 107
-0.2884533 0.1159441 1.9781376 104 104 104
-0.2771343 0.1147117 1.9571116 97 97 97
-0.2661263 0.1135364 1.9370595 100 100 100
-0.2554729 0.1124427 1.9183996 113 113 113
-0.2455550 0.1116118 1.9042232 116 116 116
-0.2338871 0.1099024 1.8750585 114 114 114
-0.2242724 0.1090719 1.8608893 95 95 95
-0.2142624 0.1079819 1.8422927 83 83 83
-0.2056528 0.1075423 1.8347925 82 82 82
-0.1982425 0.1077199 1.8378228 86 86 86
-0.1909401 0.1079730 1.8421415 88 88 88
-0.1835946 0.1082222 1.8463929 88 88 88
-0.1761867 0.1084550 1.8503650 89 89 89
-0.1687778 0.1087088 1.8546941 93 93 93
-0.1613126 0.1089491 1.8587954 89 89 89
-0.1539520 0.1092884 1.8645838 86 86 86
-0.1466805 0.1097308 1.8721316 92 92 92
-0.1391483 0.1100173 1.8770201 99 99 99
-0.1315064 0.1102465 1.8809303 97 97 97
-0.1238529 0.1104949 1.8851670 98 98 98
-0.1162496 0.1108250 1.8908002 104 104 104
-0.1085277 0.1110824 1.8951914 112 112 112
-0.1007613 0.1113316 1.8994435 102 102 102
-0.0929515 0.1115718 1.9035404 103 103 103
-0.0851791 0.1119065 1.9092505 101 101 101
-0.0772847 0.1121339 1.9131310 88 88 88
-0.0693805 0.1123986 1.9176466 96 96 96
-0.0614342 0.1126560 1.9220383 95 95 95
-0.0534990 0.1130150 1.9281638 94 94 94
-0.0454678 0.1132633 1.9324005 101 101 101
-0.0373909 0.1134817 1.9361260 101 101 101
-0.0293188 0.1138407 1.9422510 103 103 103
-0.0211814 0.1141261 1.9471200 106 106 106
-0.0129938 0.1143311 1.9506171 111 111 111
-0.0047792 0.1145956 1.9551299 109 109 109
0.0034747 0.1148979 1.9602878 93 93 93
0.1236826 0.1192140 2.0339262 74 74 74
0.1325531 0.1194786 2.0384405 104 104 104
0.1414777 0.1197568 2.0431862 109 109 109
0.1505695 0.1201364 2.0496626 107 107 107
0.1596081 0.1204346 2.0547512 97 97 97
0.1686497 0.1207044 2.0593529 94 94 94
0.1778457 0.1210527 2.0652964 88 88 88
0.1870684 0.1213859 2.0709801 87 87 87
0.1963635 0.1217342 2.0769229 84 84 84
0.2055777 0.1220048 2.0815401 87 87 87
0.2150010 0.1223722 2.0878084 87 87 87
0.2243665 0.1226791 2.0930445 92 92 92
0.2337361 0.1229650 2.0979218 88 88 88
0.2432687 0.1233126 2.1038527 85 85 85
0.2529118 0.1236898 2.1102881 83 83 83
0.2624493 0.1239915 2.1154346 85 85 85
0.2722068 0.1243738 2.1219578 81 81 81
0.2818081 0.1246627 2.1268873 79 79 79
0.2916548 0.1250391 2.1333075 79 79 79
0.3013346 0.1253234 2.1381593 77 77 77
0.3113253 0.1257168 2.1448703 77 77 77
0.3210305 0.1259760 2.1492920 77 77 77
0.3311884 0.1263936 2.1564178 67 67 67
0.3409992 0.1266601 2.1609640 67 67 67
0.3512790 0.1270823 2.1681671 75 75 75
0.3613784 0.1274195 2.1739206 76 76 76
0.3715021 0.1277484 2.1795316 72 72 72
0.3818492 0.1281363 2.1861506 74 74 74
0.3919694 0.1284316 2.1911888 76 76 76
0.4023560 0.1287986 2.1974502 71 71 71
0.4130358 0.1292409 2.2049952 69 69 69
0.4231923 0.1295035 2.2094755 71 71 71
0.4339834 0.1299448 2.2170048 68 68 68
0.4445844 0.1303117 2.2232656 62 62 62
0.4553052 0.1306980 2.2298546 54 54 54
0.4658349 0.1310148 2.2352605 53 53 53
0.4767665 0.1314298 2.2423415 48 48 48
0.4877575 0.1318448 2.2494216 47 47 47
0.4982412 0.1321094 2.2539361 46 46 46
0.5094355 0.1325490 2.2614365 51 51 51
0.5205613 0.1329550 2.2683623 48 48 48
0.5318580 0.1333892 2.2757697 41 41 41
0.5428143 0.1337241 2.2814837 39 39 39
0.5539216 0.1340839 2.2876225 40 40 40
0.5653970 0.1345189 2.2950449 43 43 43
0.5766702 0.1348921 2.3014112 45 45 45
0.5882983 0.1353345 2.3089590 43 43 43
0.5997161 0.1357149 2.3154497 42 42 42
0.6110457 0.1360635 2.3213966 42 42 42
0.6225607 0.1364417 2.3278496 47 47 47
0.6341335 0.1368207 2.3343151 43 43 43
0.6460408 0.1372591 2.3417954 43 43 43
0.6581277 0.1377219 2.3496916 45 45 45
0.6697287 0.1380709 2.3556447 44 44 44
0.6819106 0.1385276 2.3634369 49 49 49
0.6938689 0.1389264 2.3702409 44 44 44
0.7055103 0.1392513 2.3757846 44 44 44
0.7179588 0.1397242 2.3838527 43 43 43
0.7300918 0.1401235 2.3906648 38 38 38
0.7423602 0.1405375 2.3977289 38 38 38
0.7550178 0.1410131 2.4058435 37 37 37
0.7674248 0.1414299 2.4129546 37 37 37
0.7780985 0.1415206 2.4145010 53 53 53
0.7906424 0.1419446 2.4217360 58 58 58
0.8033401 0.1423852 2.4292519 56 56 56
0.8160106 0.1428098 2.4364970 49 49 49
2.5666003 0.4276420 7.2960548 115 115 115
2.7115839 0.4412206 7.5277219 112 112 112
2.7390940 0.4405396 7.5161037 112 112 112
2.8259623 0.4392624 7.4943137 138 138 138
2.8575916 0.4392664 7.4943819 134 134 134
2.8902981 0.4394341 7.4972429 117 117 117
2.9279761 0.4403459 7.5127988 101 101 101
2.9654837 0.4412128 7.5275888 97 97 97
3.0078633 0.4427785 7.5543017 81 81 81
3.1026630 0.4472599 7.6307588 101 101 101
3.1326094 0.4469414 7.6253252 61 61 61
3.1667874 0.4472270 7.6301985 59 59 59
3.2020588 0.4476598 7.6375813 59 59 59
3.2375183 0.4481099 7.6452618 60 60 60
3.2744312 0.4487503 7.6561880 58 58 58
3.3145721 0.4498164 7.6743755 57 57 57
-4.7658219 0.5745894 9.1451864 42 42 42
-4.7295523 0.5748684 9.1496258 44 44 44
-4.6663017 0.5718455 9.1015139 45 45 45
-4.0130930 0.5128888 8.1631575 52 52 52
-3.9830883 0.5134585 8.1722240 41 41 41
-3.9528623 0.5140093 8.1809902 40 40 40
-3.9297550 0.5155036 8.2047749 32 32 32
-3.0441203 0.4101601 6.5281229 104 104 104
-2.9560008 0.4019216 6.3969994 107 107 107
-2.8411317 0.3898609 6.2050405 110 110 110
-2.7185087 0.3765021 5.9924207 112 112 112
-2.6096778 0.3648206 5.8064981 115 115 115
-2.5263507 0.3565170 5.6743374 107 107 107
-1.9947395 0.2984574 4.7502589 124 124 124
-1.9350252 0.2924598 4.6548004 123 123 123
-1.8790803 0.2869147 4.5665455 121 121 121
-1.8322774 0.2826652 4.4989100 115 115 115
-1.7954289 0.2798785 4.4545565 112 112 112
-1.7641255 0.2779064 4.4231682 110 110 110
-1.7320863 0.2757750 4.3892450 109 109 109
-1.7008473 0.2737263 4.3566380 108 108 108
-1.6710443 0.2718665 4.3270378 51 51 51
-1.6558050 0.2723612 4.3349113 32 32 32
-1.6440188 0.2734413 4.3521023 32 32 32
-1.6301401 0.2741939 4.3640795 35 35 35
-1.4476684 0.2491266 3.9651072 68 68 68
-1.4066988 0.2449048 3.8979146 94 94 94
-1.3672044 0.2408432 3.8332686 95 95 95
-1.3277296 0.2366878 3.7671313 93 93 93
-1.2894253 0.2326429 3.7027535 86 86 86
-1.2539582 0.2290171 3.6450450 67 67 67
-1.2180166 0.2252136 3.5845077 114 114 114
-1.1833025 0.2215443 3.5261066 108 108 108
-1.1536272 0.2187369 3.4814250 104 104 104
-1.0841235 0.2109270 3.3571215 58 58 58
-1.0138086 0.2025361 3.2235715 98 98 98
-0.9880037 0.2000634 3.1842160 146 146 146
-0.9586287 0.1967897 3.1321115 158 158 158
-0.9301997 0.1936214 3.0816853 161 161 161
-0.9065584 0.1913740 3.0459163 154 154 154
-0.8804557 0.1885350 3.0007298 99 99 99
-0.8548713 0.1857258 2.9560182 87 87 87
-0.8317888 0.1833850 2.9187624 76 76 76
-0.8080952 0.1808372 2.8782115 93 93 93
-0.7845270 0.1782402 2.8368769 150 150 150
-0.7636006 0.1761722 2.8039627 154 154 154
-0.7430770 0.1741335 2.7715158 157 157 157
-0.7204542 0.1715299 2.7300768 157 157 157
-0.7007776 0.1695547 2.6986380 151 151 151
-0.6816935 0.1676598 2.6684804 127 127 127
-0.6577423 0.1644843 2.6179385 69 69 69
-0.6392320 0.1625842 2.5876966 61 61 61
-0.5949621 0.1566736 2.4936225 84 84 84
-0.5797817 0.1554230 2.4737189 60 60 60
-0.5627618 0.1536245 2.4450939 61 61 61
-0.5464450 0.1519544 2.4185116 65 65 65
-0.5301921 0.1502389 2.3912072 61 61 61
-0.5145211 0.1486249 2.3655188 63 63 63
-0.4990677 0.1470112 2.3398352 60 60 60
-0.4836152 0.1453326 2.3131199 60 60 60
-0.4685768 0.1437120 2.2873259 63 63 63
-0.4541520 0.1422154 2.2635059 73 73 73
-0.4396026 0.1406147 2.2380283 59 59 59
-0.4255142 0.1390944 2.2138319 61 61 61
-0.4113667 0.1374862 2.1882358 61 61 61
-0.3982097 0.1361428 2.1668544 48 48 48
-0.3848520 0.1346661 2.1433506 44 44 44
-0.3716056 0.1331582 2.1193514 63 63 63
-0.3589560 0.1317952 2.0976572 72 72 72
-0.3460606 0.1302707 2.0733938 99 99 99
-0.3348653 0.1293238 2.0583227 108 108 108
-0.3228236 0.1279909 2.0371079 94 94 94
-0.3107696 0.1265801 2.0146544 93 93 93
-0.2992345 0.1253074 1.9943969 101 101 101
-0.2773396 0.1230559 1.9585615 106 106 106
-0.2664344 0.1218458 1.9393017 106 106 106
-0.2555765 0.1205814 1.9191773 116 116 116
-0.2340751 0.1179041 1.8765652 88 88 88
-0.2143858 0.1158174 1.8433541 82 82 82
-0.2057133 0.1153134 1.8353318 82 82 82
-0.1983710 0.1155447 1.8390138 85 85 85
-0.1910566 0.1158118 1.8432653 90 90 90
-0.1836560 0.1160471 1.8470099 84 84 84
-0.1762868 0.1163240 1.8514165 85 85 85
-0.1688801 0.1166005 1.8558185 89 89 89
-0.1615444 0.1169554 1.8614668 89 89 89
-0.1540397 0.1172180 1.8656456 86 86 86
-0.1467687 0.1176962 1.8732564 90 90 90
-0.1391787 0.1179584 1.8774307 98 98 98
-0.1315289 0.1181985 1.8812521 96 96 96
-0.1239991 0.1185843 1.8873929 101 101 101
-0.1162968 0.1188466 1.8915676 106 106 106
-0.1085971 0.1191505 1.8964036 111 111 111
-0.1007979 0.1193848 1.9001334 103 103 103
-0.0929996 0.1196608 1.9045252 101 101 101
-0.0852071 0.1199971 1.9098785 88 88 88
-0.0773244 0.1202633 1.9141152 85 85 85
-0.0694114 0.1205390 1.9185026 94 94 94
-0.0615130 0.1209159 1.9245026 86 86 86
-0.0535228 0.1211997 1.9290192 85 85 85
-0.0454861 0.1214610 1.9331781 89 89 89
-0.0374113 0.1217127 1.9371831 90 90 90
-0.0293338 0.1220936 1.9432461 92 92 92
-0.0211875 0.1223722 1.9476807 99 99 99
-0.0130023 0.1226375 1.9519026 98 98 98
-0.0047856 0.1230056 1.9577615 93 93 93
0.0034781 0.1232864 1.9622303 84 84 84
0.1151555 0.1278464 2.0348074 76 76 76
0.1237132 0.1278226 2.0344293 96 96 96
0.1325960 0.1281160 2.0390990 102 102 102
0.1415735 0.1284597 2.0445695 96 96 96
0.1506545 0.1288523 2.0508187 95 95 95
0.1596818 0.1291590 2.0557001 92 92 92
0.1688230 0.1295215 2.0614688 96 96 96
0.1779221 0.1298177 2.0661833 93 93 93
0.1870554 0.1301101 2.0708368 91 91 91
0.1964268 0.1305345 2.0775924 87 87 87
0.2056636 0.1308372 2.0824091 85 85 85
0.2151289 0.1312544 2.0890501 91 91 91
0.2243989 0.1315244 2.0933466 94 94 94
0.2340016 0.1319615 2.1003046 88 88 88
0.2433643 0.1322364 2.1046791 85 85 85
0.2530196 0.1326453 2.1111870 72 72 72
0.2625510 0.1329636 2.1162539 84 84 84
0.2722926 0.1333640 2.1226268 86 86 86
0.2819070 0.1336786 2.1276336 82 82 82
0.2917860 0.1340954 2.1342669 84 84 84
0.3014304 0.1343826 2.1388390 82 82 82
0.3114757 0.1348267 2.1459064 73 73 73
0.3214623 0.1352210 2.1521826 66 66 66
0.3313920 0.1355704 2.1577439 55 55 55
0.3415478 0.1359912 2.1644402 54 54 54
0.3514135 0.1362775 2.1689973 53 53 53
0.3617781 0.1367379 2.1763248 50 50 50
0.3716934 0.1370099 2.1806540 52 52 52
0.3819856 0.1374043 2.1869316 49 49 49
0.3925934 0.1378909 2.1946774 50 50 50
0.4027452 0.1381987 2.1995764 49 49 49
0.4131559 0.1385795 2.2056360 49 49 49
0.4236616 0.1389747 2.2119255 50 50 50
0.4341480 0.1393466 2.2178454 53 53 53
0.4448364 0.1397663 2.2245259 50 50 50
0.4556532 0.1402082 2.2315590 48 48 48
0.4664840 0.1406365 2.2383752 45 45 45
0.4770066 0.1409566 2.2434711 46 46 46
0.4880332 0.1414104 2.2506928 46 46 46
0.4990584 0.1418464 2.2576332 44 44 44
0.5101248 0.1422777 2.2644963 45 45 45
0.5209400 0.1426242 2.2700126 44 44 44
0.5321808 0.1430727 2.2771511 40 40 40
0.5433189 0.1434782 2.2836046 39 39 39
0.5541828 0.1437984 2.2887011 38 38 38
0.5655403 0.1442336 2.2956269 43 43 43
0.5769211 0.1446599 2.3024125 42 42 42
0.5885196 0.1451258 2.3098276 39 39 39
0.6000345 0.1455563 2.3166790 39 39 39
0.6114936 0.1459596 2.3230984 45 45 45
0.6233845 0.1464517 2.3309300 43 43 43
0.6346873 0.1467924 2.3363538 45 45 45
0.6465049 0.1472400 2.3434780 43 43 43
0.6582971 0.1476684 2.3502963 44 44 44
0.6701387 0.1480951 2.3570867 44 44 44
0.6821248 0.1485407 2.3641794 43 43 43
0.6941907 0.1489906 2.3713400 44 44 44
0.7065033 0.1494799 2.3791282 47 47 47
0.7187518 0.1499422 2.3864858 43 43 43
0.7303951 0.1502672 2.3916581 42 42 42
0.7429306 0.1507644 2.3995712 42 42 42
0.7552173 0.1511984 2.4064791 39 39 39
0.7679219 0.1517034 2.4145176 38 38 38
0.7789456 0.1518676 2.4171298 53 53 53
0.7908882 0.1522043 2.4224892 52 52 52
0.8037311 0.1527035 2.4304340 51 51 51
0.8164279 0.1531627 2.4377432 50 50 50
2.5583398 0.4569336 7.2725730 108 108 108
2.7142644 0.4734322 7.5351634 110 110 110
2.7410812 0.4725772 7.5215569 106 106 106
2.7911196 0.4703197 7.4856253 84 84 84
2.8266146 0.4709743 7.4960432 132 132 132
2.8581426 0.4709606 7.4958267 132 132 132
2.8905602 0.4710923 7.4979229 119 119 119
2.9257269 0.4716644 7.5070281 101 101 101
2.9652271 0.4729153 7.5269380 97 97 97
3.0049624 0.4741769 7.5470166 83 83 83
3.1007402 0.4791413 7.6260300 124 124 124
3.1309526 0.4788436 7.6212926 67 67 67
3.1656983 0.4792383 7.6275744 65 65 65
3.2010133 0.4797104 7.6350880 57 57 57
3.2367039 0.4802288 7.6433382 59 59 59
3.2727880 0.4807947 7.6523466 55 55 55
3.3135884 0.4820357 7.6720982 53 53 53
3.5183702 0.5020226 7.9902105 74 74 74
3.5430062 0.5007424 7.9698339 91 91 91
3.5699067 0.4998033 7.9548869 103 103 103
3.6006052 0.4994084 7.9486022 90 90 90
3.6258364 0.4982695 7.9304752 89 89 89
3.6670923 0.4993334 7.9474092 84 84 84
-4.6360712 0.5964609 8.8962059 41 41 41
-4.6125135 0.5982713 8.9232073 45 45 45
-4.5628238 0.5966940 8.8996830 48 48 48
-4.5216951 0.5962194 8.8926048 51 51 51
-4.0277157 0.5493068 8.1929026 52 52 52
-3.9995048 0.5501786 8.2059059 44 44 44
-3.9546444 0.5487554 8.1846790 42 42 42
-3.9501169 0.5529531 8.2472868 28 28 28
-3.9245560 0.5542548 8.2667027 38 38 38
-3.0516825 0.4387761 6.5443392 107 107 107
-2.9652455 0.4302388 6.4170060 107 107 107
-2.8518732 0.4176001 6.2284999 113 113 113
-2.7276382 0.4031211 6.0125451 117 117 117
-2.6135929 0.3898903 5.8152089 112 112 112
-2.5300503 0.3810025 5.6826463 108 108 108
-2.0471337 0.3204190 4.7790456 122 122 122
-1.9961560 0.3187152 4.7536321 128 128 128
-1.8814236 0.3065534 4.5722399 116 116 116
-1.8353086 0.3021359 4.5063524 113 113 113
-1.8011734 0.2996187 4.4688091 109 109 109
-1.7699175 0.2975323 4.4376907 114 114 114
-1.7379701 0.2952839 4.4041548 111 111 111
-1.7068233 0.2931243 4.3719454 98 98 98
-1.6791153 0.2915146 4.3479366 44 44 44
-1.6640404 0.2920869 4.3564720 35 35 35
-1.6523603 0.2932745 4.3741846 40 40 40
-1.6383349 0.2940679 4.3860178 40 40 40
-1.4488311 0.2660607 3.9682918 68 68 68
-1.4076751 0.2615235 3.9006200 91 91 91
-1.3686064 0.2572714 3.8371997 100 100 100
-1.3311874 0.2532313 3.7769420 90 90 90
-1.2896448 0.2482995 3.7033842 77 77 77
-1.2536055 0.2443194 3.6440198 67 67 67
-1.2191217 0.2405473 3.5877597 108 108 108
-1.1844182 0.2366366 3.5294311 111 111 111
-1.1550628 0.2337084 3.4857576 114 114 114
-1.1219046 0.2299254 3.4293342 97 97 97
-1.0835974 0.2249746 3.3554926 59 59 59
-1.0144194 0.2162599 3.2255135 98 98 98
-0.9890456 0.2137162 3.1875739 142 142 142
-0.9599784 0.2102933 3.1365213 154 154 154
-0.9313700 0.2068767 3.0855625 161 161 161
-0.9065468 0.2042159 3.0458772 159 159 159
-0.8810418 0.2013229 3.0027277 100 100 100
-0.8556963 0.1983824 2.9588711 89 89 89
-0.8321785 0.1957850 2.9201300 82 82 82
-0.8095146 0.1933134 2.8832667 86 86 86
-0.7855911 0.1904611 2.8407245 146 146 146
-0.7646252 0.1882486 2.8077250 152 152 152
-0.7438670 0.1860184 2.7744622 154 154 154
-0.7210880 0.1832036 2.7324786 157 157 157
-0.7014748 0.1811147 2.7013230 146 146 146
-0.6823431 0.1790832 2.6710234 118 118 118
-0.6588383 0.1758165 2.6223006 74 74 74
-0.6397451 0.1736357 2.5897737 64 64 64
-0.5946806 0.1671099 2.4924424 93 93 93
-0.5806511 0.1661033 2.4774282 58 58 58
-0.5633995 0.1641211 2.4478643 68 68 68
-0.5473689 0.1624273 2.4226010 69 69 69
-0.5310386 0.1605784 2.3950253 63 63 63
-0.5148120 0.1586898 2.3668563 62 62 62
-0.4993694 0.1569730 2.3412497 62 62 62
-0.4843564 0.1553247 2.3166649 64 64 64
-0.4690914 0.1535260 2.2898378 62 62 62
-0.4547177 0.1519496 2.2663255 65 65 65
-0.4401069 0.1502245 2.2405963 61 61 61
-0.4260467 0.1486158 2.2166023 63 63 63
-0.4121253 0.1469845 2.1922712 62 62 62
-0.3984858 0.1453811 2.1683564 58 58 58
-0.3852294 0.1438454 2.1454525 46 46 46
-0.3719853 0.1422406 2.1215172 59 59 59
-0.3592859 0.1407701 2.0995848 64 64 64
-0.3468119 0.1393159 2.0778949 72 72 72
-0.3343781 0.1378029 2.0553281 77 77 77
-0.3235814 0.1369019 2.0418904 87 87 87
-0.3114136 0.1353557 2.0188291 91 91 91
-0.2994669 0.1338215 1.9959457 97 97 97
-0.2879814 0.1324105 1.9749013 98 98 98
-0.2776698 0.1314714 1.9608939 105 105 105
-0.2665831 0.1300963 1.9403841 102 102 102
-0.2556917 0.1287324 1.9200423 97 97 97
-0.2338880 0.1257169 1.8750656 86 86 86
-0.2240794 0.1246590 1.8592870 81 81 81
-0.2145419 0.1236807 1.8446964 73 73 73
-0.2058138 0.1231130 1.8362283 75 75 75
-0.1984375 0.1233411 1.8396310 82 82 82
-0.1911351 0.1236356 1.8440225 81 81 81
-0.1837400 0.1238925 1.8478549 84 84 84
-0.1763525 0.1241776 1.8521065 87 87 87
-0.1690506 0.1245520 1.8576921 94 94 94
-0.1614709 0.1247483 1.8606198 98 98 98
-0.1540916 0.1251274 1.8662736 86 86 86
-0.1468239 0.1256428 1.8739607 80 80 80
-0.1392517 0.1259415 1.8784153 90 90 90
-0.1240547 0.1266000 1.8882377 92 92 92
-0.1163573 0.1268893 1.8925521 92 92 92
-0.1086490 0.1272084 1.8973110 100 100 100
-0.1008427 0.1274542 1.9009778 93 93 93
-0.0930951 0.1278232 1.9064815 91 91 91
-0.0852515 0.1281177 1.9108732 84 84 84
-0.0773502 0.1283778 1.9147527 73 73 73
-0.0694364 0.1286754 1.9191921 80 80 80
-0.0615375 0.1290829 1.9252697 82 82 82
-0.0535483 0.1293958 1.9299371 88 88 88
-0.0455011 0.1296559 1.9338162 96 96 96
-0.0374658 0.1300709 1.9400049 101 101 101
-0.0293456 0.1303403 1.9440237 107 107 107
-0.0211953 0.1306334 1.9483960 109 109 109
-0.0130047 0.1308926 1.9522606 108 108 108
-0.0047877 0.1313200 1.9586354 101 101 101
0.0034797 0.1316225 1.9631479 100 100 100
0.1148861 0.1361078 2.0300467 102 102 102
0.1237967 0.1364938 2.0358026 94 94 94
0.1326569 0.1367777 2.0400369 90 90 90
0.1416783 0.1371830 2.0460832 86 86 86
0.1506971 0.1375395 2.0513995 92 92 92
0.1597499 0.1378865 2.0565758 97 97 97
0.1688690 0.1382522 2.0620298 92 92 92
0.1780029 0.1385936 2.0671213 84 84 84
0.1873688 0.1390753 2.0743060 82 82 82
0.1965165 0.1393593 2.0785415 88 88 88
0.2059325 0.1398011 2.0851319 88 88 88
0.2152724 0.1401573 2.0904438 86 86 86
0.2246476 0.1405075 2.0956671 74 74 74
0.2341962 0.1409355 2.1020508 58 58 58
0.2435824 0.1412382 2.1065650 61 61 61
0.2532382 0.1416703 2.1130111 61 61 61
0.2630178 0.1421400 2.1200166 57 57 57
0.2724811 0.1424135 2.1240959 53 53 53
0.2823863 0.1428933 2.1312509 60 60 60
0.2920285 0.1432144 2.1360407 60 60 60
0.3019153 0.1436327 2.1422796 55 55 55
0.3116683 0.1439648 2.1472335 58 58 58
0.3216814 0.1443950 2.1536493 55 55 55
0.3315564 0.1447413 2.1588144 50 50 50
0.3417792 0.1452168 2.1659069 52 52 52
0.3516611 0.1455265 2.1705260 51 51 51
0.3619521 0.1459855 2.1773720 49 49 49
0.3721649 0.1463910 2.1834202 46 46 46
0.3823565 0.1467688 2.1890550 46 46 46
0.3928077 0.1472261 2.1958752 47 47 47
0.4032786 0.1476695 2.2024889 52 52 52
0.4134868 0.1479990 2.2074027 49 49 49
0.4241156 0.1484612 2.2142963 46 46 46
0.4347630 0.1489098 2.2209873 47 47 47
0.4451364 0.1492476 2.2260261 49 49 49
0.4558737 0.1496910 2.2326393 52 52 52
0.4666298 0.1501225 2.2390747 50 50 50
0.4776095 0.1506073 2.2463064 47 47 47
0.4882950 0.1509824 2.2519000 44 44 44
0.4992465 0.1514238 2.2584839 41 41 41
0.5104133 0.1519128 2.2657771 42 42 42
0.5210710 0.1522350 2.2705834 40 40 40
0.5324304 0.1527470 2.2782190 39 39 39
0.5435118 0.1531624 2.2844155 39 39 39
0.5549413 0.1536598 2.2918336 42 42 42
0.5661983 0.1540932 2.2982976 44 44 44
0.5772323 0.1544523 2.3036542 44 44 44
0.5888366 0.1549496 2.3110716 44 44 44
0.6003100 0.1553969 2.3177423 40 40 40
0.6119260 0.1558661 2.3247409 42 42 42
0.6237672 0.1563770 2.3323610 40 40 40
0.6354998 0.1568453 2.3393447 39 39 39
0.6472741 0.1573093 2.3462660 41 41 41
0.6585831 0.1576480 2.3513176 42 42 42
0.6705372 0.1581288 2.3584883 43 43 43
0.6824488 0.1585856 2.3653023 41 41 41
0.6945408 0.1590706 2.3725362 44 44 44
0.7069227 0.1596073 2.3805406 42 42 42
0.7190396 0.1600700 2.3874412 39 39 39
0.7312453 0.1605393 2.3944418 35 35 35
0.7436580 0.1610408 2.4019208 37 37 37
0.7561595 0.1615477 2.4094813 35 35 35
0.7682057 0.1619452 2.4154098 37 37 37
0.7791758 0.1621084 2.4178441 53 53 53
0.7919688 0.1626417 2.4257989 54 54 54
0.8047587 0.1631608 2.4335415 54 54 54
0.8174523 0.1636476 2.4408014 50 50 50
2.5540795 0.4867898 7.2604623 104 104 104
2.7176580 0.5058392 7.5445843 106 106 106
2.7439771 0.5048280 7.5295033 114 114 114
2.7702792 0.5038369 7.5147209 122 122 122
2.7973828 0.5030124 7.5024228 106 106 106
2.8213232 0.5016438 7.4820108 132 132 132
2.8553200 0.5020738 7.4884243 122 122 122
2.8905637 0.5027113 7.4979324 108 108 108
2.9273307 0.5035971 7.5111432 102 102 102
2.9624107 0.5041767 7.5197887 93 93 93
3.0018106 0.5054715 7.5391006 82 82 82
3.0975783 0.5107785 7.6182537 112 112 112
3.1294444 0.5107360 7.6176209 80 80 80
3.1632757 0.5110120 7.6217370 68 68 68
3.1979020 0.5114096 7.6276665 58 58 58
3.2336216 0.5119723 7.6360598 63 63 63
3.2695885 0.5125627 7.6448650 61 61 61
3.3100145 0.5138338 7.6638231 54 54 54
3.5178106 0.5356317 7.9889398 72 72 72
3.5458689 0.5347825 7.9762740 85 85 85
3.5723958 0.5337205 7.9604335 100 100 100
-4.5402312 0.6208698 8.7122984 45 45 45
-4.5085230 0.6215634 8.7220306 45 45 45
-4.4753904 0.6220704 8.7291460 47 47 47
-4.4175458 0.6191224 8.6877785 51 51 51
-4.0459056 0.5864926 8.2299032 52 52 52
-4.0206971 0.5878811 8.2493877 43 43 43
-3.9607942 0.5841768 8.1974068 46 46 46
-3.9410145 0.5915857 8.3013716 25 25 25
-3.0587833 0.4674585 6.5595675 102 102 102
-2.9742060 0.4586809 6.4363966 104 104 104
-2.8618569 0.4454193 6.2503042 110 110 110
-2.7376587 0.4300497 6.0346332 120 120 120
-2.6180937 0.4151264 5.8252234 109 109 109
-2.5339203 0.4055853 5.6913385 104 104 104
-1.8430759 0.3224981 4.5254240 85 85 85
-1.8068281 0.3194633 4.4828386 101 101 101
-1.7756273 0.3172660 4.4520063 110 110 110
-1.7437153 0.3148935 4.4187136 112 112 112
-1.7113994 0.3123959 4.3836670 94 94 94
-1.6877068 0.3114351 4.3701839 44 44 44
-1.6727619 0.3120851 4.3793049 41 41 41
-1.6608195 0.3133160 4.3965778 39 39 39
-1.6460096 0.3140276 4.4065638 43 43 43
-1.4486946 0.2827682 3.9679179 70 70 70
-1.4095452 0.2783415 3.9058013 93 93 93
-1.3694919 0.2736296 3.8396823 98 98 98
-1.3311557 0.2691521 3.7768521 96 96 96
-1.2552456 0.2600257 3.6487873 72 72 72
-1.2195262 0.2557615 3.5889499 104 104 104
-1.1853067 0.2517087 3.5320785 107 107 107
-1.1519845 0.2477456 3.4764678 115 115 115
-1.1230314 0.2446322 3.4327781 102 102 102
-1.0527377 0.2353882 3.3030639 60 60 60
-1.0151428 0.2300257 3.2278140 95 95 95
-0.9900092 0.2273794 3.1906798 140 140 140
-0.9612629 0.2238189 3.1407182 164 164 164
-0.9324234 0.2201370 3.0890522 164 164 164
-0.9085632 0.2175430 3.0526521 156 156 156
-0.8818356 0.2141780 3.0054328 103 103 103
-0.8573813 0.2112751 2.9646976 86 86 86
-0.8332875 0.2083763 2.9240217 86 86 86
-0.8108053 0.2057996 2.8878641 94 94 94
-0.7863510 0.2026361 2.8434722 155 155 155
-0.7651277 0.2002201 2.8095703 150 150 150
-0.7421330 0.1972573 2.7679949 146 146 146
-0.7217646 0.1949090 2.7350426 153 153 153
-0.7021381 0.1926880 2.7038770 142 142 142
-0.6805187 0.1898378 2.6638818 117 117 117
-0.6592886 0.1870024 2.6240933 73 73 73
-0.6406372 0.1848140 2.5933852 64 64 64
-0.5953600 0.1778234 2.4952900 95 95 95
-0.5811125 0.1766908 2.4793971 64 64 64
-0.5602655 0.1734733 2.4342480 138 138 138
-0.5484763 0.1729926 2.4275024 84 84 84
-0.5315554 0.1708442 2.3973553 63 63 63
-0.5157561 0.1689800 2.3711965 66 66 66
-0.4999538 0.1670412 2.3439898 63 63 63
-0.4831852 0.1646947 2.3110631 57 57 57
-0.4681763 0.1628638 2.2853706 62 62 62
-0.4535258 0.1610832 2.2603846 64 64 64
-0.4391354 0.1593205 2.2356498 60 60 60
-0.4265533 0.1581509 2.2192383 58 58 58
-0.4126178 0.1564158 2.1948910 61 61 61
-0.3988998 0.1546855 2.1706095 65 65 65
-0.3851144 0.1528471 2.1448121 63 63 63
-0.3725575 0.1514195 2.1247802 65 65 65
-0.3595411 0.1497303 2.1010766 67 67 67
-0.3470591 0.1481839 2.0793765 72 72 72
-0.3346444 0.1465868 2.0569651 71 71 71
-0.3118217 0.1440576 2.0214748 70 70 70
-0.2999711 0.1424778 1.9993060 79 79 79
-0.2882781 0.1408836 1.9769360 94 94 94
-0.2669032 0.1384448 1.9427143 100 100 100
-0.2560006 0.1369945 1.9223621 97 97 97
-0.2342852 0.1338509 1.8782499 80 80 80
-0.2242335 0.1325907 1.8605664 90 90 90
-0.2147244 0.1315715 1.8462652 79 79 79
-0.2058830 0.1309003 1.8368461 74 74 74
-0.1984957 0.1311372 1.8401706 77 77 77
-0.1911765 0.1314402 1.8444221 82 82 82
-0.1838229 0.1317443 1.8486890 83 83 83
-0.1765866 0.1321630 1.8545649 87 87 87
-0.1691265 0.1324453 1.8585266 88 88 88
-0.1614746 0.1325975 1.8606623 73 73 73
-0.1541549 0.1330520 1.8670404 74 74 74
-0.1468661 0.1335836 1.8745000 84 84 84
-0.1393247 0.1339328 1.8793995 97 97 97
-0.1317638 0.1343043 1.8846133 97 97 97
-0.1241050 0.1346172 1.8890040 102 102 102
-0.1163825 0.1348993 1.8929622 102 102 102
-0.1086850 0.1352540 1.8979385 103 103 103
-0.1008955 0.1355414 1.9019725 99 99 99
-0.0931198 0.1358988 1.9069870 96 96 96
-0.0852733 0.1362105 1.9113610 97 97 97
-0.0773904 0.1365231 1.9157484 93 93 93
-0.0694806 0.1368557 1.9204147 92 92 92
-0.0615693 0.1372726 1.9262650 92 92 92
-0.0535638 0.1375742 1.9304974 105 105 105
-0.0455143 0.1378506 1.9343765 112 112 112
-0.0374781 0.1382972 1.9406420 107 107 107
-0.0293594 0.1386035 1.9449413 105 105 105
-0.0212068 0.1389251 1.9494531 104 104 104
-0.0130220 0.1393097 1.9548500 100 100 100
-0.0047902 0.1396511 1.9596417 100 100 100
0.0034823 0.1400036 1.9645875 95 95 95
0.0118016 0.1404170 1.9703885 106 106 106
0.0455068 0.1418796 1.9909117 115 115 115
0.0539990 0.1421340 1.9944817 115 115 115
0.0625927 0.1425508 2.0003307 113 113 113
0.0712029 0.1429018 2.0052569 108 108 108
0.0798425 0.1432312 2.0098786 101 101 101
0.0885974 0.1436841 2.0162342 95 95 95
0.0973281 0.1440221 2.0209768 90 90 90
0.1061264 0.1443976 2.0262458 84 84 84
0.1149924 0.1448022 2.0319240 75 75 75
0.1239112 0.1452128 2.0376847 73 73 73
0.1327844 0.1455201 2.0419974 68 68 68
0.1418686 0.1460071 2.0488307 62 62 62
0.1508419 0.1463306 2.0533702 54 54 54
0.1599576 0.1467496 2.0592499 55 55 55
0.1690346 0.1470919 2.0640528 60 60 60
0.1781099 0.1473991 2.0683641 62 62 62
0.1874742 0.1479057 2.0754724 66 66 66
0.1966878 0.1482535 2.0803537 69 69 69
0.2061039 0.1487177 2.0868676 63 63 63
0.2153780 0.1490457 2.0914698 60 60 60
0.2249502 0.1495460 2.0984902 61 61 61
0.2342540 0.1498367 2.1025701 58 58 58
0.2439010 0.1503178 2.1093209 62 62 62
0.2533699 0.1506591 2.1141105 56 56 56
0.2630313 0.1510878 2.1201258 50 50 50
0.2726320 0.1514546 2.1252723 53 53 53
0.2823302 0.1518504 2.1308274 54 54 54
0.2921596 0.1522903 2.1370001 52 52 52
0.3020579 0.1527387 2.1432915 55 55 55
0.3118627 0.1531151 2.1485729 55 55 55
0.3218815 0.1535723 2.1549892 50 50 50
0.3316650 0.1538953 2.1595216 47 47 47
0.3419023 0.1544059 2.1666865 47 47 47
0.3521113 0.1548775 2.1733046 47 47 47
0.3621283 0.1552429 2.1784320 45 45 45
0.3724035 0.1556982 2.1848202 45 45 45
0.3828370 0.1561960 2.1918058 43 43 43
0.3930080 0.1565658 2.1969948 46 46 46
0.4035233 0.1570526 2.2038255 46 46 46
0.4136559 0.1573718 2.2083058 50 50 50
0.4242497 0.1578486 2.2149961 49 49 49
0.4349549 0.1583454 2.2219677 49 49 49
0.4456907 0.1588322 2.2287979 50 50 50
0.4562941 0.1592526 2.2346978 54 54 54
0.4670323 0.1597022 2.2410059 51 51 51
0.4778988 0.1601769 2.2476671 47 47 47
0.4889617 0.1606976 2.2549748 42 42 42
0.4994715 0.1610202 2.2595017 41 41 41
0.5105910 0.1615237 2.2665658 43 43 43
0.5216904 0.1620023 2.2732825 41 41 41
0.5330264 0.1625358 2.2807693 40 40 40
0.5438499 0.1628970 2.2858365 39 39 39
0.5553041 0.1634311 2.2933321 42 42 42
0.5666685 0.1639210 2.3002062 44 44 44
0.5780334 0.1643945 2.3068514 42 42 42
0.5895285 0.1648888 2.3137875 42 42 42
0.6007656 0.1652961 2.3195016 43 43 43
0.6123660 0.1657885 2.3264124 42 42 42
0.6241797 0.1663224 2.3339033 39 39 39
0.6359187 0.1668200 2.3408868 38 38 38
0.6475530 0.1672754 2.3472769 39 39 39
0.6594032 0.1677720 2.3542457 38 38 38
0.6713258 0.1682721 2.3612621 42 42 42
0.6831871 0.1687423 2.3678610 38 38 38
0.6947805 0.1691338 2.3733547 39 39 39
0.7072293 0.1697195 2.3815730 36 36 36
0.7193168 0.1702033 2.3883619 40 40 40
0.7317843 0.1707624 2.3962071 37 37 37
0.7440520 0.1712602 2.4031932 38 38 38
0.7566484 0.1718194 2.4110394 37 37 37
0.7691540 0.1723433 2.4183915 42 42 42
0.7796466 0.1724084 2.4193051 55 55 55
0.7922603 0.1729348 2.4266918 56 56 56
0.8051242 0.1735017 2.4346468 54 54 54
0.8176774 0.1739882 2.4414737 49 49 49
2.5107007 0.5147901 7.2237439 120 120 120
2.5508320 0.5167488 7.2512307 96 96 96
2.7193406 0.5379872 7.5492554 111 111 111
2.7444341 0.5366690 7.5307574 121 121 121
2.7692270 0.5353227 7.5118666 140 140 140
2.8187647 0.5327116 7.4752259 123 123 123
2.8553200 0.5336521 7.4884243 140 140 140
2.8870690 0.5336837 7.4888668 126 126 126
2.9208941 0.5340942 7.4946275 110 110 110
2.9568453 0.5348805 7.5056615 97 97 97
2.9943922 0.5359358 7.5204687 90 90 90
3.0987422 0.5431083 7.6211166 121 121 121
3.1290326 0.5427878 7.6166191 88 88 88
3.1604192 0.5426620 7.6148548 63 63 63
3.1937466 0.5428687 7.6177549 53 53 53
-4.4321527 0.6419550 8.5049057 43 43 43
-4.3950982 0.6417813 8.5026035 45 45 45
-4.3718009 0.6436300 8.5270967 50 50 50
-4.3251600 0.6420442 8.5060873 51 51 51
-4.2836447 0.6411992 8.4948921 54 54 54
-4.0697904 0.6248649 8.2784872 45 45 45
-2.8728659 0.4735913 6.2743483 109 109 109
-2.7470059 0.4570527 6.0552373 124 124 124
-2.6298809 0.4416707 5.8514500 115 115 115
-2.5383356 0.4303339 5.7012558 96 96 96
-2.3953481 0.4139339 5.4839802 110 110 110
-2.3299348 0.4065550 5.3862219 111 111 111
-2.2715490 0.4002692 5.3029442 112 112 112
-2.1991408 0.3913629 5.1849504 107 107 107
-1.8132654 0.3395727 4.4988098 101 101 101
-1.7813710 0.3371269 4.4664078 108 108 108
-1.7496325 0.3346587 4.4337082 109 109 109
-1.7172382 0.3320105 4.3986225 86 86 86
-1.6963314 0.3315496 4.3925161 35 35 35
-1.6811559 0.3322111 4.4012804 32 32 32
-1.6692840 0.3335475 4.4189854 31 31 31
-1.6543781 0.3343009 4.4289675 38 38 38
-1.4506207 0.2998989 3.9731934 68 68 68
-1.4109823 0.2951126 3.9097836 88 88 88
-1.3708845 0.2901160 3.8435864 100 100 100
-1.3328326 0.2854380 3.7816100 90 90 90
-1.2914537 0.2799256 3.7085786 64 64 64
-1.2570957 0.2758184 3.6541650 76 76 76
-1.2207365 0.2711648 3.5925119 89 89 89
-1.1861944 0.2668029 3.5347240 101 101 101
-1.1523937 0.2624989 3.4777029 115 115 115
-1.1240498 0.2593430 3.4358909 102 102 102
-1.0887169 0.2544710 3.3713453 65 65 65
-1.0154108 0.2437015 3.2286658 96 96 96
-0.9872668 0.2401671 3.1818409 130 130 130
-0.9622666 0.2373107 3.1439977 150 150 150
-0.9336168 0.2334618 3.0930059 155 155 155
-0.9091362 0.2305612 3.0545771 148 148 148
-0.8825980 0.2270479 3.0080311 98 98 98
-0.8551192 0.2231866 2.9568756 86 86 86
-0.8341790 0.2209429 2.9271502 86 86 86
-0.8115625 0.2181812 2.8905611 89 89 89
-0.7871717 0.2148509 2.8464398 158 158 158
-0.7661550 0.2123527 2.8133426 164 164 164
-0.7426223 0.2090675 2.7698197 161 161 161
-0.7226166 0.2066862 2.7382712 153 153 153
-0.7029738 0.2043331 2.7070956 134 134 134
-0.6813932 0.2013297 2.6673050 115 115 115
-0.6603456 0.1983856 2.6283002 71 71 71
-0.6409678 0.1958512 2.5947235 62 62 62
-0.5959157 0.1885217 2.4976189 95 95 95
-0.5817930 0.1873654 2.4823000 69 69 69
-0.5615164 0.1841486 2.4396827 93 93 93
-0.5481257 0.1831121 2.4259503 68 68 68
-0.5321478 0.1811554 2.4000275 69 69 69
-0.5163046 0.1791696 2.3737185 78 78 78
-0.4987263 0.1764913 2.3382347 67 67 67
-0.4835426 0.1745694 2.3127725 63 63 63
-0.4687095 0.1726975 2.2879734 68 68 68
-0.4539693 0.1707819 2.2625952 65 65 65
-0.4394498 0.1688689 2.2372508 61 61 61
-0.4255126 0.1671007 2.2138238 55 55 55
-0.4117538 0.1653247 2.1902947 53 53 53
-0.3994778 0.1640762 2.1737547 60 60 60
-0.3857762 0.1621698 2.1484976 65 65 65
-0.3730023 0.1605711 2.1273172 65 65 65
-0.3600500 0.1588149 2.1040504 71 71 71
-0.3475405 0.1571702 2.0822601 82 82 82
-0.3352091 0.1555229 2.0604360 79 79 79
-0.3228818 0.1537898 2.0374758 73 73 73
-0.3122290 0.1527814 2.0241153 80 80 80
-0.3003450 0.1510969 2.0017984 87 87 87
-0.2887364 0.1494575 1.9800789 86 86 86
-0.2774159 0.1478740 1.9591008 87 87 87
-0.2671025 0.1467466 1.9441645 107 107 107
-0.2562226 0.1452268 1.9240296 98 98 98
-0.2451156 0.1434746 1.9008154 96 96 96
-0.2347017 0.1420234 1.8815888 89 89 89
-0.2244595 0.1405781 1.8624413 87 87 87
-0.2149917 0.1395306 1.8485639 82 82 82
-0.2060264 0.1387427 1.8381251 76 76 76
-0.1986019 0.1389714 1.8411545 78 78 78
-0.1912866 0.1392982 1.8454840 81 81 81
-0.1840520 0.1397139 1.8509926 86 86 86
-0.1766247 0.1400138 1.8549645 90 90 90
-0.1691766 0.1403241 1.8590763 87 87 87
-0.1617181 0.1406556 1.8634681 87 87 87
-0.1542540 0.1410159 1.8682415 92 92 92
-0.1469542 0.1415732 1.8756245 88 88 88
-0.1395077 0.1420445 1.8818682 98 98 98
-0.1318016 0.1422924 1.8851526 102 102 102
-0.1241847 0.1426746 1.8902167 107 107 107
-0.1164430 0.1429561 1.8939464 101 101 101
-0.1087084 0.1432884 1.8983486 99 99 99
-0.1009987 0.1437089 1.9039195 99 99 99
-0.0931743 0.1440247 1.9081037 96 96 96
-0.0853301 0.1443668 1.9126351 102 102 102
-0.0774362 0.1446873 1.9168823 109 109 109
-0.0695460 0.1450903 1.9222211 106 106 106
-0.0615808 0.1454226 1.9266236 106 106 106
-0.0535936 0.1457960 1.9315698 109 109 109
-0.0455753 0.1462036 1.9369705 110 110 110
-0.0374862 0.1465125 1.9410627 109 109 109
-0.0293725 0.1468706 1.9458072 106 106 106
-0.0212162 0.1472111 1.9503186 106 106 106
-0.0130301 0.1476454 1.9560721 91 91 91
-0.0047944 0.1480454 1.9613712 89 89 89
0.0034834 0.1483371 1.9652359 83 83 83
0.0118076 0.1488019 1.9713943 93 93 93
0.0201712 0.1491738 1.9763210 98 98 98
0.0285671 0.1494980 1.9806154 88 88 88
0.0370341 0.1499628 1.9867737 76 76 76
0.0455199 0.1503183 1.9914833 61 61 61
0.0540438 0.1506693 1.9961345 59 59 59
0.0626584 0.1511447 2.0024321 60 60 60
0.0712669 0.1514940 2.0070603 53 53 53
0.0799142 0.1518429 2.0116820 51 51 51
0.0886509 0.1522784 2.0174522 53 53 53
0.0974005 0.1526579 2.0224791 54 54 54
0.1062357 0.1530997 2.0283325 56 56 56
0.1150662 0.1534693 2.0332291 55 55 55
0.1239428 0.1538448 2.0382040 53 53 53
0.1329582 0.1543328 2.0446694 52 52 52
0.1419282 0.1547118 2.0496912 54 54 54
0.1509005 0.1550498 2.0541687 56 56 56
0.1600590 0.1555319 2.0605562 53 53 53
0.1691604 0.1559118 2.0655885 52 52 52
0.1784210 0.1563940 2.0719774 53 53 53
0.1876256 0.1567844 2.0771489 54 54 54
0.1969418 0.1572290 2.0830402 62 62 62
0.2061779 0.1575745 2.0876164 54 54 54
0.2155074 0.1579601 2.0927265 51 51 51
0.2249687 0.1584082 2.0986624 54 54 54
0.2343764 0.1587861 2.1036689 56 56 56
0.2439197 0.1592249 2.1094823 57 57 57
0.2534570 0.1596291 2.1148372 55 55 55
0.2631677 0.1601113 2.1212254 54 54 54
0.2729135 0.1605824 2.1274672 49 49 49
0.2826893 0.1610406 2.1335380 49 49 49
0.2925067 0.1614936 2.1395388 48 48 48
0.3021855 0.1618451 2.1441965 48 48 48
0.3122514 0.1623776 2.1512513 48 48 48
0.3220155 0.1627275 2.1558862 47 47 47
0.3322145 0.1632719 2.1630993 47 47 47
0.3420773 0.1636264 2.1677961 46 46 46
0.3523280 0.1641432 2.1746421 45 45 45
0.3626339 0.1646588 2.1814728 46 46 46
0.3726099 0.1650028 2.1860309 45 45 45
0.3830104 0.1655137 2.1927986 47 47 47
0.3931476 0.1658893 2.1977754 48 48 48
0.4036407 0.1663944 2.2044668 49 49 49
0.4142445 0.1669213 2.2114477 54 54 54
0.4245347 0.1673015 2.2164841 57 57 57
0.4351741 0.1677999 2.2230873 48 48 48
0.4459448 0.1683268 2.2300687 49 49 49
0.4566992 0.1688260 2.2366819 44 44 44
0.4671965 0.1692119 2.2417939 49 49 49
0.4782172 0.1697682 2.2491646 45 45 45
0.4891630 0.1702768 2.2559032 45 45 45
0.5001761 0.1707890 2.2626891 43 43 43
0.5108169 0.1711573 2.2675686 46 46 46
0.5219887 0.1716867 2.2745824 46 46 46
0.5333141 0.1722467 2.2820003 42 42 42
0.5441120 0.1726194 2.2869380 43 43 43
0.5554842 0.1731581 2.2940757 42 42 42
0.5668996 0.1736917 2.3011444 45 45 45
0.5783036 0.1742038 2.3079298 43 43 43
0.5897837 0.1747215 2.3147888 41 41 41
0.6012651 0.1752228 2.3214302 42 42 42
0.6130631 0.1757988 2.3290610 46 46 46
0.6242978 0.1761977 2.3343451 40 40 40
0.6359798 0.1767084 2.3411117 36 36 36
0.6477827 0.1772366 2.3481095 40 40 40
0.6598166 0.1778112 2.3557212 40 40 40
0.6716845 0.1783246 2.3625238 38 38 38
0.6837371 0.1788714 2.3697674 39 39 39
0.6957775 0.1793992 2.3767607 38 38 38
0.7079697 0.1799507 2.3840663 40 40 40
0.7196276 0.1803528 2.3893936 38 38 38
0.7320538 0.1809336 2.3970892 33 33 33
0.7443718 0.1814723 2.4042263 35 35 35
0.7569481 0.1820587 2.4119942 35 35 35
0.7694731 0.1826173 2.4193947 42 42 42
0.7802842 0.1827598 2.4212835 59 59 59
0.7924052 0.1832016 2.4271357 55 55 55
0.8054231 0.1838367 2.4355507 53 53 53
0.8182347 0.1844094 2.4431379 51 51 51
2.5069416 0.5444359 7.2129283 103 103 103
2.5529437 0.5477800 7.2572331 93 93 93
2.7191052 0.5697727 7.5486021 94 94 94
2.7443078 0.5683995 7.5304098 119 119 119
2.7693512 0.5670253 7.5122032 132 132 132
2.7975740 0.5663257 7.5029354 138 138 138
2.8232977 0.5651416 7.4872470 110 110 110
2.8575242 0.5656667 7.4942050 141 141 141
2.8878083 0.5654086 7.4907846 129 129 129
2.9202900 0.5655816 7.4930773 120 120 120
2.9558880 0.5663481 7.5032310 105 105 105
2.9940524 0.5675848 7.5196157 91 91 91
3.1014571 0.5757501 7.6277933 121 121 121
3.1307507 0.5752223 7.6208010 97 97 97
3.1609120 0.5748631 7.6160421 67 67 67
3.1935441 0.5749559 7.6172724 65 65 65
-4.3345556 0.6628940 8.3176250 39 39 39
-4.3038311 0.6635647 8.3260412 44 44 44
-4.2715220 0.6640002 8.3315048 49 49 49
-4.2394133 0.6644743 8.3374538 51 51 51
-4.2084913 0.6651439 8.3458557 54 54 54
-4.1533065 0.6619577 8.3058777 56 56 56
-4.1244469 0.6629488 8.3183126 53 53 53
-3.9568019 0.6526543 8.1891441 51 51 51
-3.9281027 0.6536251 8.2013245 48 48 48
-3.9014857 0.6549627 8.2181072 40 40 40
-2.7568395 0.4843148 6.0769134 120 120 120
-2.6377130 0.4677348 5.8688760 114 114 114
-2.5437224 0.4553401 5.7133551 100 100 100
-2.4098582 0.4397071 5.5172005 112 112 112
-2.3351934 0.4302373 5.3983784 111 111 111
-2.2761853 0.4234941 5.3137684 114 114 114
-2.2058046 0.4144798 5.2006617 111 111 111
-1.7565033 0.3547431 4.4511194 100 100 100
-1.7239578 0.3519310 4.4158344 76 76 76
-1.7040335 0.3516621 4.4124603 31 31 31
-1.6914823 0.3529257 4.4283152 26 26 26
-1.6776725 0.3539519 4.4411917 29 29 29
-1.6634558 0.3549145 4.4532700 35 35 35
-1.4517835 0.3169075 3.9763787 62 62 62
-1.4126567 0.3119698 3.9144232 84 84 84
-1.3726349 0.3067154 3.8484941 91 91 91
-1.3338715 0.3016198 3.7845578 85 85 85
-1.2939492 0.2961356 3.7157447 61 61 61
-1.2603548 0.2919829 3.6636386 59 59 59
-1.2236656 0.2870013 3.6011322 88 88 88
-1.1896789 0.2825362 3.5451076 98 98 98
-1.1532129 0.2773612 3.4801748 105 105 105
-1.1247343 0.2739987 3.4379833 100 100 100
-1.0891663 0.2687987 3.3727369 62 62 62
-1.0528377 0.2632709 3.3033776 62 62 62
-1.0160707 0.2574838 3.2307642 92 92 92
-0.9880114 0.2537760 3.1842411 123 123 123
-0.9632809 0.2508329 3.1473114 145 145 145
-0.9343082 0.2466874 3.0952964 147 147 147
-0.9104418 0.2437918 3.0589640 149 149 149
-0.8837519 0.2400460 3.0119641 105 105 105
-0.8560268 0.2359057 2.9600141 83 83 83
-0.8347425 0.2334442 2.9291275 86 86 86
-0.8126484 0.2306787 2.8944287 84 84 84
-0.7880733 0.2271140 2.8497002 160 160 160
-0.7668182 0.2244105 2.8157778 166 166 166
-0.7436309 0.2210475 2.7735815 169 169 169
-0.7232168 0.2184146 2.7405457 160 160 160
-0.7035979 0.2159403 2.7094989 143 143 143
-0.6821744 0.2128213 2.6703629 114 114 114
-0.6607259 0.2095896 2.6298139 72 72 72
-0.6399379 0.2064607 2.5905545 63 63 63
-0.5965099 0.1992525 2.5001094 97 97 97
-0.5822397 0.1979851 2.4842064 73 73 73
-0.5655376 0.1958290 2.4571540 92 92 92
-0.5482810 0.1933970 2.4266374 84 84 84
-0.5310147 0.1908689 2.3949170 74 74 74
-0.5150496 0.1887196 2.3679488 75 75 75
-0.4996631 0.1867015 2.3426268 60 60 60
-0.4841749 0.1845632 2.3157969 63 63 63
-0.4693733 0.1826040 2.2912140 66 66 66
-0.4545807 0.1805660 2.2656422 63 63 63
-0.4401568 0.1785901 2.2408497 59 59 59
-0.4261359 0.1766947 2.2170668 54 54 54
-0.4118873 0.1746176 2.1910052 52 52 52
-0.3985796 0.1728533 2.1688671 53 53 53
-0.3866495 0.1716176 2.1533618 62 62 62
-0.3733439 0.1696971 2.1292653 64 64 64
-0.3605320 0.1679120 2.1068668 69 69 69
-0.3477246 0.1660388 2.0833631 78 78 78
-0.3355082 0.1643581 2.0622740 78 78 78
-0.3232904 0.1625872 2.0400538 84 84 84
-0.3115068 0.1609438 2.0194337 91 91 91
-0.3007303 0.1597430 2.0043664 92 92 92
-0.2889607 0.1579299 1.9816171 91 91 91
-0.2776016 0.1562399 1.9604117 81 81 81
-0.2565399 0.1535302 1.9264119 85 85 85
-0.2453573 0.1516397 1.9026903 100 100 100
-0.2348354 0.1500434 1.8826606 112 112 112
-0.2246654 0.1485681 1.8641498 110 110 110
-0.2061280 0.1465662 1.8390316 78 78 78
-0.1986835 0.1467957 1.8419116 78 78 78
-0.1914872 0.1472347 1.8474196 87 87 87
-0.1841499 0.1475979 1.8519768 87 87 87
-0.1767391 0.1479318 1.8561661 87 87 87
-0.1692789 0.1482534 1.8602012 89 89 89
-0.1618278 0.1486145 1.8647326 94 94 94
-0.1543238 0.1489615 1.8690866 89 89 89
-0.1470034 0.1495326 1.8762524 81 81 81
-0.1395212 0.1499947 1.8820508 89 89 89
-0.1318357 0.1502808 1.8856404 95 95 95
-0.1242259 0.1506956 1.8908442 101 101 101
-0.1164823 0.1509936 1.8945844 99 99 99
-0.1087610 0.1513667 1.8992655 99 99 99
-0.1010530 0.1518191 1.9049418 97 97 97
-0.0932186 0.1521434 1.9090111 97 97 97
-0.0853484 0.1524650 1.9130456 96 96 96
-0.0775272 0.1529502 1.9191340 96 96 96
-0.0695870 0.1532867 1.9233558 91 91 91
-0.0616285 0.1536660 1.9281156 85 85 85
-0.0536190 0.1540144 1.9324868 83 83 83
-0.0456125 0.1544976 1.9385504 79 79 79
-0.0375236 0.1548522 1.9429990 75 75 75
-0.0293930 0.1551846 1.9471695 71 71 71
-0.0212516 0.1556947 1.9535701 67 67 67
-0.0130420 0.1560361 1.9578544 67 67 67
-0.0047970 0.1564015 1.9624388 62 62 62
0.0034882 0.1568369 1.9679018 59 59 59
0.0118193 0.1572712 1.9733517 62 62 62
0.0201800 0.1575768 1.9771858 59 59 59
0.0285837 0.1579413 1.9817603 64 64 64
0.0370504 0.1584107 1.9876496 67 67 67
0.0455364 0.1587741 1.9922086 64 64 64
0.0541061 0.1592705 1.9984376 61 61 61
0.0626856 0.1596581 2.0033019 58 58 58
0.0712976 0.1600267 2.0079257 52 52 52
0.0800144 0.1605270 2.0142038 50 50 50
0.0886798 0.1608384 2.0181110 58 58 58
0.0974316 0.1612380 2.0231254 56 56 56
0.1063003 0.1617513 2.0295656 54 54 54
0.1151238 0.1621243 2.0342457 52 52 52
0.1239999 0.1625146 2.0391428 54 54 54
0.1330010 0.1630076 2.0453281 51 51 51
0.1419842 0.1634197 2.0504999 54 54 54
0.1510866 0.1639139 2.0567009 52 52 52
0.1601110 0.1642745 2.0612257 51 51 51
0.1691965 0.1646574 2.0660295 52 52 52
0.1785147 0.1652181 2.0730653 54 54 54
0.1876654 0.1655787 2.0775900 57 57 57
0.1969835 0.1660483 2.0834813 62 62 62
0.2062802 0.1664605 2.0886533 56 56 56
0.2157587 0.1669795 2.0951660 50 50 50
0.2250950 0.1673521 2.0998406 55 55 55
0.2346611 0.1678608 2.1062245 59 59 59
0.2440823 0.1682326 2.1108890 56 56 56
0.2537899 0.1687686 2.1176147 61 61 61
0.2632871 0.1691330 2.1221871 60 60 60
0.2732291 0.1697499 2.1299272 52 52 52
0.2827899 0.1700981 2.1342969 49 49 49
0.2926294 0.1705874 2.1404357 50 50 50
0.3023605 0.1709861 2.1454382 48 48 48
0.3123501 0.1715035 2.1519308 47 47 47
0.3222021 0.1719183 2.1571355 49 49 49
0.3323286 0.1724528 2.1638417 49 49 49
0.3424436 0.1729529 2.1701174 49 49 49
0.3523803 0.1733393 2.1749649 46 46 46
0.3627236 0.1739009 2.1820126 45 45 45
0.3727036 0.1742650 2.1865807 48 48 48
0.3831689 0.1748329 2.1937060 48 48 48
0.3935701 0.1753454 2.2001371 47 47 47
0.4038731 0.1757917 2.2057362 52 52 52
0.4144018 0.1763138 2.2122874 52 52 52
0.4250005 0.1768421 2.2189159 51 51 51
0.4353462 0.1772446 2.2239666 48 48 48
0.4460594 0.1777766 2.2306418 43 43 43
0.4568892 0.1783321 2.2376127 42 42 42
0.4678029 0.1788973 2.2447038 47 47 47
0.4783067 0.1792864 2.2495856 41 41 41
0.4892677 0.1798284 2.2563863 41 41 41
0.5003023 0.1803762 2.2632599 42 42 42
0.5114753 0.1809525 2.2704911 43 43 43
0.5221518 0.1813352 2.2752934 44 44 44
0.5334826 0.1819272 2.2827213 49 49 49
0.5447888 0.1824900 2.2897830 44 44 44
0.5560903 0.1830316 2.2965789 47 47 47
0.5670113 0.1834316 2.3015978 52 52 52
0.5786173 0.1840360 2.3091817 44 44 44
0.5900090 0.1845534 2.3156734 45 45 45
0.6015208 0.1850909 2.3224170 42 42 42
0.6133162 0.1856970 2.3300226 45 45 45
0.6250021 0.1862513 2.3369784 40 40 40
0.6366205 0.1867687 2.3434699 38 38 38
0.6480648 0.1872200 2.3491321 42 42 42
0.6599010 0.1877691 2.3560228 39 39 39
0.6719176 0.1883526 2.3633437 37 37 37
0.6840321 0.1889460 2.3707900 44 44 44
0.6961318 0.1895184 2.3779712 45 45 45
0.7083063 0.1900945 2.3852000 45 45 45
0.7205837 0.1906817 2.3925683 42 42 42
0.7329143 0.1912666 2.3999071 37 37 37
0.7446553 0.1916838 2.4051416 45 45 45
0.7572721 0.1923122 2.4130266 43 43 43
0.7697125 0.1928797 2.4201477 45 45 45
0.7806169 0.1930525 2.4223158 50 50 50
0.7930636 0.1935974 2.4291525 55 55 55
0.8061666 0.1942865 2.4377992 54 54 54
0.8185276 0.1947817 2.4440124 55 55 55
2.5062857 0.5747020 7.2110410 100 100 100
2.5496807 0.5776441 7.2479577 92 92 92
2.7221296 0.6022739 7.5569983 85 85 85
2.7473032 0.6008100 7.5386295 106 106 106
2.7715123 0.5991710 7.5180655 130 130 130
2.7991650 0.5983053 7.5072021 126 126 126
2.8229825 0.5966483 7.4864111 95 95 95
2.8597569 0.5977361 7.5000606 123 123 123
2.8900123 0.5974525 7.4965019 118 118 118
2.9215147 0.5974300 7.4962196 115 115 115
2.9555326 0.5979169 7.5023289 103 103 103
2.9932287 0.5991297 7.5175471 91 91 91
3.0330222 0.6007326 7.5376582 77 77 77
3.1330378 0.6078026 7.6263685 117 117 117
3.1629765 0.6073760 7.6210165 115 115 115
3.1944559 0.6072509 7.6194468 110 110 110
3.3022044 0.6093464 7.6457400 71 71 71
-4.2338653 0.6817553 8.1244087 42 42 42
-4.2031283 0.6823273 8.1312246 43 43 43
-4.1705737 0.6826112 8.1346083 48 48 48
-4.1382098 0.6829312 8.1384220 50 50 50
-3.9976468 0.6823704 8.1317377 44 44 44
-3.9675462 0.6830918 8.1403360 41 41 41
-2.9991517 0.5446368 6.4903812 101 101 101
-2.8901827 0.5296822 6.3121681 112 112 112
-2.7663350 0.5116973 6.0978446 120 120 120
-2.6442688 0.4937075 5.8834624 114 114 114
-2.4143505 0.4638359 5.5274849 109 109 109
-2.3402705 0.4539869 5.4101152 112 112 112
-2.2808702 0.4468197 5.3247051 113 113 113
-2.2117918 0.4375952 5.2147779 110 110 110
-2.0739272 0.4186438 4.9889359 101 101 101
-1.7324356 0.3723746 4.4375496 54 54 54
-1.7129915 0.3722157 4.4356565 28 28 28
-1.6995485 0.3733717 4.4494324 32 32 32
-1.6852090 0.3743543 4.4611425 34 34 34
-1.6712995 0.3754557 4.4742680 36 36 36
-1.4521081 0.3337502 3.9772677 59 59 59
-1.4153911 0.3291125 3.9220004 71 71 71
-1.3746339 0.3234146 3.8540986 84 84 84
-1.3355031 0.3179675 3.7891870 81 81 81
-1.2977308 0.3127159 3.7266042 61 61 61
-1.2618192 0.3077895 3.6678958 59 59 59
-1.2252856 0.3025871 3.6058996 88 88 88
-1.1900450 0.2975773 3.5461986 97 97 97
-1.1561562 0.2927823 3.4890573 96 96 96
-1.1209674 0.2875303 3.4264691 96 96 96
-1.0897126 0.2831633 3.3744287 56 56 56
-1.0166674 0.2712670 3.2326612 83 83 83
-0.9893939 0.2675777 3.1886966 142 142 142
-0.9642945 0.2643828 3.1506233 158 158 158
-0.9354596 0.2600602 3.0991108 143 143 143
-0.9083498 0.2561015 3.0519350 146 146 146
-0.8844624 0.2529505 3.0143855 104 104 104
-0.8567094 0.2485860 2.9623744 81 81 81
-0.8354455 0.2460031 2.9315941 88 88 88
-0.8096056 0.2419750 2.8835909 77 77 77
-0.7888970 0.2393810 2.8526785 156 156 156
-0.7677651 0.2365762 2.8192549 162 162 162
-0.7443045 0.2329544 2.7760940 166 166 166
-0.7241264 0.2302606 2.7439923 164 164 164
-0.7045494 0.2276736 2.7131629 143 143 143
-0.6824463 0.2241714 2.6714272 116 116 116
-0.6612856 0.2208663 2.6320415 73 73 73
-0.6429010 0.2183915 2.6025493 65 65 65
-0.5975037 0.2101448 2.5042746 104 104 104
-0.5824950 0.2085522 2.4852955 68 68 68
-0.5660409 0.2063742 2.4593406 73 73 73
-0.5497034 0.2041582 2.4329331 89 89 89
-0.5314775 0.2011433 2.3970046 79 79 79
-0.5155752 0.1989079 2.3703651 81 81 81
-0.4999164 0.1966799 2.3438141 71 71 71
-0.4847848 0.1945736 2.3187139 64 64 64
-0.4696008 0.1923591 2.2923241 62 62 62
-0.4550214 0.1903045 2.2678390 61 61 61
-0.4405310 0.1881996 2.2427554 61 61 61
-0.4264019 0.1861601 2.2184505 54 54 54
-0.4127005 0.1842200 2.1953306 49 49 49
-0.3989632 0.1821744 2.1709542 47 47 47
-0.3856875 0.1802486 2.1480041 57 57 57
-0.3737996 0.1788942 2.1318641 62 62 62
-0.3609157 0.1769847 2.1091089 67 67 67
-0.3482282 0.1750775 2.0863807 75 75 75
-0.3358695 0.1732410 2.0644951 77 77 77
-0.3235723 0.1713393 2.0418332 85 85 85
-0.3117338 0.1695831 2.0209050 98 98 98
-0.3010489 0.1683735 2.0064900 94 94 94
-0.2892053 0.1664271 1.9832947 88 88 88
-0.2779022 0.1646850 1.9625347 82 82 82
-0.2668657 0.1629989 1.9424412 95 95 95
-0.2568109 0.1618245 1.9284465 89 89 89
-0.2457499 0.1599187 1.9057343 92 92 92
-0.2350964 0.1581580 1.8847530 105 105 105
-0.2247841 0.1565118 1.8651350 99 99 99
-0.2146784 0.1548952 1.8458698 87 87 87
-0.2062155 0.1543869 1.8398125 77 77 77
-0.1988923 0.1547254 1.8438472 81 81 81
-0.1916118 0.1551261 1.8486217 85 85 85
-0.1841531 0.1554103 1.8520091 86 86 86
-0.1768121 0.1558235 1.8569334 88 88 88
-0.1693557 0.1561686 1.8610451 86 86 86
-0.1619518 0.1565979 1.8661612 91 91 91
-0.1543808 0.1569013 1.8697766 88 88 88
-0.1471839 0.1576380 1.8785555 79 79 79
-0.1395611 0.1579765 1.8825897 80 80 80
-0.1319454 0.1583642 1.8872097 80 80 80
-0.1243285 0.1588002 1.8924059 75 75 75
-0.1166002 0.1591440 1.8965027 67 67 67
-0.1089013 0.1595815 1.9017160 64 64 64
-0.1011390 0.1599882 1.9065630 67 67 67
-0.0933060 0.1603438 1.9108002 65 65 65
-0.0855035 0.1608238 1.9165213 65 65 65
-0.0775871 0.1611676 1.9206178 65 65 65
-0.0696600 0.1615666 1.9253728 67 67 67
-0.0616717 0.1619104 1.9294692 71 71 71
-0.0537034 0.1624188 1.9355280 71 71 71
-0.0456443 0.1627860 1.9399043 69 69 69
-0.0375515 0.1631668 1.9444420 71 71 71
-0.0294374 0.1636422 1.9501078 68 68 68
-0.0212648 0.1640346 1.9547842 68 68 68
-0.0130463 0.1643460 1.9584943 66 66 66
-0.0048009 0.1648089 1.9640105 61 61 61
0.0034915 0.1652925 1.9697745 59 59 59
0.0118232 0.1656464 1.9739915 60 60 60
0.0201917 0.1660108 1.9783341 69 69 69
0.0286181 0.1664989 1.9841501 69 69 69
0.0370744 0.1669005 1.9889367 74 74 74
0.0455810 0.1673387 1.9941579 66 66 66
0.0541259 0.1677591 1.9991685 64 64 64
0.0627005 0.1681459 2.0037773 55 55 55
0.0713260 0.1685610 2.0087245 56 56 56
0.0800517 0.1690996 2.0151427 57 57 57
0.0887436 0.1694704 2.0195620 58 58 58
0.0975060 0.1698991 2.0246708 53 53 53
0.1063382 0.1703705 2.0302880 50 50 50
0.1151769 0.1707814 2.0351844 53 53 53
0.1241623 0.1713377 2.0418146 54 54 54
0.1330719 0.1717240 2.0464172 51 51 51
0.1420202 0.1721102 2.0510199 55 55 55
0.1511928 0.1727082 2.0581467 54 54 54
0.1601622 0.1730219 2.0618839 53 53 53
0.1693977 0.1735758 2.0684855 53 53 53
0.1785287 0.1739737 2.0732272 55 55 55
0.1877592 0.1744269 2.0786276 56 56 56
0.1970948 0.1749329 2.0846579 60 60 60
0.2063878 0.1753595 2.0897419 56 56 56
0.2158510 0.1758900 2.0960627 51 51 51
0.2251734 0.1762684 2.1005721 55 55 55
0.2347599 0.1768170 2.1071105 57 57 57
0.2442006 0.1772199 2.1119113 59 59 59
0.2538789 0.1777608 2.1183572 58 58 58
0.2634266 0.1781765 2.1233115 54 54 54
0.2732884 0.1787705 2.1303897 48 48 48
0.2829170 0.1791789 2.1352563 50 50 50
0.2927240 0.1796716 2.1411281 49 49 49
0.3027805 0.1802834 2.1484184 48 48 48
0.3125040 0.1806671 2.1529915 49 49 49
0.3226928 0.1812906 2.1604214 49 49 49
0.3325461 0.1816964 2.1652579 50 50 50
0.3426108 0.1821931 2.1711769 50 50 50
0.3525990 0.1826243 2.1763148 50 50 50
0.3629459 0.1832146 2.1833501 47 47 47
0.3731725 0.1837165 2.1893311 47 47 47
0.3832758 0.1841350 2.1943183 46 46 46
0.3936874 0.1846784 2.2007933 47 47 47
0.4042602 0.1852706 2.2078505 51 51 51
0.4144903 0.1856826 2.2127604 51 51 51
0.4252031 0.1862879 2.2199740 54 54 54
0.4359707 0.1868907 2.2271571 49 49 49
0.4463444 0.1873027 2.2320671 48 48 48
0.4570916 0.1878512 2.2386036 48 48 48
0.4679672 0.1884292 2.2454920 44 44 44
0.4789440 0.1890243 2.2525828 42 42 42
0.4895515 0.1894532 2.2576952 38 38 38
0.5005745 0.1900236 2.2644916 42 42 42
0.5116405 0.1905886 2.2712250 43 43 43
0.5229230 0.1912120 2.2786536 44 44 44
0.5336161 0.1916013 2.2832928 46 46 46
0.5450787 0.1922481 2.2910013 43 43 43
0.5562286 0.1927641 2.2971501 41 41 41
0.5676398 0.1933514 2.3041489 49 49 49
0.5787087 0.1938043 2.3095465 45 45 45
0.5901955 0.1943799 2.3164053 42 42 42
0.6019239 0.1950150 2.3239734 43 43 43
0.6135824 0.1956074 2.3310339 41 41 41
0.6252247 0.1961761 2.3378108 39 39 39
0.6369254 0.1967452 2.3445923 40 40 40
0.6488961 0.1973790 2.3521454 42 42 42
0.6607059 0.1979455 2.3588965 39 39 39
0.6721037 0.1983736 2.3639982 40 40 40
0.6842687 0.1990123 2.3716099 41 41 41
0.6964903 0.1996489 2.3791955 42 42 42
0.7086958 0.2002628 2.3865116 43 43 43
0.7208713 0.2008512 2.3935230 40 40 40
0.7328495 0.2013691 2.3996952 35 35 35
0.7457207 0.2021149 2.4085829 44 44 44
0.7580245 0.2026890 2.4154241 42 42 42
0.7705394 0.2033035 2.4227476 41 41 41
0.7815815 0.2035185 2.4253089 55 55 55
0.7941620 0.2041233 2.4325168 57 57 57
0.8068452 0.2047388 2.4398513 56 56 56
0.8194830 0.2053273 2.4468651 57 57 57
2.5048292 0.6047589 7.2068505 96 96 96
2.5479136 0.6077868 7.2429338 88 88 88
2.7267675 0.6352218 7.5698738 80 80 80
2.7502291 0.6332737 7.5466585 100 100 100
2.7748616 0.6316367 7.5271511 121 121 121
2.8011498 0.6304095 7.5125256 130 130 130
2.8254731 0.6287723 7.4930158 98 98 98
2.8628542 0.6300451 7.5081840 107 107 107
2.8925807 0.6296239 7.5031643 108 108 108
2.9251304 0.6298197 7.5054970 110 110 110
2.9577522 0.6300266 7.5079632 108 108 108
2.9927354 0.6307269 7.5163078 92 92 92
3.0326350 0.6324376 7.5366955 81 81 81
3.1682348 0.6405766 7.6336861 81 81 81
3.1953399 0.6395587 7.6215553 84 84 84
3.2589333 0.6394241 7.6199517 91 91 91
3.3028731 0.6417180 7.6472888 70 70 70
2.7846706 0.5207002 6.2051311 45 45 45
-4.1364565 0.6995422 7.9374905 46 46 46
-4.1062746 0.7001030 7.9438548 48 48 48
-4.0766063 0.7007615 7.9513259 47 47 47
-4.0463514 0.7013292 7.9577680 51 51 51
-4.0170951 0.7020810 7.9662981 54 54 54
-3.9858980 0.7025033 7.9710898 56 56 56
-3.9595304 0.7037913 7.9857039 54 54 54
-3.9326465 0.7050088 7.9995189 48 48 48
-3.8827078 0.7020786 7.9662704 45 45 45
-3.8525963 0.7027136 7.9734759 46 46 46
-3.8193014 0.7027741 7.9741626 45 45 45
-3.7877512 0.7031596 7.9785366 45 45 45
-3.7562940 0.7035694 7.9831867 47 47 47
-3.0057399 0.5732629 6.5046387 102 102 102
-2.8984692 0.5578952 6.3302660 104 104 104
-2.7774894 0.5395785 6.1224322 118 118 118
-2.6517467 0.5199842 5.9001012 124 124 124
-2.5663764 0.5080103 5.7642369 109 109 109
-2.4204075 0.4883671 5.5413523 107 107 107
-2.3452563 0.4778168 5.4216413 109 109 109
-2.2850327 0.4701301 5.3344221 112 112 112
-2.2177610 0.4608260 5.2288518 112 112 112
-2.1547461 0.4522284 5.1312976 110 110 110
-2.0793235 0.4408260 5.0019174 117 117 117
-1.9633090 0.4248498 4.8206401 107 107 107
-1.7422020 0.3932922 4.4625664 54 54 54
-1.7242491 0.3934897 4.4648075 27 27 27
-1.7080023 0.3940852 4.4715643 29 29 29
-1.6937494 0.3951593 4.4837513 32 32 32
-1.6804781 0.3964891 4.4988403 38 38 38
-1.4171587 0.3460831 3.9268985 73 73 73
-1.3769822 0.3402474 3.8606830 73 73 73
-1.3370486 0.3343328 3.7935719 79 79 79
-1.2989968 0.3287512 3.7302394 64 64 64
-1.2631608 0.3236005 3.6717954 62 62 62
-1.2267247 0.3181662 3.6101348 84 84 84
-1.1915358 0.3129230 3.5506408 88 88 88
-1.1569289 0.3077010 3.4913890 96 96 96
-1.1237454 0.3027279 3.4349611 82 82 82
-1.0827399 0.2954902 3.3528371 56 56 56
-1.0171583 0.2850365 3.2342222 85 85 85
-0.9905632 0.2813564 3.1924651 141 141 141
-0.9619761 0.2770013 3.1430483 156 156 156
-0.9366565 0.2734784 3.1030762 147 147 147
-0.9088993 0.2691340 3.0537813 150 150 150
-0.8854413 0.2659560 3.0177219 104 104 104
-0.8581140 0.2615062 2.9672313 79 79 79
-0.8363466 0.2586442 2.9347560 89 89 89
-0.8111752 0.2546276 2.8891814 83 83 83
-0.7897413 0.2516797 2.8557320 154 154 154
-0.7685523 0.2487196 2.8221455 160 160 160
-0.7450939 0.2449206 2.7790384 168 168 168
-0.7247456 0.2420387 2.7463388 167 167 167
-0.7023854 0.2383804 2.7048297 160 160 160
-0.6830047 0.2356293 2.6736131 125 125 125
-0.6616405 0.2320900 2.6334543 78 78 78
-0.6409737 0.2286787 2.5947473 65 65 65
-0.5979241 0.2208605 2.5060370 102 102 102
-0.5829365 0.2191986 2.4871790 58 58 58
-0.5665641 0.2169455 2.4616139 77 77 77
-0.5480958 0.2137908 2.4258182 102 102 102
-0.5321292 0.2115104 2.3999436 80 80 80
-0.5161900 0.2091527 2.3731916 81 81 81
-0.5008720 0.2069585 2.3482943 77 77 77
-0.4852775 0.2045592 2.3210704 67 67 67
-0.4703477 0.2023471 2.2959702 64 64 64
-0.4554950 0.2000758 2.2701993 66 66 66
-0.4411398 0.1979303 2.2458544 65 65 65
-0.4270209 0.1957990 2.2216711 55 55 55
-0.4130567 0.1936446 2.1972256 49 49 49
-0.3991899 0.1914380 2.1721883 49 49 49
-0.3861171 0.1895175 2.1503966 58 58 58
-0.3727737 0.1873686 2.1260138 54 54 54
-0.3613348 0.1860946 2.1115584 61 61 61
-0.3486688 0.1841083 2.0890207 64 64 64
-0.3362554 0.1821559 2.0668669 73 73 73
-0.3239686 0.1801700 2.0443335 73 73 73
-0.3119943 0.1782540 2.0225935 81 81 81
-0.2896859 0.1750810 1.9865906 93 93 93
-0.2781186 0.1730957 1.9640634 91 91 91
-0.2671140 0.1713494 1.9442488 100 100 100
-0.2571108 0.1701552 1.9306990 93 93 93
-0.2250194 0.1645490 1.8670866 93 93 93
-0.2147907 0.1627642 1.8468354 82 82 82
-0.2063329 0.1622375 1.8408597 72 72 72
-0.1989985 0.1625876 1.8448318 81 81 81
-0.1916388 0.1629445 1.8488816 86 86 86
-0.1842510 0.1633069 1.8529937 90 90 90
-0.1768369 0.1636771 1.8571932 87 87 87
-0.1694176 0.1640764 1.8617247 88 88 88
-0.1619677 0.1644835 1.8663443 89 89 89
-0.1544505 0.1648604 1.8706210 84 84 84
-0.1472612 0.1656468 1.8795431 60 60 60
-0.1396777 0.1660539 1.8841623 57 57 57
-0.1320296 0.1664286 1.8884138 67 67 67
-0.1243697 0.1668356 1.8930328 70 70 70
-0.1167203 0.1673137 1.8984568 68 68 68
-0.1089434 0.1676656 1.9024508 74 74 74
-0.1011607 0.1680642 1.9069731 75 75 75
-0.0933440 0.1684700 1.9115773 67 67 67
-0.0855444 0.1689866 1.9174386 71 71 71
-0.0776308 0.1693621 1.9217004 73 73 73
-0.0696827 0.1697411 1.9259999 71 71 71
-0.0616966 0.1701154 1.9302471 74 74 74
-0.0537310 0.1706685 1.9365232 71 71 71
-0.0456647 0.1710428 1.9407704 73 73 73
-0.0375761 0.1714787 1.9457161 70 70 70
-0.0294526 0.1719543 1.9511129 70 70 70
-0.0212717 0.1723341 1.9554226 72 72 72
-0.0130525 0.1726880 1.9594376 66 66 66
-0.0048055 0.1732576 1.9659005 64 64 64
0.0034927 0.1736620 1.9704897 65 65 65
0.0118287 0.1740515 1.9749095 62 62 62
0.0202116 0.1745250 1.9802816 68 68 68
0.0286335 0.1749600 1.9852172 74 74 74
0.0370905 0.1753640 1.9898021 68 68 68
0.0456242 0.1759145 1.9960476 68 68 68
0.0541471 0.1762586 1.9999520 65 65 65
0.0627646 0.1767761 2.0058241 65 65 65
0.0714316 0.1772937 2.0116978 64 64 64
0.0800861 0.1776738 2.0160105 60 60 60
0.0887945 0.1780888 2.0207195 57 57 57
0.0976106 0.1786285 2.0268431 53 53 53
0.1063914 0.1790218 2.0313051 54 54 54
0.1152344 0.1794533 2.0362015 54 54 54
0.1242158 0.1800254 2.0426934 54 54 54
0.1331528 0.1804634 2.0476630 50 50 50
0.1422257 0.1810208 2.0539880 51 51 51
0.1512254 0.1814265 2.0585911 50 50 50
0.1602699 0.1818389 2.0632706 53 53 53
0.1694588 0.1823643 2.0692317 56 56 56
0.1786170 0.1828068 2.0742531 57 57 57
0.1878176 0.1832494 2.0792744 53 53 53
0.1971712 0.1837951 2.0854664 54 54 54
0.2066313 0.1843892 2.0922074 52 52 52
0.2158665 0.1847422 2.0962133 55 55 55
0.2252535 0.1851922 2.1013196 54 54 54
0.2349233 0.1858319 2.1085777 58 58 58
0.2445192 0.1863686 2.1146672 56 56 56
0.2540123 0.1867919 2.1194706 56 56 56
0.2637229 0.1873409 2.1257000 56 56 56
0.2733855 0.1878209 2.1311467 49 49 49
0.2832060 0.1883754 2.1374378 50 50 50
0.2929054 0.1888176 2.1424551 51 51 51
0.3028960 0.1894154 2.1492381 50 50 50
0.3126650 0.1898439 2.1541004 48 48 48
0.3225695 0.1903282 2.1595955 49 49 49
0.3325877 0.1908511 2.1655293 47 47 47
0.3426856 0.1913906 2.1716504 46 46 46
0.3530699 0.1920578 2.1792212 45 45 45
0.3630627 0.1924836 2.1840529 43 43 43
0.3733550 0.1930432 2.1904020 47 47 47
0.3833742 0.1934380 2.1948814 54 54 54
0.3939445 0.1940856 2.2022300 51 51 51
0.4044421 0.1946685 2.2088437 51 51 51
0.4146909 0.1951080 2.2138309 52 52 52
0.4253933 0.1957369 2.2209668 56 56 56
0.4360654 0.1963251 2.2276406 51 51 51
0.4466399 0.1968454 2.2335448 52 52 52
0.4572810 0.1973730 2.2395315 48 48 48
0.4680387 0.1979286 2.2458351 43 43 43
0.4787593 0.1984467 2.2517142 40 40 40
0.4900718 0.1991853 2.2600944 44 44 44
0.5008266 0.1996733 2.2656322 44 44 44
0.5119151 0.2002736 2.2724435 50 50 50
0.5230541 0.2008713 2.2792246 50 50 50
0.5341449 0.2014292 2.2855554 48 48 48
0.5452892 0.2019871 2.2918859 45 45 45
0.5566671 0.2026107 2.2989609 48 48 48
0.5679480 0.2031782 2.3054004 51 51 51
0.5793726 0.2037771 2.3121963 44 44 44
0.5909587 0.2044120 2.3194005 44 44 44
0.6020182 0.2048472 2.3243380 44 44 44
0.6136416 0.2054571 2.3312588 45 45 45
0.6253595 0.2060790 2.3383150 44 44 44
0.6370860 0.2066843 2.3451836 45 45 45
0.6492166 0.2074002 2.3533070 48 48 48
0.6609921 0.2079829 2.3599184 45 45 45
0.6729383 0.2086012 2.3669341 42 42 42
0.6848781 0.2091994 2.3737221 36 36 36
0.6972529 0.2099114 2.3818004 42 42 42
0.7095711 0.2105864 2.3894589 41 41 41
0.7212546 0.2110567 2.3947957 38 38 38
0.7335021 0.2116768 2.4018321 34 34 34
0.7460597 0.2123683 2.4096777 37 37 37
0.7585031 0.2130091 2.4169493 35 35 35
0.7709602 0.2136367 2.4240706 41 41 41
0.7817540 0.2137931 2.4258447 56 56 56
0.7944187 0.2144504 2.4333031 54 54 54
0.8071770 0.2151159 2.4408543 55 55 55
0.8200133 0.2157852 2.4484484 60 60 60
2.5043933 0.6350393 7.2055964 95 95 95
2.5455465 0.6377369 7.2362056 83 83 83
2.7526591 0.6656852 7.5533266 87 87 87
2.7774940 0.6640077 7.5342913 118 118 118
2.8046691 0.6629212 7.5219641 135 135 135
2.8330572 0.6621426 7.5131288 102 102 102
2.8646922 0.6621316 7.5130043 115 115 115
2.8972404 0.6623296 7.5152512 116 116 116
2.9336643 0.6633998 7.5273943 107 107 107
2.9650857 0.6633279 7.5265789 97 97 97
2.9973695 0.6634485 7.5279465 90 90 90
3.0344450 0.6646160 7.5411944 81 81 81
3.0721767 0.6659015 7.5557804 78 78 78
3.1193352 0.6691830 7.5930142 81 81 81
3.1681616 0.6727519 7.6335096 87 87 87
3.1922209 0.6710427 7.6141162 69 69 69
3.2647855 0.6727629 7.6336346 83 83 83
3.3032780 0.6740488 7.6482258 68 68 68
2.7864084 0.5472082 6.2090034 40 40 40
-4.0472069 0.7171984 7.7662282 48 48 48
-4.0174599 0.7177348 7.7720375 51 51 51
-3.9880679 0.7183440 7.7786341 52 52 52
-3.9593647 0.7190885 7.7866955 55 55 55
-3.9282899 0.7194110 7.7901883 56 56 56
-3.8988247 0.7200363 7.7969589 54 54 54
-3.8696685 0.7207297 7.8044682 56 56 56
-3.8429270 0.7218887 7.8170176 52 52 52
-3.8143737 0.7227244 7.8260670 47 47 47
-3.7317040 0.7195111 7.7912717 45 45 45
-3.7016888 0.7200636 7.7972546 45 45 45
-3.6712196 0.7205368 7.8023791 46 46 46
-3.0119126 0.6019263 6.5179968 103 103 103
-2.9054515 0.5859979 6.3455153 113 113 113
-2.6597064 0.5465001 5.9178109 125 125 125
-2.4908814 0.5215989 5.6481676 103 103 103
-2.4245813 0.5126172 5.5509081 109 109 109
-2.3495421 0.5015946 5.4315491 109 109 109
-2.2894549 0.4935784 5.3447456 113 113 113
-2.2239294 0.4842188 5.2433949 111 111 111
-2.1616545 0.4753861 5.1477494 108 108 108
-2.0855463 0.4633012 5.0168862 114 114 114
-1.9675919 0.4461493 4.8311563 111 111 111
-1.9044170 0.4363424 4.7249618 117 117 117
-1.7477943 0.4134334 4.4768906 47 47 47
-1.7331932 0.4144564 4.4879670 31 31 31
-1.7190109 0.4156031 4.5003853 34 34 34
-1.7048749 0.4167868 4.5132027 38 38 38
-1.6894323 0.4176742 4.5228114 39 39 39
-1.4191965 0.3631640 3.9325449 76 76 76
-1.3783877 0.3568916 3.8646233 72 72 72
-1.3391773 0.3508879 3.7996116 73 73 73
-1.3001634 0.3447908 3.7335896 67 67 67
-1.2642938 0.3393884 3.6750886 61 61 61
-1.2279432 0.3337211 3.6137207 71 71 71
-1.1927520 0.3282305 3.5542648 85 85 85
-1.1581525 0.3227650 3.4950817 91 91 91
-1.1247717 0.3175026 3.4380977 87 87 87
-1.0837989 0.3099318 3.3561163 62 62 62
-1.0179332 0.2989026 3.2366862 89 89 89
-0.9911053 0.2949802 3.1942120 135 135 135
-0.9661362 0.2915106 3.1566408 148 148 148
-0.9372901 0.2867578 3.1051753 157 157 157
-0.9099437 0.2823357 3.0572903 151 151 151
-0.8862409 0.2789333 3.0204470 105 105 105
-0.8587770 0.2742306 2.9695239 77 77 77
-0.8369256 0.2712075 2.9367878 89 89 89
-0.8120137 0.2670869 2.8921680 83 83 83
-0.7905650 0.2639972 2.8587103 156 156 156
-0.7664303 0.2599009 2.8143532 162 162 162
-0.7458258 0.2568917 2.7817683 161 161 161
-0.7256578 0.2539391 2.7497954 164 164 164
-0.7030915 0.2500376 2.7075486 160 160 160
-0.6840872 0.2472951 2.6778507 147 147 147
-0.6607184 0.2428562 2.6297841 84 84 84
-0.6417549 0.2399127 2.5979097 66 66 66
-0.5986894 0.2317246 2.5092442 93 93 93
-0.5831021 0.2297521 2.4878857 61 61 61
-0.5655916 0.2269358 2.4573886 78 78 78
-0.5485897 0.2242222 2.4280040 93 93 93
-0.5326447 0.2218456 2.4022686 96 96 96
-0.5167747 0.2194086 2.3758800 98 98 98
-0.5010955 0.2169579 2.3493421 73 73 73
-0.4858373 0.2145943 2.3237479 73 73 73
-0.4709356 0.2122941 2.2988400 67 67 67
-0.4563266 0.2100319 2.2743440 62 62 62
-0.4415569 0.2075971 2.2479782 70 70 70
-0.4275310 0.2054127 2.2243249 65 65 65
-0.4135493 0.2031521 2.1998458 60 60 60
-0.3999572 0.2009835 2.1763630 57 57 57
-0.3865217 0.1987937 2.1526499 60 60 60
-0.3732454 0.1965823 2.1287036 60 60 60
-0.3604922 0.1945442 2.1066341 68 68 68
-0.3491138 0.1931638 2.0916870 66 66 66
-0.3366417 0.1910910 2.0692418 76 76 76
-0.3243084 0.1889889 2.0464780 64 64 64
-0.3124826 0.1870755 2.0257595 86 86 86
-0.3004981 0.1849570 2.0028188 97 97 97
-0.2899214 0.1836075 1.9882056 95 95 95
-0.2783343 0.1815186 1.9655859 93 93 93
-0.2673745 0.1797232 1.9461442 98 98 98
-0.2346868 0.1737506 1.8814695 102 102 102
-0.2251823 0.1725473 1.8684390 90 90 90
-0.2149895 0.1707101 1.8485448 85 85 85
-0.2064021 0.1700573 1.8414768 75 75 75
-0.1990718 0.1704299 1.8455113 74 74 74
-0.1917103 0.1708049 1.8495716 82 82 82
-0.1843272 0.1711917 1.8537605 90 90 90
-0.1769513 0.1716197 1.8583950 91 91 91
-0.1695007 0.1720116 1.8626388 88 88 88
-0.1620281 0.1724181 1.8670410 88 88 88
-0.1546516 0.1729737 1.8730568 80 80 80
-0.1473671 0.1736975 1.8808944 61 61 61
-0.1397564 0.1740973 1.8852237 64 64 64
-0.1321089 0.1744967 1.8895487 75 75 75
-0.1245166 0.1750250 1.8952696 77 77 77
-0.1167919 0.1754269 1.8996212 75 75 75
-0.1090002 0.1757799 1.9034437 76 76 76
-0.1012094 0.1761906 1.9078910 82 82 82
-0.0933708 0.1765818 1.9121277 74 74 74
-0.0855662 0.1771173 1.9179262 84 84 84
-0.0776619 0.1775367 1.9224679 75 75 75
-0.0697058 0.1779218 1.9266379 74 74 74
-0.0617611 0.1784415 1.9322654 71 71 71
-0.0537547 0.1789136 1.9373777 73 73 73
-0.0456949 0.1793456 1.9420553 68 68 68
-0.0376040 0.1798171 1.9471610 69 69 69
-0.0294645 0.1802548 1.9519012 74 74 74
-0.0212865 0.1807059 1.9567850 75 75 75
-0.0130572 0.1810155 1.9601375 76 76 76
-0.0048083 0.1816534 1.9670459 72 72 72
0.0034938 0.1820242 1.9710609 76 76 76
0.0118361 0.1824935 1.9761425 75 75 75
0.0202272 0.1830172 1.9818135 67 67 67
0.0286493 0.1834325 1.9863102 78 78 78
0.0371067 0.1838349 1.9906679 75 75 75
0.0456422 0.1844046 1.9968364 74 74 74
0.0541844 0.1848194 2.0013287 76 76 76
0.0627622 0.1852276 2.0057485 69 69 69
0.0714599 0.1858507 2.0124960 60 60 60
0.0801032 0.1862150 2.0164409 57 57 57
0.0888956 0.1868226 2.0230203 56 56 56
0.0976319 0.1872164 2.0272849 55 55 55
0.1064446 0.1876815 2.0323210 52 52 52
0.1153907 0.1882948 2.0389626 53 53 53
0.1242951 0.1887599 2.0439985 50 50 50
0.1331957 0.1891591 2.0483217 51 51 51
0.1422914 0.1897700 2.0549371 53 53 53
0.1512905 0.1901893 2.0594769 52 52 52
0.1604376 0.1907391 2.0654302 53 53 53
0.1695659 0.1912110 2.0705402 54 54 54
0.1787065 0.1916499 2.0752928 57 57 57
0.1878959 0.1920976 2.0801411 58 58 58
0.1972959 0.1927112 2.0867853 59 59 59
0.2067201 0.1932950 2.0931070 51 51 51
0.2160648 0.1937596 2.0981383 53 53 53
0.2255668 0.1943233 2.1042423 55 55 55
0.2349826 0.1947728 2.1091096 57 57 57
0.2445717 0.1953279 2.1151209 55 55 55
0.2540941 0.1957926 2.1201525 52 52 52
0.2638701 0.1964145 2.1268868 53 53 53
0.2734807 0.1968764 2.1318884 49 49 49
0.2833531 0.1974913 2.1385474 55 55 55
0.2929878 0.1979078 2.1430573 51 51 51
0.3029524 0.1985155 2.1496382 49 49 49
0.3130082 0.1991459 2.1564646 49 49 49
0.3228427 0.1996040 2.1614242 47 47 47
0.3329538 0.2002032 2.1679132 46 46 46
0.3428386 0.2006379 2.1726203 46 46 46
0.3531691 0.2013040 2.1798334 46 46 46
0.3632256 0.2017842 2.1850328 46 46 46
0.3734982 0.2023576 2.1912422 49 49 49
0.3839207 0.2029826 2.1980104 54 54 54
0.3940929 0.2034490 2.2030602 47 47 47
0.4045845 0.2040549 2.2096214 50 50 50
0.4152625 0.2047254 2.2168827 52 52 52
0.4255275 0.2051674 2.2216678 55 55 55
0.4361776 0.2057719 2.2282138 58 58 58
0.4469853 0.2064237 2.2352724 51 51 51
0.4577302 0.2070202 2.2417316 45 45 45
0.4683244 0.2075258 2.2472060 37 37 37
0.4792038 0.2081351 2.2538047 41 41 41
0.4901075 0.2087312 2.2602592 43 43 43
0.5011865 0.2093777 2.2672601 44 44 44
0.5119947 0.2098891 2.2727971 45 45 45
0.5233158 0.2105880 2.2803655 45 45 45
0.5345676 0.2112343 2.2873640 46 46 46
0.5454249 0.2117046 2.2924566 45 45 45
0.5566511 0.2122991 2.2988949 39 39 39
0.5681449 0.2129737 2.3061993 46 46 46
0.5798041 0.2136865 2.3139181 48 48 48
0.5911509 0.2142625 2.3201551 47 47 47
0.6028427 0.2149427 2.3275213 43 43 43
0.6143773 0.2155460 2.3340538 43 43 43
0.6256971 0.2160561 2.3395774 42 42 42
0.6375051 0.2167163 2.3467264 44 44 44
0.6492227 0.2173261 2.3533292 44 44 44
0.6613393 0.2180491 2.3611581 44 44 44
0.6733366 0.2187118 2.3683348 41 41 41
0.6852747 0.2193363 2.3750966 39 39 39
0.6975958 0.2200635 2.3829720 46 46 46
0.7100052 0.2207976 2.3909209 39 39 39
0.7223287 0.2214848 2.3983619 41 41 41
0.7346266 0.2221452 2.4055140 36 36 36
0.7465467 0.2226750 2.4112508 34 34 34
0.7589058 0.2233197 2.4182322 33 33 33
0.7712827 0.2239526 2.4250848 43 43 43
0.7825844 0.2242607 2.4284213 53 53 53
0.7951688 0.2249237 2.4356005 52 52 52
0.8080738 0.2256593 2.4435661 52 52 52
0.8202689 0.2261806 2.4492114 59 59 59
2.5062158 0.6659091 7.2108397 100 100 100
2.5429027 0.6675575 7.2286897 84 84 84
2.7571774 0.6986822 7.5657244 77 77 77
2.7823694 0.6970007 7.5475168 114 114 114
2.8085523 0.6956027 7.5323782 125 125 125
2.8352017 0.6943502 7.5188160 126 126 126
2.8584294 0.6922967 7.4965792 100 100 100
2.8967865 0.6939123 7.5140734 106 106 106
2.9321203 0.6947766 7.5234327 96 96 96
2.9685881 0.6958881 7.5354691 90 90 90
3.0055203 0.6970839 7.5484171 88 88 88
3.0421262 0.6981796 7.5602827 69 69 69
3.1224647 0.7019058 7.6006317 54 54 54
2.7876916 0.5736553 6.2118630 38 38 38
-3.9801996 0.7375317 7.6376476 47 47 47
-3.9522903 0.7383347 7.6459627 48 48 48
-3.8735659 0.7356305 7.6179590 51 51 51
-3.8440325 0.7361267 7.6230974 49 49 49
-3.8158257 0.7368875 7.6309757 54 54 54
-3.7876964 0.7376762 7.6391439 54 54 54
-3.7573612 0.7380452 7.6429653 49 49 49
-3.7280095 0.7386155 7.6488705 47 47 47
-3.6991141 0.7392869 7.6558242 46 46 46
-3.6701002 0.7399462 7.6626520 43 43 43
-3.5928359 0.7373525 7.6357918 47 47 47
-2.9145699 0.6146796 6.3654299 112 112 112
-2.8144670 0.5990855 6.2039418 122 122 122
-2.6678708 0.5732093 5.9359765 120 120 120
-2.5774879 0.5590352 5.7891941 103 103 103
-2.4956195 0.5464544 5.6589112 108 108 108
-2.4293222 0.5370732 5.5617619 112 112 112
-2.3541062 0.5255181 5.4421005 110 110 110
-2.2955461 0.5174901 5.3589664 115 115 115
-2.2291381 0.5075158 5.2556753 116 116 116
-2.1686912 0.4987121 5.1645060 110 110 110
-2.1039391 0.4887296 5.0611310 114 114 114
-1.9723421 0.4676483 4.8428197 121 121 121
-1.9080679 0.4571420 4.7340198 117 117 117
-1.7579008 0.4348121 4.5027781 41 41 41
-1.7422886 0.4356562 4.5115190 32 32 32
-1.7282070 0.4369059 4.5244608 35 35 35
-1.7128376 0.4378543 4.5342817 41 41 41
-1.6984463 0.4390769 4.5469432 38 38 38
-1.4207983 0.3801760 3.9369833 77 77 77
-1.3798085 0.3735732 3.8686070 72 72 72
-1.3405695 0.3672920 3.8035614 68 68 68
-1.3016732 0.3609539 3.7379253 65 65 65
-1.2655065 0.3552265 3.6786141 62 62 62
-1.2264241 0.3485283 3.6092498 76 76 76
-1.1942462 0.3436486 3.5587175 88 88 88
-1.1594445 0.3378801 3.4989805 91 91 91
-1.1260477 0.3323776 3.4419982 91 91 91
-1.0852299 0.3245122 3.3605473 59 59 59
-1.0378896 0.3144626 3.2564764 53 53 53
-0.9924401 0.3088655 3.1985140 127 127 127
-0.9629630 0.3038208 3.1462729 128 128 128
-0.9381059 0.3001131 3.1078780 152 152 152
-0.9105611 0.2954285 3.0593646 151 151 151
-0.8870064 0.2919223 3.0230558 112 112 112
-0.8592795 0.2869207 2.9712613 77 77 77
-0.8380625 0.2839770 2.9407771 91 91 91
-0.8122880 0.2793774 2.8931448 76 76 76
-0.7915540 0.2763975 2.8622863 153 153 153
-0.7671765 0.2720335 2.8170934 161 161 161
-0.7469940 0.2690430 2.7861252 161 161 161
-0.7266300 0.2658906 2.7534795 160 160 160
-0.7040428 0.2618090 2.7112122 164 164 164
-0.6847013 0.2588196 2.6802545 147 147 147
-0.6633974 0.2549756 2.6404471 81 81 81
-0.6419626 0.2509491 2.5987506 62 62 62
-0.5988814 0.2423836 2.5100491 83 83 83
-0.5833167 0.2403318 2.4888012 64 64 64
-0.5659101 0.2374321 2.4587724 75 75 75
-0.5493075 0.2347677 2.4311812 80 80 80
-0.5331948 0.2322154 2.4047496 86 86 86
-0.5172833 0.2296534 2.3782184 97 97 97
-0.5014943 0.2270455 2.3512123 71 71 71
-0.4865403 0.2247181 2.3271105 75 75 75
-0.4713303 0.2221742 2.3007665 74 74 74
-0.4566083 0.2197583 2.2757483 67 67 67
-0.4420482 0.2173182 2.2504792 69 69 69
-0.4280096 0.2150331 2.2268152 65 65 65
-0.4139486 0.2126338 2.2019696 69 69 69
-0.4003711 0.2103786 2.1786156 74 74 74
-0.3868462 0.2080458 2.1544571 72 72 72
-0.3736894 0.2058035 2.1312361 68 68 68
-0.3609765 0.2037011 2.1094649 66 66 66
-0.3481823 0.2014454 2.0861058 70 70 70
-0.3370755 0.2000744 2.0719082 75 75 75
-0.3246121 0.1978038 2.0483944 65 65 65
-0.3128468 0.1958460 2.0281203 78 78 78
-0.3009045 0.1936643 2.0055273 76 76 76
-0.2786767 0.1900409 1.9680040 94 94 94
-0.2676456 0.1881205 1.9481175 96 96 96
-0.2566566 0.1861092 1.9272883 90 90 90
-0.2348476 0.1818091 1.8827584 97 97 97
-0.2253283 0.1805433 1.8696501 96 96 96
-0.2151900 0.1786718 1.8502691 88 88 88
-0.2064880 0.1778968 1.8422439 74 74 74
-0.1991245 0.1782594 1.8459991 80 80 80
-0.1917967 0.1786849 1.8504055 85 85 85
-0.1844382 0.1791167 1.8548769 90 90 90
-0.1770432 0.1795497 1.8593605 88 88 88
-0.1696237 0.1799968 1.8639901 88 88 88
-0.1622280 0.1805138 1.8693440 87 87 87
-0.1546846 0.1809108 1.8734559 81 81 81
-0.1473875 0.1816542 1.8811543 70 70 70
-0.1398030 0.1821078 1.8858517 74 74 74
-0.1321278 0.1824909 1.8898184 74 74 74
-0.1245619 0.1830838 1.8959591 79 79 79
-0.1168422 0.1835164 1.9004385 77 77 77
-0.1090597 0.1839069 1.9044821 79 79 79
-0.1012616 0.1843311 1.9088752 73 73 73
-0.0934732 0.1848476 1.9142239 75 75 75
-0.0856173 0.1853157 1.9190714 88 88 88
-0.0777050 0.1857468 1.9235359 82 82 82
-0.0697418 0.1861424 1.9276326 77 77 77
-0.0617933 0.1866869 1.9332716 75 75 75
-0.0537805 0.1871731 1.9383061 74 74 74
-0.0457046 0.1875748 1.9424655 71 71 71
-0.0376207 0.1881118 1.9480273 77 77 77
-0.0294774 0.1885685 1.9527562 78 78 78
-0.0212887 0.1889771 1.9569880 79 79 79
-0.0130785 0.1895902 1.9633371 75 75 75
-0.0048090 0.1899755 1.9673264 79 79 79
0.0034955 0.1904332 1.9720662 73 73 73
0.0118456 0.1909808 1.9777377 69 69 69
0.0202301 0.1914016 1.9820949 69 69 69
0.0286586 0.1918713 1.9869592 69 69 69
0.0371511 0.1924594 1.9930499 73 73 73
0.0456573 0.1928887 1.9974948 74 74 74
0.0542057 0.1933350 2.0021169 76 76 76
0.0628507 0.1939587 2.0085757 70 70 70
0.0714802 0.1943924 2.0130672 63 63 63
0.0801294 0.1947818 2.0170996 56 56 56
0.0889118 0.1953892 2.0233889 54 54 54
0.0976808 0.1958634 2.0282998 52 52 52
0.1064718 0.1963018 2.0328400 53 53 53
0.1154394 0.1969761 2.0398233 51 51 51
0.1243135 0.1974085 2.0443006 50 50 50
0.1333553 0.1980338 2.0507762 49 49 49
0.1423371 0.1984993 2.0555966 54 54 54
0.1513481 0.1989497 2.0602610 53 53 53
0.1605174 0.1995480 2.0664570 53 53 53
0.1696207 0.2000069 2.0712094 55 55 55
0.1788926 0.2006099 2.0774534 55 55 55
0.1880893 0.2010762 2.0822828 53 53 53
0.1973450 0.2015612 2.0873046 68 68 68
0.2068000 0.2021996 2.0939155 63 63 63
0.2160878 0.2026290 2.0983624 61 61 61
0.2256847 0.2033030 2.1053419 59 59 59
0.2350894 0.2037594 2.1100683 58 58 58
0.2447077 0.2043609 2.1162972 64 64 64
0.2542258 0.2048393 2.1212516 59 59 59
0.2639465 0.2054429 2.1275024 55 55 55
0.2738086 0.2061132 2.1344442 51 51 51
0.2834921 0.2066108 2.1395965 54 54 54
0.2931628 0.2070686 2.1443377 49 49 49
0.3030302 0.2076338 2.1501904 51 51 51
0.3131354 0.2083243 2.1573415 49 49 49
0.3230219 0.2088344 2.1626239 47 47 47
0.3330950 0.2094339 2.1688323 50 50 50
0.3429959 0.2098960 2.1736174 48 48 48
0.3532808 0.2105629 2.1805234 50 50 50
0.3635057 0.2111610 2.1867175 54 54 54
0.3736159 0.2116646 2.1919327 47 47 47
0.3840920 0.2123462 2.1989908 48 48 48
0.3946027 0.2130143 2.2059097 54 54 54
0.4047384 0.2134539 2.2104616 56 56 56
0.4153937 0.2141416 2.2175832 67 67 67
0.4259731 0.2147607 2.2239943 65 65 65
0.4362601 0.2152088 2.2286353 63 63 63
0.4470106 0.2158619 2.2353988 52 52 52
0.4578311 0.2165211 2.2422252 48 48 48
0.4688860 0.2172623 2.2499008 46 46 46
0.4794761 0.2177630 2.2550855 46 46 46
0.4904953 0.2184353 2.2620473 52 52 52
0.5015536 0.2190990 2.2689209 45 45 45
0.5126211 0.2197418 2.2755775 43 43 43
0.5234701 0.2202691 2.2810376 43 43 43
0.5347925 0.2209729 2.2883260 46 46 46
0.5460378 0.2216205 2.2950325 43 43 43
0.5574959 0.2223304 2.3023837 41 41 41
0.5684440 0.2228161 2.3074133 44 44 44
0.5799497 0.2235003 2.3144991 40 40 40
0.5915155 0.2241846 2.3215861 40 40 40
0.6029734 0.2248065 2.3280256 43 43 43
0.6148018 0.2255443 2.3356664 45 45 45
0.6268058 0.2263223 2.3437228 46 46 46
0.6384722 0.2269561 2.3502865 47 47 47
0.6503156 0.2276325 2.3572910 43 43 43
0.6623242 0.2283455 2.3646746 44 44 44
0.6735761 0.2287803 2.3691771 44 44 44
0.6856822 0.2294883 2.3765090 46 46 46
0.6979275 0.2302218 2.3841050 43 43 43
0.7102672 0.2309652 2.3918033 43 43 43
0.7225102 0.2316567 2.3989646 37 37 37
0.7348326 0.2323543 2.4061887 36 36 36
0.7472115 0.2330505 2.4133983 34 34 34
0.7597022 0.2337624 2.4207699 37 37 37
0.7716109 0.2342787 2.4261167 46 46 46
0.7830665 0.2346457 2.4299171 56 56 56
0.7956656 0.2353414 2.4371221 53 53 53
0.8085769 0.2361106 2.4450877 55 55 55
0.8213375 0.2368170 2.4524024 66 66 66
2.5079522 0.6967993 7.2158360 80 80 80
2.5505784 0.7001476 7.2505088 74 74 74
2.5973799 0.7045491 7.2960901 85 85 85
2.8267040 0.7238805 7.4962802 76 76 76
2.8489184 0.7215006 7.4716353 65 65 65
2.9954958 0.7264839 7.5232406 57 57 57
3.0270045 0.7264320 7.5227027 51 51 51
3.0963085 0.7278090 7.5369630 43 43 43
2.7881935 0.5999584 6.2129812 51 51 51
-3.8964601 0.7535447 7.4769588 49 49 49
-3.8655581 0.7536671 7.4781737 57 57 57
-3.8382597 0.7544999 7.4864368 71 71 71
-3.8078084 0.7547216 7.4886370 72 72 72
-3.7358096 0.7529399 7.4709578 51 51 51
-3.7075622 0.7536019 7.4775267 50 50 50
-3.6776812 0.7539405 7.4808860 52 52 52
-3.6497393 0.7546858 7.4882817 50 50 50
-3.6206737 0.7552098 7.4934807 53 53 53
-3.5928068 0.7559952 7.5012741 54 54 54
-3.5636253 0.7565156 7.5064373 57 57 57
-2.9209776 0.6429327 6.3794241 107 107 107
-2.8224945 0.6270306 6.2216372 118 118 118
-2.6762462 0.6001192 5.9546123 118 118 118
-2.5009260 0.5715305 5.6709442 110 110 110
-2.4344912 0.5617195 5.5735960 112 112 112
-2.3590696 0.5496234 5.4535742 110 110 110
-2.2999566 0.5411263 5.3692617 115 115 115
-2.2347693 0.5310169 5.2689524 115 115 115
-2.1744668 0.5218767 5.1782603 111 111 111
-2.1107683 0.5117278 5.0775590 112 112 112
-1.9769047 0.4891993 4.8540230 120 120 120
-1.9117788 0.4780330 4.7432270 120 120 120
-1.7661142 0.4559203 4.5238161 39 39 39
-1.7516235 0.4571171 4.5356913 37 37 37
-1.7374345 0.4584199 4.5486183 38 38 38
-1.7218807 0.4593877 4.5582209 38 38 38
-1.7075849 0.4607168 4.5714083 37 37 37
-1.4223022 0.3971981 3.9411511 87 87 87
-1.3812566 0.3902961 3.8726668 80 80 80
-1.3422765 0.3838196 3.8084047 65 65 65
-1.3037694 0.3773232 3.7439446 64 64 64
-1.2662081 0.3709445 3.6806531 62 62 62
-1.2287151 0.3644278 3.6159921 67 67 67
-1.1949458 0.3588656 3.5608022 88 88 88
-1.1607139 0.3530212 3.5028114 83 83 83
-1.1269063 0.3471568 3.4446228 83 83 83
-1.0860999 0.3389550 3.3632417 62 62 62
-1.0378815 0.3281924 3.2564511 56 56 56
-1.0191196 0.3265807 3.2404585 46 46 46
-0.9950439 0.3231992 3.2069058 105 105 105
-0.9636838 0.3173258 3.1486278 120 120 120
-0.9393057 0.3136195 3.1118526 140 140 140
-0.9116699 0.3087051 3.0630901 149 149 149
-0.8880515 0.3050293 3.0266178 113 113 113
-0.8611440 0.3001001 2.9777086 73 73 73
-0.8387308 0.2966145 2.9431221 88 88 88
-0.8143173 0.2923061 2.9003727 77 77 77
-0.7924585 0.2887973 2.8655572 150 150 150
-0.7681644 0.2842786 2.8207209 150 150 150
-0.7474484 0.2809628 2.7878203 157 157 157
-0.7273275 0.2777682 2.7561226 153 153 153
-0.7047852 0.2735302 2.7140708 155 155 155
-0.6857284 0.2705273 2.6842752 142 142 142
-0.6643692 0.2665000 2.6443148 81 81 81
-0.6428916 0.2622869 2.6025112 64 64 64
-0.5984057 0.2527674 2.5080550 88 88 88
-0.5830582 0.2507158 2.4876986 62 62 62
-0.5661083 0.2478874 2.4596336 66 66 66
-0.5495023 0.2451067 2.4320428 68 68 68
-0.5337350 0.2426016 2.4071858 87 87 87
-0.5174190 0.2397450 2.3788419 105 105 105
-0.5019612 0.2371810 2.3534009 65 65 65
-0.4868836 0.2346969 2.3287525 66 66 66
-0.4717763 0.2320959 2.3029442 75 75 75
-0.4570947 0.2295993 2.2781725 67 67 67
-0.4425868 0.2270847 2.2532215 63 63 63
-0.4286576 0.2247632 2.2301862 60 60 60
-0.4139960 0.2219449 2.2022223 59 59 59
-0.4006235 0.2197042 2.1799889 70 70 70
-0.3873450 0.2174110 2.1572347 80 80 80
-0.3741207 0.2150386 2.1336956 73 73 73
-0.3612212 0.2127407 2.1108944 71 71 71
-0.3486162 0.2105044 2.0887058 80 80 80
-0.3248829 0.2066140 2.0501032 64 64 64
-0.3130976 0.2045624 2.0297463 66 66 66
-0.3011251 0.2022697 2.0069978 78 78 78
-0.2894163 0.2000267 1.9847418 83 83 83
-0.2790589 0.1986119 1.9707034 90 90 90
-0.2679357 0.1965485 1.9502293 90 90 90
-0.2569179 0.1944342 1.9292505 94 94 94
-0.2351089 0.1899597 1.8848531 103 103 103
-0.2153472 0.1866105 1.8516209 80 80 80
-0.2065828 0.1857506 1.8430890 75 75 75
-0.1992437 0.1861553 1.8471043 77 77 77
-0.1919665 0.1866531 1.8520439 81 81 81
-0.1845361 0.1870379 1.8558615 86 86 86
-0.1771163 0.1874678 1.8601277 87 87 87
-0.1697745 0.1880241 1.8656471 90 90 90
-0.1622946 0.1884740 1.8701112 92 92 92
-0.1547783 0.1889255 1.8745906 85 85 85
-0.1474715 0.1896950 1.8822267 65 65 65
-0.1398541 0.1901299 1.8865412 71 71 71
-0.1323047 0.1907152 1.8923495 80 80 80
-0.1245797 0.1911063 1.8962296 81 81 81
-0.1168674 0.1915718 1.9008486 81 81 81
-0.1090957 0.1920014 1.9051111 76 76 76
-0.1013883 0.1926213 1.9112623 81 81 81
-0.0935149 0.1930060 1.9150794 82 82 82
-0.0856519 0.1934867 1.9198487 78 78 78
-0.0777215 0.1938996 1.9239457 76 76 76
-0.0698203 0.1944898 1.9298022 71 71 71
-0.0618039 0.1948730 1.9336041 66 66 66
-0.0538059 0.1954392 1.9392231 71 71 71
-0.0457198 0.1958313 1.9431134 72 72 72
-0.0376357 0.1964049 1.9488051 71 71 71
-0.0294893 0.1968826 1.9535444 68 68 68
-0.0213037 0.1973680 1.9583609 70 70 70
-0.0130837 0.1979479 1.9641148 74 74 74
-0.0048114 0.1983729 1.9683315 79 79 79
0.0034973 0.1988506 1.9730718 74 74 74
0.0118481 0.1993625 1.9781514 81 81 81
0.0202373 0.1998316 1.9828055 83 83 83
0.0286595 0.2002565 1.9870220 82 82 82
0.0371632 0.2009293 1.9936978 86 86 86
0.0456735 0.2013836 1.9982053 74 74 74
0.0542236 0.2018442 2.0027759 83 83 83
0.0628688 0.2024873 2.0091569 79 79 79
0.0714955 0.2029250 2.0134990 77 77 77
0.0801667 0.2033824 2.0180378 64 64 64
0.0889530 0.2040162 2.0243268 62 62 62
0.0977332 0.2045263 2.0293887 58 58 58
0.1066164 0.2051523 2.0355999 54 54 54
0.1154626 0.2056192 2.0402324 51 51 51
0.1243535 0.2060956 2.0449591 51 51 51
0.1334402 0.2068135 2.0520823 50 50 50
0.1423931 0.2072491 2.0564048 53 53 53
0.1515516 0.2079169 2.0630310 55 55 55
0.1605862 0.2083515 2.0673430 56 56 56
0.1696870 0.2088227 2.0720184 54 54 54
0.1790005 0.2094967 2.0787067 54 54 54
0.1881820 0.2099605 2.0833089 55 55 55
0.1975849 0.2106190 2.0898423 63 63 63
0.2068446 0.2110751 2.0943677 69 69 69
0.2163573 0.2117414 2.1009791 65 65 65
0.2257414 0.2122344 2.1058714 61 61 61
0.2352812 0.2128309 2.1117902 58 58 58
0.2447863 0.2133537 2.1169770 58 58 58
0.2545648 0.2140696 2.1240802 60 60 60
0.2640217 0.2144756 2.1281087 59 59 59
0.2739051 0.2151899 2.1351967 57 57 57
0.2834964 0.2156367 2.1396294 52 52 52
0.2934103 0.2162936 2.1461480 52 52 52
0.3031779 0.2168066 2.1512380 49 49 49
0.3132138 0.2174761 2.1578813 48 48 48
0.3233491 0.2181749 2.1648149 50 50 50
0.3332010 0.2186493 2.1695223 51 51 51
0.3433859 0.2193111 2.1760888 48 48 48
0.3534174 0.2198430 2.1813660 52 52 52
0.3636836 0.2204902 2.1877880 46 46 46
0.3740261 0.2211504 2.1943393 46 46 46
0.3842301 0.2216990 2.1997819 48 48 48
0.3947691 0.2224103 2.2068400 51 51 51
0.4051444 0.2229988 2.2126794 54 54 54
0.4155962 0.2236020 2.2186642 58 58 58
0.4261779 0.2242469 2.2250631 56 56 56
0.4368300 0.2249003 2.2315464 56 56 56
0.4472802 0.2254243 2.2367468 50 50 50
0.4580490 0.2260841 2.2432928 50 50 50
0.4690050 0.2268076 2.2504721 48 48 48
0.4800214 0.2275311 2.2576501 51 51 51
0.4906494 0.2280459 2.2627583 47 47 47
0.5017108 0.2287386 2.2696316 45 45 45
0.5127835 0.2294105 2.2762985 45 45 45
0.5241052 0.2301670 2.2838049 43 43 43
0.5351123 0.2307606 2.2896948 44 44 44
0.5464355 0.2314670 2.2967041 45 45 45
0.5577625 0.2321504 2.3034849 43 43 43
0.5692781 0.2328875 2.3107991 41 41 41
0.5809023 0.2336435 2.3183007 43 43 43
0.5918542 0.2341086 2.3229153 47 47 47
0.6034088 0.2347931 2.3297067 45 45 45
0.6151076 0.2355108 2.3368282 47 47 47
0.6268490 0.2362219 2.3438845 44 44 44
0.6385571 0.2368987 2.3505991 44 44 44
0.6504963 0.2376391 2.3579459 42 42 42
0.6624931 0.2383779 2.3652771 49 49 49
0.6744118 0.2390672 2.3721163 44 44 44
0.6863539 0.2397445 2.3788371 46 46 46
0.6983526 0.2404218 2.3855572 46 46 46
0.7110697 0.2413237 2.3945057 46 46 46
0.7229389 0.2419165 2.4003880 42 42 42
0.7350743 0.2425808 2.4069800 32 32 32
0.7477226 0.2433940 2.4150488 31 31 31
0.7602554 0.2441483 2.4225328 33 33 33
0.7715755 0.2444982 2.4260051 45 45 45
0.7834961 0.2450269 2.4312503 54 54 54
0.7960263 0.2457300 2.4382269 55 55 55
0.8089218 0.2465265 2.4461305 51 51 51
2.5613401 0.7338058 7.2811017 77 77 77
2.6195602 0.7329138 7.2722511 52 52 52
2.7951486 0.7470582 7.4125972 50 50 50
2.8135300 0.7436545 7.3788252 49 49 49
2.8437500 0.7434203 7.3765006 47 47 47
2.8780596 0.7442486 7.3847198 44 44 44
2.9148290 0.7456885 7.3990068 43 43 43
2.9975257 0.7507715 7.4494424 39 39 39
3.0366006 0.7526704 7.4682837 41 41 41
3.1196709 0.7575473 7.5166740 39 39 39
2.7704365 0.6280723 6.2319732 55 55 55
2.7870519 0.6259019 6.2104378 64 64 64
2.8009465 0.6231665 6.1832967 60 60 60
2.8172948 0.6210225 6.1620231 59 59 59
2.8310213 0.6183451 6.1354566 57 57 57
2.8475339 0.6163191 6.1153541 53 53 53
-3.8139715 0.7684545 7.3186703 51 51 51
-3.7880466 0.7694575 7.3282223 51 51 51
-3.7593603 0.7699113 7.3325453 56 56 56
-3.7317872 0.7706027 7.3391294 56 56 56
-3.6004958 0.7690015 7.3238807 61 61 61
-3.5728011 0.7696887 7.3304253 58 58 58
-3.5450771 0.7703815 7.3370233 59 59 59
-3.5172958 0.7710739 7.3436179 60 60 60
-3.4895358 0.7717834 7.3503742 60 60 60
-3.4603910 0.7721965 7.3543091 62 62 62
-2.8299422 0.6549907 6.2380543 120 120 120
-2.7062228 0.6322327 6.0213094 121 121 121
-2.5924120 0.6113803 5.8227143 111 111 111
-2.5061989 0.5966999 5.6829000 108 108 108
-2.4386795 0.5862299 5.5831842 110 110 110
-2.3634531 0.5736849 5.4637079 111 111 111
-2.3037875 0.5647072 5.3782053 115 115 115
-2.2391007 0.5543080 5.2791643 118 118 118
-2.1804073 0.5451985 5.1924067 111 111 111
-1.9833301 0.5113250 4.8697996 121 121 121
-1.9160693 0.4991527 4.7538714 121 121 121
-1.8040785 0.4800226 4.5716786 92 92 92
-1.7754163 0.4774988 4.5476427 40 40 40
-1.7611113 0.4788235 4.5602589 38 38 38
-1.7468456 0.4801883 4.5732565 40 40 40
-1.7306267 0.4810405 4.5813737 38 38 38
-1.7160549 0.4823751 4.5940838 37 37 37
-1.4229858 0.4140165 3.9430449 104 104 104
-1.3806289 0.4064421 3.8709073 84 84 84
-1.3435889 0.4002704 3.8121285 52 52 52
-1.3057896 0.3937203 3.7497458 59 59 59
-1.2673767 0.3868223 3.6840503 63 63 63
-1.2316709 0.3805896 3.6246908 64 64 64
-1.1968631 0.3744813 3.5665157 80 80 80
-1.1620123 0.3682038 3.5067298 85 85 85
-1.1279075 0.3620040 3.4476831 88 88 88
-1.0388120 0.3422313 3.2593708 58 58 58
-1.0204351 0.3406847 3.2446413 47 47 47
-0.9947071 0.3366085 3.2058201 79 79 79
-0.9670219 0.3317486 3.1595345 88 88 88
-0.9398690 0.3269380 3.1137190 116 116 116
-0.9123389 0.3218580 3.0653379 142 142 142
-0.8885746 0.3179796 3.0284007 112 112 112
-0.8622338 0.3130526 2.9814765 76 76 76
-0.8395238 0.3093176 2.9459050 89 89 89
-0.8139504 0.3043996 2.8990660 73 73 73
-0.7930389 0.3011016 2.8676560 146 146 146
-0.7686910 0.2963765 2.8226547 151 151 151
-0.7482409 0.2930292 2.7907758 162 162 162
-0.7250299 0.2884765 2.7474160 152 152 152
-0.7054653 0.2852503 2.7166901 157 157 157
-0.6861930 0.2820377 2.6860938 145 145 145
-0.6625475 0.2768896 2.6370645 82 82 82
-0.6434638 0.2735048 2.6048274 64 64 64
-0.6005290 0.2642781 2.5169542 84 84 84
-0.5834712 0.2613914 2.4894607 65 65 65
-0.5667441 0.2585496 2.4623964 72 72 72
-0.5500452 0.2556149 2.4344461 74 74 74
-0.5340372 0.2528957 2.4085491 79 79 79
-0.5179226 0.2500196 2.3811572 78 78 78
-0.5022949 0.2472695 2.3549657 60 60 60
-0.4871318 0.2446418 2.3299396 59 59 59
-0.4721998 0.2420243 2.3050110 75 75 75
-0.4573618 0.2393460 2.2795036 73 73 73
-0.4430780 0.2368490 2.2557220 67 67 67
-0.4288593 0.2342779 2.2312355 58 58 58
-0.4149955 0.2317898 2.2075386 58 58 58
-0.4010417 0.2291360 2.1822643 57 57 57
-0.3878796 0.2268205 2.1602120 70 70 70
-0.3746186 0.2243345 2.1365352 75 75 75
-0.3617422 0.2219619 2.1139388 86 86 86
-0.3490141 0.2195627 2.0910892 87 87 87
-0.3365744 0.2172252 2.0688276 75 75 75
-0.3253526 0.2155704 2.0530672 63 63 63
-0.3133478 0.2132920 2.0313680 61 61 61
-0.3015661 0.2110417 2.0099366 70 70 70
-0.2897373 0.2086274 1.9869430 79 79 79
-0.2793596 0.2071453 1.9728272 87 87 87
-0.2680945 0.2048939 1.9513853 83 83 83
-0.2572077 0.2027982 1.9314262 82 82 82
-0.2354156 0.1981662 1.8873118 99 99 99
-0.2249145 0.1959513 1.8662169 88 88 88
-0.2155388 0.1945916 1.8532679 81 81 81
-0.2067652 0.1936938 1.8447168 72 72 72
-0.1993348 0.1940332 1.8479494 76 76 76
-0.1920079 0.1945051 1.8524435 80 80 80
-0.1846125 0.1949445 1.8566288 85 85 85
-0.1773209 0.1955376 1.8622768 80 80 80
-0.1698571 0.1959867 1.8665546 84 84 84
-0.1623867 0.1964717 1.8711731 89 89 89
-0.1548416 0.1969111 1.8753579 87 87 87
-0.1475195 0.1976966 1.8828390 68 68 68
-0.1398741 0.1981137 1.8868116 69 69 69
-0.1323432 0.1987529 1.8928998 81 81 81
-0.1246736 0.1992527 1.8976591 78 78 78
-0.1169066 0.1996546 1.9014868 79 79 79
-0.1091192 0.2000782 1.9055212 78 78 78
-0.1013952 0.2006947 1.9113925 79 79 79
-0.0935635 0.2011863 1.9160746 76 76 76
-0.0856703 0.2016257 1.9202592 75 75 75
-0.0777385 0.2020569 1.9243662 69 69 69
-0.0698484 0.2027094 1.9305804 66 66 66
-0.0618385 0.2031406 1.9346873 68 68 68
-0.0538299 0.2037078 1.9400895 69 69 69
-0.0457760 0.2042759 1.9454997 69 69 69
-0.0376552 0.2047285 1.9498103 72 72 72
-0.0295045 0.2052262 1.9545500 72 72 72
-0.0213209 0.2057927 1.9599458 73 73 73
-0.0130866 0.2062757 1.9645458 79 79 79
-0.0048146 0.2068093 1.9696270 83 83 83
0.0035006 0.2073677 1.9749461 80 80 80
0.0118559 0.2078410 1.9794533 84 84 84
0.0202440 0.2082610 1.9834534 91 91 91
0.0286678 0.2086957 1.9875934 92 92 92
0.0371712 0.2093820 1.9941293 83 83 83
0.0456933 0.2099009 1.9990712 69 69 69
0.0542918 0.2105546 2.0052972 55 55 55
0.0628733 0.2109746 2.0092976 77 77 77
0.0715217 0.2114930 2.0142348 89 89 89
0.0802534 0.2121216 2.0202208 69 69 69
0.0890038 0.2126741 2.0254829 56 56 56
0.0977645 0.2131523 2.0300376 58 58 58
0.1066391 0.2137818 2.0360334 58 58 58
0.1154944 0.2142818 2.0407946 61 61 61
0.1244021 0.2148030 2.0457582 56 56 56
0.1334507 0.2154839 2.0522437 55 55 55
0.1424387 0.2159900 2.0570633 54 54 54
0.1516000 0.2166858 2.0636897 54 54 54
0.1606324 0.2171317 2.0679369 53 53 53
0.1697418 0.2176305 2.0726874 54 54 54
0.1790891 0.2183705 2.0797355 55 55 55
0.1882551 0.2188306 2.0841174 53 53 53
0.1976747 0.2195314 2.0907917 56 56 56
0.2069186 0.2199855 2.0951166 68 68 68
0.2164640 0.2207099 2.1020155 73 73 73
0.2258825 0.2212530 2.1071875 64 64 64
0.2353697 0.2218197 2.1125846 69 69 69
0.2448487 0.2223375 2.1175165 69 69 69
0.2546022 0.2230595 2.1243920 62 62 62
0.2642132 0.2236118 2.1296523 58 58 58
0.2740202 0.2242882 2.1360941 47 47 47
0.2836064 0.2247465 2.1404591 51 51 51
0.2935619 0.2254602 2.1472569 54 54 54
0.3035568 0.2261606 2.1539268 53 53 53
0.3133343 0.2266630 2.1587119 49 49 49
0.3234181 0.2273523 2.1652770 54 54 54
0.3333284 0.2278852 2.1703520 58 58 58
0.3435185 0.2285758 2.1769290 50 50 50
0.3538547 0.2293251 2.1840649 49 49 49
0.3639059 0.2298564 2.1891251 51 51 51
0.3742796 0.2305600 2.1958265 49 49 49
0.3843751 0.2310624 2.2006116 47 47 47
0.3949195 0.2318047 2.2076807 47 47 47
0.4054675 0.2325148 2.2144442 49 49 49
0.4156585 0.2329928 2.2189965 47 47 47
0.4263699 0.2337351 2.2260656 47 47 47
0.4371682 0.2344920 2.2332745 46 46 46
0.4477811 0.2351196 2.2392514 47 47 47
0.4583862 0.2357173 2.2449441 51 51 51
0.4692617 0.2364271 2.2517037 45 45 45
0.4802833 0.2371808 2.2588820 42 42 42
0.4909439 0.2377304 2.2641163 44 44 44
0.5019962 0.2384451 2.2709231 46 46 46
0.5131261 0.2391692 2.2778196 50 50 50
0.5244513 0.2399560 2.2853129 49 49 49
0.5351950 0.2404532 2.2900486 49 49 49
0.5466403 0.2412425 2.2975650 46 46 46
0.5579924 0.2419637 2.3044343 47 47 47
0.5694559 0.2427078 2.3115208 47 47 47
0.5809053 0.2434210 2.3183126 44 44 44
0.5925448 0.2441888 2.3256257 48 48 48
0.6042063 0.2449406 2.3327856 47 47 47
0.6158110 0.2456456 2.3395004 45 45 45
0.6272476 0.2462625 2.3453751 42 42 42
0.6390169 0.2469887 2.3522913 43 43 43
0.6508859 0.2477307 2.3593581 44 44 44
0.6628497 0.2484859 2.3665504 46 46 46
0.6747118 0.2491811 2.3731718 43 43 43
0.6869267 0.2499844 2.3808222 42 42 42
0.6990039 0.2507152 2.3877819 44 44 44
0.7113919 0.2515351 2.3955905 45 45 45
0.7234592 0.2522202 2.4021158 44 44 44
0.7354782 0.2528698 2.4083025 39 39 39
0.7480456 0.2536877 2.4160922 35 35 35
0.7606705 0.2545029 2.4238558 38 38 38
0.7720116 0.2548726 2.4273765 44 44 44
0.7845411 0.2556198 2.4344928 54 54 54
0.7966118 0.2562002 2.4400206 50 50 50
0.8093737 0.2569852 2.4474971 48 48 48
2.6311040 0.7580708 7.2197776 44 44 44
2.6669123 0.7595984 7.2343259 46 46 46
2.7063210 0.7621051 7.2582002 46 46 46
2.7962778 0.7786311 7.4155912 40 40 40
2.8143935 0.7750084 7.3810897 43 43 43
2.8382568 0.7730305 7.3622518 42 42 42
2.8762207 0.7748941 7.3800011 42 42 42
2.9182806 0.7778097 7.4077682 39 39 39
2.9567106 0.7797062 7.4258308 34 34 34
3.1228354 0.7900453 7.5242987 43 43 43
3.1617351 0.7918410 7.5414009 41 41 41
2.7884579 0.6524199 6.2135706 65 65 65
2.8025608 0.6496153 6.1868601 63 63 63
2.8193188 0.6474723 6.1664495 65 65 65
2.8323014 0.6445093 6.1382308 66 66 66
2.8484366 0.6423108 6.1172929 65 65 65
-3.7090905 0.7836778 7.1754766 53 53 53
-3.6818032 0.7843108 7.1812720 55 55 55
-3.6554997 0.7851656 7.1890988 55 55 55
-3.6286876 0.7859246 7.1960473 58 58 58
-3.5932965 0.7848224 7.1859565 58 58 58
-3.5724218 0.7868991 7.2049713 60 60 60
-3.4735842 0.7851613 7.1890588 57 57 57
-3.4463656 0.7858675 7.1955256 55 55 55
-3.4192171 0.7866025 7.2022548 55 55 55
-3.3925381 0.7874596 7.2101026 55 55 55
-3.3647921 0.7880822 7.2158036 58 58 58
-2.9393942 0.7011290 6.4196463 104 104 104
-2.8387580 0.6834185 6.2574863 118 118 118
-2.7155113 0.6598814 6.0419765 123 123 123
-2.5985732 0.6374458 5.8365531 108 108 108
-2.5123076 0.6221773 5.6967521 104 104 104
-2.4440811 0.6111245 5.5955510 108 108 108
-2.3674815 0.5977422 5.4730206 112 112 112
-2.3076768 0.5883785 5.3872852 119 119 119
-2.2439082 0.5778078 5.2904987 115 115 115
-2.1854966 0.5684183 5.2045264 116 116 116
-1.9882126 0.5331700 4.8817878 116 116 116
-1.9205766 0.5204208 4.7650547 123 123 123
-1.8079327 0.5003678 4.5814457 83 83 83
-1.7847763 0.4992945 4.5716181 36 36 36
-1.7704586 0.5006974 4.5844631 39 39 39
-1.7562077 0.5021503 4.5977664 39 39 39
-1.7406385 0.5032546 4.6078773 38 38 38
-1.7262125 0.5047180 4.6212769 37 37 37
-1.4248897 0.4312204 3.9483206 92 92 92
-1.3779228 0.4219369 3.8633199 74 74 74
-1.3388261 0.4148701 3.7986150 59 59 59
-1.2995926 0.4075892 3.7319503 56 56 56
-1.2685666 0.4027355 3.6875091 63 63 63
-1.2303221 0.3954412 3.6207216 69 69 69
-1.1980102 0.3898944 3.5699337 82 82 82
-1.1630379 0.3833295 3.5098248 81 81 81
-1.1297870 0.3771701 3.4534283 86 86 86
-1.0925813 0.3695123 3.3833120 65 65 65
-1.0217502 0.3548239 3.2488232 61 61 61
-0.9969483 0.3509162 3.2130435 85 85 85
-0.9678259 0.3453591 3.1621616 87 87 87
-0.9432689 0.3412986 3.1249826 90 90 90
-0.9145107 0.3355813 3.0726347 118 118 118
-0.8857214 0.3296882 3.0186765 106 106 106
-0.8628496 0.3258579 2.9836061 79 79 79
-0.8373727 0.3209160 2.9383566 95 95 95
-0.8150610 0.3170568 2.9030216 72 72 72
-0.7937418 0.3134719 2.8701975 149 149 149
-0.7695619 0.3086287 2.8258529 146 146 146
-0.7490540 0.3051290 2.7938082 154 154 154
-0.7260023 0.3004646 2.7511010 156 156 156
-0.7060385 0.2969475 2.7188973 148 148 148
-0.6869757 0.2936994 2.6891575 139 139 139
-0.6631515 0.2882725 2.6394682 85 85 85
-0.6444303 0.2849165 2.6087401 64 64 64
-0.6009888 0.2751025 2.5188816 89 89 89
-0.5840860 0.2721758 2.4920838 65 65 65
-0.5672794 0.2691874 2.4647219 65 65 65
-0.5506156 0.2661565 2.4369705 70 70 70
-0.5342422 0.2631533 2.4094732 66 66 66
-0.5184672 0.2603343 2.3836613 68 68 68
-0.5027567 0.2574367 2.3571308 59 59 59
-0.4874348 0.2546253 2.3313890 64 64 64
-0.4724589 0.2518825 2.3062756 74 74 74
-0.4566963 0.2485963 2.2761867 71 71 71
-0.4432645 0.2464649 2.2566712 56 56 56
-0.4289124 0.2437171 2.2315118 60 60 60
-0.4150474 0.2411290 2.2078147 68 68 68
-0.4014577 0.2385857 2.1845279 65 65 65
-0.3880072 0.2360077 2.1609230 63 63 63
-0.3749221 0.2335332 2.1382661 87 87 87
-0.3618619 0.2309527 2.1146388 90 90 90
-0.3492528 0.2285369 2.0925198 89 89 89
-0.3368297 0.2261208 2.0703969 82 82 82
-0.3245739 0.2236914 2.0481529 68 68 68
-0.3136434 0.2220675 2.0332844 58 58 58
-0.3018534 0.2197267 2.0118518 71 71 71
-0.2900039 0.2172059 1.9887711 90 90 90
-0.2785170 0.2148147 1.9668767 89 89 89
-0.2683058 0.2132908 1.9529235 78 78 78
-0.2573126 0.2110290 1.9322140 71 71 71
-0.2355682 0.2062585 1.8885353 98 98 98
-0.2250961 0.2039856 1.8677238 92 92 92
-0.2157303 0.2025866 1.8549145 81 81 81
-0.2068256 0.2015317 1.8452556 71 71 71
-0.1994259 0.2019181 1.8487933 75 75 75
-0.1921100 0.2024242 1.8534276 81 81 81
-0.1848291 0.2030118 1.8588073 80 80 80
-0.1773881 0.2034677 1.8629820 81 81 81
-0.1699466 0.2039653 1.8675382 83 83 83
-0.1624224 0.2044071 1.8715837 84 84 84
-0.1549114 0.2049116 1.8762028 86 86 86
-0.1475856 0.2057286 1.8836834 61 61 61
-0.1400786 0.2063716 1.8895705 62 62 62
-0.1323968 0.2068190 1.8936670 72 72 72
-0.1247155 0.2073246 1.8982967 74 74 74
-0.1169897 0.2078207 1.9028385 80 80 80
-0.1092888 0.2084371 1.9084828 76 76 76
-0.1014748 0.2089190 1.9128945 75 75 75
-0.0936301 0.2094150 1.9174364 70 70 70
-0.0857050 0.2098082 1.9210370 69 69 69
-0.0778437 0.2104563 1.9269706 65 65 65
-0.0698876 0.2109688 1.9316633 65 65 65
-0.0618679 0.2113993 1.9356053 67 67 67
-0.0538413 0.2119338 1.9404991 67 67 67
-0.0457877 0.2125344 1.9459980 63 63 63
-0.0376660 0.2130119 1.9503700 70 70 70
-0.0295118 0.2135218 1.9550393 69 69 69
-0.0213351 0.2141999 1.9612480 74 74 74
-0.0130928 0.2146621 1.9654801 78 78 78
-0.0048153 0.2151449 1.9698999 82 82 82
0.0035027 0.2158230 1.9761091 76 76 76
0.0118615 0.2162904 1.9803883 75 75 75
0.0202601 0.2167979 1.9850357 72 72 72
0.0287064 0.2173699 1.9902722 71 71 71
0.0371848 0.2178706 1.9948571 67 67 67
0.0457082 0.2184018 1.9997213 50 50 50
0.0543253 0.2191457 2.0065324 49 49 49
0.0629365 0.2196685 2.0113194 64 64 64
0.0716107 0.2202608 2.0167425 65 65 65
0.0802704 0.2206874 2.0206480 59 59 59
0.0890585 0.2213515 2.0267289 55 55 55
0.0978731 0.2219591 2.0322924 55 55 55
0.1066823 0.2224578 2.0368581 59 59 59
0.1155214 0.2229398 2.0412712 65 65 65
0.1245516 0.2236982 2.0482154 57 57 57
0.1335029 0.2242257 2.0530455 61 61 61
0.1424948 0.2247531 2.0578747 64 64 64
0.1516653 0.2254853 2.0645785 55 55 55
0.1607121 0.2259642 2.0689635 53 53 53
0.1699782 0.2266862 2.0755744 55 55 55
0.1791347 0.2271985 2.0802653 62 62 62
0.1885042 0.2279205 2.0868762 56 56 56
0.1977323 0.2284147 2.0914006 61 61 61
0.2070784 0.2289973 2.0967350 77 77 77
0.2165406 0.2296553 2.1027596 72 72 72
0.2261016 0.2303621 2.1092310 64 64 64
0.2354417 0.2307989 2.1132309 66 66 66
0.2452352 0.2316321 2.1208594 61 61 61
0.2547553 0.2321575 2.1256700 63 63 63
0.2644572 0.2328071 2.1316185 59 59 59
0.2741269 0.2333868 2.1369262 55 55 55
0.2840019 0.2340987 2.1434441 51 51 51
0.2936878 0.2346157 2.1481776 50 50 50
0.3037258 0.2353746 2.1551261 55 55 55
0.3134881 0.2358819 2.1597714 54 54 54
0.3236616 0.2366613 2.1669073 52 52 52
0.3336563 0.2372707 2.1724873 56 56 56
0.3437615 0.2379239 2.1784687 53 53 53
0.3539555 0.2386031 2.1846876 51 51 51
0.3640456 0.2391796 2.1899652 47 47 47
0.3744228 0.2399115 2.1966667 48 48 48
0.3849453 0.2406988 2.2038760 51 51 51
0.3950698 0.2412061 2.2085209 52 52 52
0.4056747 0.2419766 2.2155752 57 57 57
0.4161807 0.2426547 2.2217841 53 53 53
0.4265041 0.2431989 2.2267666 49 49 49
0.4372629 0.2439624 2.2337580 55 55 55
0.4477080 0.2445225 2.2388859 47 47 47
0.4588951 0.2454563 2.2474363 43 43 43
0.4694973 0.2460458 2.2528338 51 51 51
0.4804180 0.2467755 2.2595153 53 53 53
0.4914725 0.2475443 2.2665544 51 51 51
0.5026312 0.2483352 2.2737958 49 49 49
0.5133038 0.2488608 2.2786083 49 49 49
0.5246864 0.2497050 2.2863379 45 45 45
0.5360336 0.2505021 2.2936366 47 47 47
0.5473252 0.2512456 2.3004434 51 51 51
0.5583633 0.2518487 2.3059659 46 46 46
0.5697299 0.2525768 2.3126330 48 48 48
0.5811489 0.2533033 2.3192847 46 46 46
0.5927117 0.2540674 2.3262808 43 43 43
0.6044682 0.2548883 2.3337967 45 45 45
0.6160772 0.2556216 2.3405116 43 43 43
0.6276038 0.2562982 2.3467066 43 43 43
0.6396985 0.2571822 2.3548005 44 44 44
0.6512065 0.2578069 2.3605204 41 41 41
0.6631357 0.2585770 2.3675716 44 44 44
0.6751865 0.2593710 2.3748415 45 45 45
0.6872132 0.2601327 2.3818152 47 47 47
0.6994204 0.2609397 2.3892047 47 47 47
0.7118592 0.2618090 2.3971643 45 45 45
0.7239720 0.2625358 2.4038184 44 44 44
0.7361869 0.2632790 2.4106233 47 47 47
0.7487295 0.2641175 2.4183009 47 47 47
0.7609541 0.2648228 2.4247594 41 41 41
0.7724767 0.2652684 2.4288390 47 47 47
0.7848771 0.2659998 2.4355357 54 54 54
0.7974745 0.2667782 2.4426630 53 53 53
0.8102742 0.2676036 2.4502199 51 51 51
2.5132618 0.7802870 7.1444297 49 49 49
2.5517273 0.7828450 7.1678510 48 48 48
2.5888274 0.7849291 7.1869330 44 44 44
2.6291225 0.7879224 7.2143407 40 40 40
2.6698470 0.7909745 7.2422862 40 40 40
2.7076523 0.7931026 7.2617702 42 42 42
2.8151546 0.8063521 7.3830857 53 53 53
2.8398871 0.8045385 7.3664804 58 58 58
2.8771656 0.8062801 7.3824258 42 42 42
3.0790966 0.8270719 7.5727992 26 26 26
3.1004791 0.8242668 7.5471153 39 39 39
3.1240404 0.8220919 7.5272017 44 44 44
3.1628411 0.8239308 7.5440392 40 40 40
3.2053535 0.8266903 7.5693054 32 32 32
3.3938878 0.8499241 7.7820373 25 25 25
3.4143479 0.8468593 7.7539759 29 29 29
2.8038836 0.6760240 6.1897807 55 55 55
2.8175552 0.6730545 6.1625924 57 57 57
2.8339055 0.6707735 6.1417069 60 60 60
2.8468025 0.6677238 6.1137834 63 63 63
-3.6796062 0.8009323 7.0608354 47 47 47
-3.6520205 0.8014128 7.0650711 49 49 49
-3.6137576 0.7995389 7.0485511 49 49 49
-3.5811651 0.7988988 7.0429082 51 51 51
-3.5533946 0.7993327 7.0467334 53 53 53
-3.5276735 0.8002389 7.0547223 54 54 54
-3.5009594 0.8009334 7.0608439 58 58 58
-3.4723365 0.8011992 7.0631881 56 56 56
-3.4445693 0.8016689 7.0673285 52 52 52
-3.4226909 0.8035292 7.0837283 52 52 52
-3.3546264 0.8015410 7.0662007 47 47 47
-3.3267791 0.8020112 7.0703464 46 46 46
-3.2994766 0.8026224 7.0757346 45 45 45
-2.9455972 0.7297370 6.4331932 99 99 99
-2.8452289 0.7114241 6.2717509 116 116 116
-2.7242591 0.6875678 6.0614400 123 123 123
-2.6087904 0.6646613 5.8595014 113 113 113
-2.5195479 0.6480625 5.7131701 101 101 101
-2.4494660 0.6361191 5.6078796 106 106 106
-2.3735449 0.6224116 5.4870377 111 111 111
-2.3125892 0.6123973 5.3987532 111 111 111
-2.2484365 0.6013287 5.3011756 120 120 120
-2.1902506 0.5916498 5.2158480 111 111 111
-2.0548155 0.5664415 4.9936175 115 115 115
-1.9934011 0.5552014 4.8945274 115 115 115
-1.9251487 0.5418016 4.7763982 117 117 117
-1.8130844 0.5211684 4.5945005 71 71 71
-1.7935033 0.5211084 4.5939717 36 36 36
-1.7801933 0.5228891 4.6096702 39 39 39
-1.7644582 0.5239890 4.6193666 36 36 36
-1.7501554 0.5255435 4.6330709 38 38 38
-1.7355072 0.5270283 4.6461601 38 38 38
-1.4255592 0.4480806 3.9501758 92 92 92
-1.3792057 0.4386363 3.8669169 72 72 72
-1.3400652 0.4312875 3.8021312 61 61 61
-1.3008049 0.4237215 3.7354314 55 55 55
-1.2695770 0.4186187 3.6904464 59 59 59
-1.2315181 0.4111089 3.6242416 70 70 70
-1.1989853 0.4052782 3.5728395 82 82 82
-1.1645350 0.3986428 3.5143430 80 80 80
-1.1303371 0.3919238 3.4551096 80 80 80
-1.0937350 0.3841848 3.3868845 64 64 64
-1.0216494 0.3684877 3.2485023 59 59 59
-0.9971277 0.3645310 3.2136214 86 86 86
-0.9692755 0.3592310 3.1668978 98 98 98
-0.9448311 0.3550635 3.1301582 93 93 93
-0.9171057 0.3495275 3.0813539 94 94 94
-0.8890298 0.3436968 3.0299518 86 86 86
-0.8640499 0.3389104 2.9877565 82 82 82
-0.8379295 0.3335285 2.9403107 93 93 93
-0.8159706 0.3296662 2.9062612 74 74 74
-0.7913360 0.3245886 2.8614984 149 149 149
-0.7703484 0.3208728 2.8287408 146 146 146
-0.7495321 0.3171126 2.7955918 150 150 150
-0.7266217 0.3123321 2.7534480 157 157 157
-0.7069334 0.3088038 2.7223434 149 149 149
-0.6874946 0.3052699 2.6911888 140 140 140
-0.6638236 0.2997065 2.6421432 85 85 85
-0.6451657 0.2962551 2.6117172 65 65 65
-0.5990446 0.2848002 2.5107329 91 91 91
-0.5844455 0.2828588 2.4936178 68 68 68
-0.5678654 0.2798698 2.4672680 65 65 65
-0.5511120 0.2766823 2.4391675 62 62 62
-0.5349465 0.2736743 2.4126499 65 65 65
-0.5188738 0.2705981 2.3855307 78 78 78
-0.5030358 0.2675250 2.3584394 66 66 66
-0.4861180 0.2637422 2.3250902 66 66 66
-0.4710646 0.2608360 2.2994699 71 71 71
-0.4563057 0.2579741 2.2742400 70 70 70
-0.4419158 0.2552024 2.2498055 52 52 52
-0.4276002 0.2523529 2.2246847 52 52 52
-0.4018060 0.2480128 2.1864233 65 65 65
-0.3884549 0.2454030 2.1634164 63 63 63
-0.3752389 0.2427551 2.1400733 79 79 79
-0.3622068 0.2400986 2.1166539 107 107 107
-0.3495994 0.2375965 2.0945959 106 106 106
-0.3370834 0.2350284 2.0719566 73 73 73
-0.3248570 0.2325310 2.0499399 59 59 59
-0.3021642 0.2284455 2.0139234 66 66 66
-0.2901966 0.2257423 1.9900925 77 77 77
-0.2787957 0.2233321 1.9688447 85 85 85
-0.2686262 0.2217907 1.9552557 86 86 86
-0.2575938 0.2194166 1.9343259 70 70 70
-0.2458239 0.2162384 1.9063079 80 80 80
-0.2358194 0.2144509 1.8905494 93 93 93
-0.2253220 0.2120742 1.8695978 90 90 90
-0.2069615 0.2094506 1.8464683 68 68 68
-0.1995171 0.2098102 1.8496387 73 73 73
-0.1923658 0.2105200 1.8558962 82 82 82
-0.1849269 0.2109619 1.8597915 82 82 82
-0.1774961 0.2114525 1.8641164 82 82 82
-0.1699769 0.2118784 1.8678715 75 75 75
-0.1624956 0.2123953 1.8724277 78 78 78
-0.1549274 0.2128454 1.8763964 82 82 82
-0.1477730 0.2139433 1.8860748 63 63 63
-0.1401459 0.2144427 1.8904774 64 64 64
-0.1324610 0.2149086 1.8945844 72 72 72
-0.1247425 0.2153762 1.8987072 71 71 71
-0.1170150 0.2158914 1.9032487 78 78 78
-0.1093208 0.2165486 1.9090426 79 79 79
-0.1015081 0.2170567 1.9135219 80 80 80
-0.0936395 0.2175227 1.9176301 72 72 72
-0.0857334 0.2179815 1.9216746 75 75 75
-0.0778695 0.2186546 1.9276084 72 72 72
-0.0699129 0.2191939 1.9323628 65 65 65
-0.0618908 0.2196430 1.9363225 61 61 61
-0.0539059 0.2203807 1.9428256 56 56 56
-0.0458007 0.2208032 1.9465506 57 57 57
-0.0376938 0.2214002 1.9518130 63 63 63
-0.0295316 0.2219146 1.9563482 66 66 66
-0.0213372 0.2224923 1.9614413 75 75 75
-0.0130995 0.2230646 1.9664861 82 82 82
-0.0048206 0.2236991 1.9720799 73 73 73
0.0035043 0.2242614 1.9770366 84 84 84
0.0118676 0.2247568 1.9814045 78 78 78
0.0202623 0.2251929 1.9852488 55 55 55
0.0287262 0.2259185 1.9916455 57 57 57
0.0372115 0.2264456 1.9962924 66 66 66
0.0457678 0.2271306 2.0023315 62 62 62
0.0543431 0.2276819 2.0071914 48 48 48
0.0629528 0.2282091 2.0118387 48 48 48
0.0716434 0.2288696 2.0176618 54 54 54
0.0803431 0.2294161 2.0224798 55 55 55
0.0890936 0.2299886 2.0275271 55 55 55
0.0979427 0.2306932 2.0337384 68 68 68
0.1067346 0.2311605 2.0378575 62 62 62
0.1156174 0.2317402 2.0429678 68 68 68
0.1246193 0.2324617 2.0493290 58 58 58
0.1335646 0.2329909 2.0539942 69 69 69
0.1426656 0.2337108 2.0603404 63 63 63
0.1516612 0.2341852 2.0645227 56 56 56
0.1607532 0.2347490 2.0694928 58 58 58
0.1700330 0.2355148 2.0762441 62 62 62
0.1792360 0.2361043 2.0814416 58 58 58
0.1885773 0.2368126 2.0876851 63 63 63
0.1978709 0.2374004 2.0928674 71 71 71
0.2072855 0.2380769 2.0988314 78 78 78
0.2166554 0.2386489 2.1038737 65 65 65
0.2262428 0.2394060 2.1105483 62 62 62
0.2356071 0.2398786 2.1147146 58 58 58
0.2452725 0.2406122 2.1211815 58 58 58
0.2549218 0.2412789 2.1270590 54 54 54
0.2646578 0.2419795 2.1332355 56 56 56
0.2742613 0.2425169 2.1379733 50 50 50
0.2841119 0.2432317 2.1442747 53 53 53
0.2941042 0.2440199 2.1512234 54 54 54
0.3038107 0.2445309 2.1557283 48 48 48
0.3139001 0.2453115 2.1626101 56 56 56
0.3237872 0.2458943 2.1677480 56 56 56
0.3337215 0.2464801 2.1729116 57 57 57
0.3439304 0.2472319 2.1795392 51 51 51
0.3541500 0.2479520 2.1858878 51 51 51
0.3645662 0.2487698 2.1930971 51 51 51
0.3746054 0.2492962 2.1977377 49 49 49
0.3851566 0.2501297 2.2050858 54 54 54
0.3956699 0.2508999 2.2118754 47 47 47
0.4059122 0.2514667 2.2168722 51 51 51
0.4164636 0.2521951 2.2232943 52 52 52
0.4271784 0.2529883 2.2302866 49 49 49
0.4374020 0.2534627 2.2344685 46 46 46
0.4482228 0.2542558 2.2414608 46 46 46
0.4591280 0.2550630 2.2485771 45 45 45
0.4700318 0.2558368 2.2553985 45 45 45
0.4806770 0.2564420 2.2607336 50 50 50
0.4917200 0.2572317 2.2676954 51 51 51
0.5028524 0.2580372 2.2747965 53 53 53
0.5140439 0.2588423 2.2818937 47 47 47
0.5249337 0.2594686 2.2874153 48 48 48
0.5362021 0.2602561 2.2943578 45 45 45
0.5473910 0.2609778 2.3007200 48 48 48
0.5589531 0.2618492 2.3084018 44 44 44
0.5703796 0.2626283 2.3152704 48 48 48
0.5814400 0.2632155 2.3204467 45 45 45
0.5931243 0.2640609 2.3279004 47 47 47
0.6047591 0.2648572 2.3349199 48 48 48
0.6165062 0.2656763 2.3421416 44 44 44
0.6281953 0.2664451 2.3489184 44 44 44
0.6400822 0.2672725 2.3562129 43 43 43
0.6519848 0.2680811 2.3633416 42 42 42
0.6637384 0.2688050 2.3697233 42 42 42
0.6758763 0.2696608 2.3772678 44 44 44
0.6875917 0.2703255 2.3831272 47 47 47
0.6995968 0.2710832 2.3898072 50 50 50
0.7119733 0.2719613 2.3975484 45 45 45
0.7242407 0.2727737 2.4047105 44 44 44
0.7366793 0.2736273 2.4122355 44 44 44
0.7491927 0.2744850 2.4197969 41 41 41
0.7620006 0.2754261 2.4280937 41 41 41
0.7729557 0.2756815 2.4303448 48 48 48
0.7848367 0.2762561 2.4354103 57 57 57
0.7978055 0.2771938 2.4436767 55 55 55
0.8106655 0.2780702 2.4514034 49 49 49
2.6095214 0.8314868 7.3301959 23 23 23
2.6474528 0.8240505 7.2646394 30 30 30
2.6735578 0.8226567 7.2523518 43 43 43
2.7140884 0.8256830 7.2790313 40 40 40
2.8164511 0.8378719 7.3864861 46 46 46
2.8411400 0.8359712 7.3697305 52 52 52
2.8802249 0.8383018 7.3902755 41 41 41
3.0985069 0.8555480 7.5423145 41 41 41
3.1254210 0.8542111 7.5305285 39 39 39
3.3350868 0.8674466 7.6472096 31 31 31
-3.6068497 0.8142821 6.9212222 44 44 44
-3.5822775 0.8153322 6.9301486 47 47 47
-3.5576084 0.8163775 6.9390330 46 46 46
-3.5298493 0.8167251 6.9419875 46 46 46
-3.4303112 0.8139451 6.9183583 47 47 47
-3.4035993 0.8145344 6.9233670 44 44 44
-3.3782487 0.8154625 6.9312563 40 40 40
-3.3522847 0.8162575 6.9380131 41 41 41
-3.3265071 0.8171122 6.9452782 41 41 41
-3.2981427 0.8173411 6.9472232 45 45 45
-2.8509181 0.7393471 6.2842913 116 116 116
-2.7339292 0.7156600 6.0829558 121 121 121
-2.6163335 0.6913638 5.8764434 114 114 114
-2.5263360 0.6739655 5.7285619 104 104 104
-2.4555385 0.6614029 5.6217823 106 106 106
-2.3166723 0.6362849 5.4082851 111 111 111
-2.2526145 0.6248424 5.3110261 115 115 115
-2.1953163 0.6150640 5.2279110 115 115 115
-2.0609162 0.5892435 5.0084434 117 117 117
-1.9985058 0.5773159 4.9070611 115 115 115
-1.9293619 0.5631732 4.7868514 119 119 119
-1.8237569 0.5437250 4.6215453 61 61 61
-1.8045034 0.5437959 4.6221480 36 36 36
-1.7897348 0.5452347 4.6343775 38 38 38
-1.7742648 0.5464891 4.6450400 38 38 38
-1.7597327 0.5480638 4.6584239 37 37 37
-1.7453644 0.5497255 4.6725488 37 37 37
-1.7317799 0.5516749 4.6891179 39 39 39
-1.4230388 0.4639167 3.9431920 98 98 98
-1.3812933 0.4556315 3.8727698 80 80 80
-1.3410653 0.4476547 3.8049686 70 70 70
-1.3022039 0.4399463 3.7394490 57 57 57
-1.2655879 0.4328169 3.6788507 56 56 56
-1.2341677 0.4273095 3.6320388 61 61 61
-1.1996328 0.4205717 3.5747688 75 75 75
-1.1654617 0.4137916 3.5171394 75 75 75
-1.1312200 0.4068113 3.4578085 81 81 81
-1.0945835 0.3987762 3.3895121 65 65 65
-1.0208287 0.3818794 3.2458930 63 63 63
-0.9987638 0.3787031 3.2188945 93 93 93
-0.9704794 0.3730484 3.1708312 106 106 106
-0.9458474 0.3686593 3.1335249 98 98 98
-0.9187289 0.3631630 3.0868075 105 105 105
-0.8909078 0.3572270 3.0363524 96 96 96
-0.8680868 0.3531519 3.0017154 100 100 100
-0.8388588 0.3463113 2.9435713 88 88 88
-0.8169987 0.3423525 2.9099228 73 73 73
-0.7921019 0.3369812 2.8642676 146 146 146
-0.7710002 0.3330830 2.8311343 146 146 146
-0.7503449 0.3292581 2.7986233 157 157 157
-0.7274589 0.3243165 2.7566204 153 153 153
-0.7074832 0.3205329 2.7244606 146 146 146
-0.6858369 0.3158550 2.6846995 145 145 145
-0.6645005 0.3111652 2.6448376 86 86 86
-0.6458458 0.3075925 2.6144702 65 65 65
-0.6203113 0.3005622 2.5547140 71 71 71
-0.5997789 0.2957499 2.5138106 88 88 88
-0.5849731 0.2936390 2.4958684 63 63 63
-0.5685234 0.2906105 2.4701269 67 67 67
-0.5515818 0.2872128 2.4412467 68 68 68
-0.5354311 0.2841055 2.4148357 61 61 61
-0.5192031 0.2808359 2.3870444 63 63 63
-0.5016131 0.2766857 2.3517687 65 65 65
-0.4865685 0.2738005 2.3272452 67 67 67
-0.4714504 0.2707542 2.3013527 74 74 74
-0.4566185 0.2677478 2.2757990 62 62 62
-0.4421470 0.2648281 2.2509823 45 45 45
-0.4279249 0.2619330 2.2263741 46 46 46
-0.4142783 0.2592682 2.2037239 58 58 58
-0.3886995 0.2546863 2.1647787 47 47 47
-0.3753890 0.2518803 2.1409287 59 59 59
-0.3625554 0.2492641 2.1186912 88 88 88
-0.3498761 0.2466244 2.0962541 91 91 91
-0.3374586 0.2440371 2.0742631 61 61 61
-0.3250918 0.2413498 2.0514212 61 61 61
-0.3132125 0.2388874 2.0304916 61 61 61
-0.3023182 0.2370589 2.0149496 63 63 63
-0.2904748 0.2343590 1.9920007 72 72 72
-0.2790349 0.2318333 1.9705335 84 84 84
-0.2577209 0.2276858 1.9352801 74 74 74
-0.2462738 0.2246877 1.9097970 84 84 84
-0.2355324 0.2221525 1.8882483 91 91 91
-0.2254862 0.2201186 1.8709605 94 94 94
-0.2153044 0.2178000 1.8512528 79 79 79
-0.2070562 0.2173365 1.8473133 65 65 65
-0.1996874 0.2177958 1.8512175 69 69 69
-0.1924218 0.2184098 1.8564365 80 80 80
-0.1849894 0.2188784 1.8604195 77 77 77
-0.1775484 0.2193780 1.8646662 77 77 77
-0.1700340 0.2198289 1.8684986 79 79 79
-0.1625047 0.2203035 1.8725327 81 81 81
-0.1550210 0.2208915 1.8775303 85 85 85
-0.1478052 0.2219451 1.8864858 63 63 63
-0.1401932 0.2224898 1.8911154 62 62 62
-0.1325110 0.2229820 1.8952992 67 67 67
-0.1248078 0.2235000 1.8997020 70 70 70
-0.1171665 0.2242073 1.9057133 77 77 77
-0.1093363 0.2246307 1.9093130 67 67 67
-0.1015379 0.2251918 1.9140823 73 73 73
-0.0936600 0.2256587 1.9180505 84 84 84
-0.0858339 0.2263502 1.9239281 82 82 82
-0.0779211 0.2269334 1.9288852 81 81 81
-0.0699568 0.2274854 1.9335773 75 75 75
-0.0619087 0.2278743 1.9368827 75 75 75
-0.0539335 0.2286906 1.9438207 66 66 66
-0.0458330 0.2291733 1.9479234 61 61 61
-0.0377019 0.2296803 1.9522331 61 61 61
-0.0295523 0.2303255 1.9577172 70 70 70
-0.0213506 0.2309088 1.9626749 68 68 68
-0.0131057 0.2314662 1.9674132 63 63 63
-0.0048240 0.2321768 1.9734532 70 70 70
0.0035056 0.2326821 1.9777476 70 70 70
0.0118710 0.2331795 1.9819753 62 62 62
0.0202874 0.2338541 1.9877093 53 53 53
0.0287398 0.2344276 1.9925840 45 45 45
0.0372170 0.2348981 1.9965837 56 56 56
0.0457727 0.2355995 2.0025456 67 67 67
0.0543607 0.2362225 2.0078404 62 62 62
0.0629753 0.2367778 2.0125599 62 62 62
0.0716664 0.2374542 2.0183098 65 65 65
0.0803804 0.2380552 2.0234179 59 59 59
0.0891826 0.2387768 2.0295517 56 56 56
0.0979714 0.2393395 2.0343344 57 57 57
0.1067957 0.2398912 2.0390241 60 60 60
0.1157657 0.2406635 2.0455883 59 59 59
0.1246678 0.2411976 2.0501277 52 52 52
0.1336602 0.2418256 2.0554655 53 53 53
0.1427313 0.2425108 2.0612900 53 53 53
0.1517412 0.2430193 2.0656121 63 63 63
0.1609162 0.2437228 2.0715909 70 70 70
0.1700878 0.2443489 2.0769129 70 70 70
0.1794166 0.2451285 2.0835392 69 69 69
0.1886457 0.2457053 2.0884421 72 72 72
0.1978946 0.2462553 2.0931172 66 66 66
0.2073740 0.2470330 2.0997279 65 65 65
0.2166940 0.2475649 2.1042488 55 55 55
0.2262923 0.2483604 2.1110101 49 49 49
0.2357308 0.2489269 2.1158249 50 50 50
0.2453834 0.2496700 2.1221411 53 53 53
0.2550200 0.2503450 2.1278782 52 52 52
0.2647421 0.2510552 2.1339152 53 53 53
0.2745982 0.2518416 2.1405995 49 49 49
0.2842124 0.2523632 2.1450329 51 51 51
0.2942176 0.2531891 2.1520529 50 50 50
0.3039598 0.2537460 2.1567864 53 53 53
0.3139988 0.2545111 2.1632895 54 54 54
0.3238793 0.2551082 2.1683650 51 51 51
0.3340969 0.2559307 2.1753559 50 50 50
0.3443342 0.2567239 2.1820979 53 53 53
0.3543088 0.2572851 2.1868682 51 51 51
0.3646826 0.2581003 2.1937971 52 52 52
0.3748094 0.2587047 2.1989346 49 49 49
0.3852301 0.2594779 2.2055068 56 56 56
0.3957953 0.2603097 2.2125764 53 53 53
0.4061051 0.2609391 2.2179260 53 53 53
0.4165687 0.2616367 2.2238555 54 54 54
0.4273264 0.2624842 2.2310596 49 49 49
0.4380466 0.2632727 2.2377615 48 48 48
0.4484390 0.2638351 2.2425418 46 46 46
0.4593793 0.2646900 2.2498078 51 51 51
0.4703175 0.2655090 2.2567697 50 50 50
0.4813925 0.2663713 2.2640986 49 49 49
0.4920195 0.2669570 2.2690768 51 51 51
0.5031098 0.2677669 2.2759607 50 50 50
0.5143551 0.2686274 2.2832751 51 51 51
0.5253671 0.2693367 2.2893038 43 43 43
0.5365275 0.2700951 2.2957501 44 44 44
0.5477856 0.2708749 2.3023784 48 48 48
0.5592222 0.2717143 2.3095131 50 50 50
0.5705945 0.2724943 2.3161426 48 48 48
0.5821775 0.2733469 2.3233898 47 47 47
0.5937954 0.2741874 2.3305340 45 45 45
0.6050210 0.2748224 2.3359311 52 52 52
0.6166252 0.2756062 2.3425934 48 48 48
0.6284685 0.2764705 2.3499398 44 44 44
0.6403217 0.2773122 2.3570945 48 48 48
0.6522110 0.2781437 2.3641615 45 45 45
0.6642545 0.2790149 2.3715661 51 51 51
0.6762142 0.2798255 2.3784564 49 49 49
0.6883897 0.2807004 2.3858929 50 50 50
0.7005731 0.2815533 2.3931425 57 57 57
0.7129191 0.2824464 2.4007332 49 49 49
0.7245315 0.2830279 2.4056764 47 47 47
0.7368207 0.2838541 2.4126985 50 50 50
0.7494531 0.2847881 2.4206378 44 44 44
0.7621052 0.2857045 2.4284272 41 41 41
0.7733899 0.2860908 2.4317100 52 52 52
0.7840744 0.2862478 2.4330447 57 57 57
0.7979634 0.2875555 2.4441602 54 54 54
0.8109117 0.2884953 2.4521477 51 51 51
2.6117885 0.8631470 7.3365641 24 24 24
2.6301765 0.8590481 7.3017240 30 30 30
2.6488428 0.8551338 7.2684536 37 37 37
2.6764448 0.8541608 7.2601838 42 42 42
2.7147641 0.8565915 7.2808437 36 36 36
2.8150458 0.8685867 7.3828006 41 41 41
2.8426054 0.8674963 7.3735318 41 41 41
3.0507596 0.8827407 7.5031066 30 30 30
3.0783441 0.8815793 7.4932346 33 33 33
3.1050193 0.8801837 7.4813719 33 33 33
3.1474030 0.8832242 7.5072155 33 33 33
3.1748133 0.8820442 7.4971857 34 34 34
3.2177243 0.8851516 7.5235977 35 35 35
3.2446399 0.8838410 7.5124583 34 34 34
3.2712913 0.8824846 7.5009289 35 35 35
3.3395140 0.8837974 7.5120878 35 35 35
-3.5489876 0.8299373 6.8101902 42 42 42
-3.5058892 0.8265470 6.7823706 44 44 44
-3.4804320 0.8272943 6.7885022 47 47 47
-3.4535811 0.8277199 6.7919946 48 48 48
-3.4285181 0.8285847 6.7990909 48 48 48
-3.4040833 0.8296173 6.8075638 48 48 48
-3.3778048 0.8302141 6.8124619 47 47 47
-3.3524439 0.8310488 6.8193111 48 48 48
-3.2841721 0.8283353 6.7970448 43 43 43
-3.2583895 0.8290681 6.8030577 44 44 44
-3.2322941 0.8297337 6.8085194 42 42 42
-3.2061536 0.8303996 6.8139830 44 44 44
-3.1806729 0.8312498 6.8209600 47 47 47
-2.8577073 0.7676714 6.2992568 113 113 113
-2.7426562 0.7436779 6.1023736 119 119 119
-2.6282952 0.7194186 5.9033103 112 112 112
-2.5334992 0.7001020 5.7448049 102 102 102
-2.4612625 0.6867066 5.6348867 111 111 111
-2.3200026 0.6600388 5.4160595 113 113 113
-2.2571142 0.6485317 5.3216352 110 110 110
-2.2001348 0.6385081 5.2393861 112 112 112
-2.1410077 0.6276517 5.1503010 114 114 114
-2.0667775 0.6120998 5.0226874 114 114 114
-2.0037694 0.5995837 4.9199853 118 118 118
-1.9337316 0.5846803 4.7976928 119 119 119
-1.8296062 0.5650201 4.6363678 51 51 51
-1.8143611 0.5663643 4.6473980 36 36 36
-1.7999728 0.5680083 4.6608877 38 38 38
-1.7839928 0.5691807 4.6705084 38 38 38
-1.7685157 0.5705416 4.6816750 37 37 37
-1.7572933 0.5733213 4.7044840 35 35 35
-1.4250302 0.4812174 3.9487100 96 96 96
-1.3832487 0.4726309 3.8782525 110 110 110
-1.3430111 0.4643728 3.8104892 76 76 76
-1.3019369 0.4556220 3.7386825 56 56 56
-1.2667782 0.4487521 3.6823106 60 60 60
-1.2303150 0.4412439 3.6207004 63 63 63
-1.2007061 0.4360361 3.5779674 68 68 68
-1.1666161 0.4290477 3.5206230 59 59 59
-1.1330333 0.4220681 3.4633510 68 68 68
-1.0958350 0.4135419 3.3933876 64 64 64
-1.0212204 0.3957190 3.2471385 60 60 60
-0.9998288 0.3926952 3.2223270 88 88 88
-0.9712170 0.3867134 3.1732414 103 103 103
-0.9440064 0.3811300 3.1274259 107 107 107
-0.9198804 0.3766514 3.0906763 108 108 108
-0.8925508 0.3707135 3.0419519 105 105 105
-0.8691587 0.3662618 3.0054224 96 96 96
-0.8427222 0.3603763 2.9571283 88 88 88
-0.8195565 0.3557338 2.9190333 100 100 100
-0.7923089 0.3491509 2.8650165 144 144 144
-0.7715261 0.3452571 2.8330653 155 155 155
-0.7478711 0.3399354 2.7893968 154 154 154
-0.7278870 0.3361387 2.7582426 154 154 154
-0.7082255 0.3323702 2.7273192 128 128 128
-0.6864894 0.3274875 2.6872540 128 128 128
-0.6652297 0.3226721 2.6477401 89 89 89
-0.6463987 0.3188904 2.6167083 63 63 63
-0.6003784 0.3066567 2.5163233 89 89 89
-0.5852307 0.3042979 2.4969676 58 58 58
-0.5691491 0.3013582 2.4728453 62 62 62
-0.5522768 0.2978823 2.4443228 68 68 68
-0.5358824 0.2945368 2.4168708 69 69 69
-0.5179226 0.2901844 2.3811572 70 70 70
-0.5022647 0.2869753 2.3548241 54 54 54
-0.4870552 0.2838980 2.3295729 61 61 61
-0.4718896 0.2807203 2.3034971 67 67 67
-0.4570837 0.2776273 2.2781172 62 62 62
-0.4425234 0.2745539 2.2528982 45 45 45
-0.4282784 0.2715456 2.2282133 48 48 48
-0.4142466 0.2685406 2.2035551 66 66 66
-0.4009236 0.2658677 2.1816216 51 51 51
-0.3874252 0.2629502 2.1576815 43 43 43
-0.3756924 0.2611194 2.1426594 53 53 53
-0.3627735 0.2583539 2.1199660 72 72 72
-0.3502228 0.2557173 2.0983310 73 73 73
-0.3377140 0.2529754 2.0758324 56 56 56
-0.3253734 0.2502170 2.0531979 66 66 66
-0.3134410 0.2476304 2.0319724 65 65 65
-0.3026726 0.2458436 2.0173113 75 75 75
-0.2908282 0.2430544 1.9944241 81 81 81
-0.2792725 0.2403475 1.9722116 88 88 88
-0.2681283 0.2378394 1.9516313 84 84 84
-0.2580105 0.2361118 1.9374548 76 76 76
-0.2466025 0.2330519 1.9123461 74 74 74
-0.2355118 0.2300950 1.8880833 86 86 86
-0.2256860 0.2282103 1.8726180 96 96 96
-0.2155135 0.2258256 1.8530501 82 82 82
-0.2071903 0.2252722 1.8485091 68 68 68
-0.1998331 0.2257670 1.8525690 68 68 68
-0.1925014 0.2263318 1.8572037 76 76 76
-0.1850795 0.2268342 1.8613261 76 76 76
-0.1776215 0.2273348 1.8654335 84 84 84
-0.1701179 0.2278206 1.8694203 94 94 94
-0.1623306 0.2279554 1.8705262 89 89 89
-0.1550129 0.2287970 1.8774326 80 80 80
-0.1478482 0.2299673 1.8870353 61 61 61
-0.1402500 0.2305580 1.8918823 60 60 60
-0.1325549 0.2310509 1.8959273 59 59 59
-0.1248348 0.2315609 1.9001119 58 58 58
-0.1171605 0.2322316 1.9056156 72 72 72
-0.1094139 0.2328473 1.9106673 88 88 88
-0.1015943 0.2333932 1.9151471 90 90 90
-0.0937193 0.2338950 1.9192646 85 85 85
-0.0858721 0.2345676 1.9247841 83 83 83
-0.0779320 0.2351003 1.9291551 81 81 81
-0.0699771 0.2357075 1.9341376 73 73 73
-0.0619944 0.2363688 1.9395639 69 69 69
-0.0539493 0.2369571 1.9443915 63 63 63
-0.0458513 0.2374824 1.9487015 56 56 56
-0.0377426 0.2381695 1.9543401 59 59 59
-0.0295728 0.2387471 1.9590794 66 66 66
-0.0213543 0.2392270 1.9630171 70 70 70
-0.0131211 0.2400455 1.9697340 62 62 62
-0.0048246 0.2405330 1.9737335 66 66 66
0.0035072 0.2411289 1.9786235 60 60 60
0.0118744 0.2416069 1.9825461 62 62 62
0.0202963 0.2423428 1.9885848 55 55 55
0.0287544 0.2429539 1.9935991 57 57 57
0.0372344 0.2434320 1.9975225 72 72 72
0.0458023 0.2442020 2.0038404 82 82 82
0.0543882 0.2448131 2.0088553 88 88 88
0.0630410 0.2455202 2.0146570 76 76 76
0.0717144 0.2461302 2.0196624 70 70 70
0.0803833 0.2465968 2.0234914 68 68 68
0.0892243 0.2474510 2.0305011 60 60 60
0.0979994 0.2479891 2.0349159 58 58 58
0.1068376 0.2485871 2.0398233 59 59 59
0.1158194 0.2494053 2.0465372 61 61 61
0.1247086 0.2499245 2.0507975 66 66 66
0.1337637 0.2506872 2.0570560 59 59 59
0.1427576 0.2512494 2.0616691 75 75 75
0.1518276 0.2518733 2.0667882 72 72 72
0.1610245 0.2526284 2.0729849 62 62 62
0.1701861 0.2532533 2.0781128 65 65 65
0.1794872 0.2540145 2.0843587 68 68 68
0.1887450 0.2546461 2.0895410 66 66 66
0.1981071 0.2553558 2.0953650 59 59 59
0.2074550 0.2559875 2.1005483 65 65 65
0.2169726 0.2567682 2.1069546 66 66 66
0.2263734 0.2573546 2.1117668 61 61 61
0.2360322 0.2581789 2.1185308 62 62 62
0.2455045 0.2587465 2.1231880 59 59 59
0.2551521 0.2594525 2.1289806 62 62 62
0.2648438 0.2601537 2.1347351 55 55 55
0.2746753 0.2609417 2.1412010 54 54 54
0.2843790 0.2615620 2.1462908 56 56 56
0.2943123 0.2623486 2.1527457 52 52 52
0.3041679 0.2630210 2.1582632 55 55 55
0.3141929 0.2637966 2.1646271 52 52 52
0.3243466 0.2646334 2.1714935 54 54 54
0.3342165 0.2651990 2.1761346 51 51 51
0.3445110 0.2660623 2.1832185 54 54 54
0.3545272 0.2666713 2.1882162 56 56 56
0.3648834 0.2674987 2.1950054 52 52 52
0.3751794 0.2682420 2.2011051 54 54 54
0.3854764 0.2689503 2.2069168 53 53 53
0.3959524 0.2697470 2.2134547 53 53 53
0.4065481 0.2705868 2.2203455 55 55 55
0.4168066 0.2711694 2.2251258 52 52 52
0.4275309 0.2720226 2.2321272 52 52 52
0.4382130 0.2728128 2.2386117 52 52 52
0.4491092 0.2737002 2.2458932 50 50 50
0.4595817 0.2742981 2.2507992 50 50 50
0.4705552 0.2751647 2.2579103 52 52 52
0.4814485 0.2759510 2.2643621 55 55 55
0.4925286 0.2768117 2.2714245 53 53 53
0.5034291 0.2775405 2.2774050 52 52 52
0.5146144 0.2783961 2.2844260 45 45 45
0.5258586 0.2792516 2.2914455 42 42 42
0.5369574 0.2800003 2.2975898 45 45 45
0.5480502 0.2807194 2.3034904 46 46 46
0.5593969 0.2815413 2.3102348 46 46 46
0.5709399 0.2824322 2.3175447 45 45 45
0.5824560 0.2832800 2.3245015 48 48 48
0.5939915 0.2841090 2.3313038 53 53 53
0.6057881 0.2850338 2.3388927 56 56 56
0.6173496 0.2858202 2.3453455 52 52 52
0.6287044 0.2864876 2.3508220 58 58 58
0.6404446 0.2873072 2.3575473 52 52 52
0.6524544 0.2882207 2.3650436 53 53 53
0.6643027 0.2890366 2.3717382 53 53 53
0.6766142 0.2900267 2.3798630 54 54 54
0.6886622 0.2908767 2.3868372 53 53 53
0.7007493 0.2917184 2.3937445 52 52 52
0.7132074 0.2926884 2.4017041 52 52 52
0.7252349 0.2934571 2.4080117 49 49 49
0.7377919 0.2944158 2.4158785 55 55 55
0.7497830 0.2951257 2.4217036 53 53 53
0.7624869 0.2960933 2.4296434 47 47 47
0.7737389 0.2964789 2.4328074 47 47 47
0.7859781 0.2972277 2.4389522 52 52 52
0.7991250 0.2982961 2.4477184 55 55 55
0.8118343 0.2991759 2.4549379 51 51 51
2.4420412 0.8667781 7.1124935 52 52 52
2.6522653 0.8869290 7.2778449 40 40 40
2.6756864 0.8845259 7.2581258 44 44 44
2.7138169 0.8869849 7.2783036 39 39 39
2.8019471 0.8955331 7.3484473 35 35 35
2.8295996 0.8944787 7.3397956 36 36 36
2.8567102 0.8932777 7.3299398 37 37 37
2.8958731 0.8958307 7.3508892 38 38 38
2.9238296 0.8948997 7.3432498 37 37 37
2.9511142 0.8937847 7.3341002 39 39 39
2.9923875 0.8968855 7.3595448 39 39 39
3.0206051 0.8960498 7.3526869 39 39 39
3.0464652 0.8945388 7.3402886 38 38 38
3.0870297 0.8973325 7.3632126 38 38 38
3.1141441 0.8961998 7.3539181 34 34 34
3.1547480 0.8989333 7.3763480 35 35 35
3.1815870 0.8977294 7.3664694 36 36 36
3.2074027 0.8962628 7.3544350 35 35 35
-3.4533379 0.8423298 6.6807070 45 45 45
-3.4265606 0.8426728 6.6834273 46 46 46
-3.4019933 0.8435695 6.6905394 47 47 47
-3.3604245 0.8402302 6.6640549 50 50 50
-3.3357527 0.8410951 6.6709146 50 50 50
-3.3112676 0.8420222 6.6782675 51 51 51
-3.2870595 0.8430363 6.6863103 47 47 47
-3.2612047 0.8436419 6.6911135 45 45 45
-3.2372160 0.8447450 6.6998625 46 46 46
-3.1708434 0.8421245 6.6790791 47 47 47
-3.1456296 0.8429155 6.6853523 49 49 49
-3.1198335 0.8435633 6.6904898 51 51 51
-2.8646438 0.7961629 6.3145466 108 108 108
-2.7518709 0.7719963 6.1228757 120 120 120
-2.6366827 0.7466878 5.9221492 110 110 110
-2.5409656 0.7264622 5.7617350 106 106 106
-2.4681373 0.7124531 5.6506262 107 107 107
-2.3238258 0.6840035 5.4249849 109 109 109
-2.2614257 0.6722544 5.3318005 109 109 109
-2.2052519 0.6621388 5.2515721 114 114 114
-2.1460507 0.6508998 5.1624327 116 116 116
-2.0722389 0.6349536 5.0359597 113 113 113
-2.0090954 0.6219800 4.9330630 115 115 115
-1.8392121 0.5876406 4.6607099 43 43 43
-1.8243614 0.5891919 4.6730137 37 37 37
-1.8086902 0.5905092 4.6834607 37 37 37
-1.7940438 0.5921937 4.6968217 39 39 39
-1.7816513 0.5946683 4.7164474 37 37 37
-1.7665061 0.5962695 4.7291474 36 36 36
-1.4266236 0.4984256 3.9531255 76 76 76
-1.3857995 0.4898870 3.8854041 84 84 84
-1.3457798 0.4814319 3.8183446 71 71 71
-1.3064591 0.4730251 3.7516685 56 56 56
-1.2676656 0.4646055 3.6848903 58 58 58
-1.2309511 0.4567482 3.6225724 55 55 55
-1.1968007 0.4496569 3.5663297 60 60 60
-1.1638643 0.4428469 3.5123186 56 56 56
-1.1344117 0.4372042 3.4675643 60 60 60
-1.0970625 0.4283309 3.3971884 62 62 62
-1.0216457 0.4095824 3.2484906 55 55 55
-1.0001215 0.4064026 3.2232699 66 66 66
-0.9722878 0.4005359 3.1767397 83 83 83
-0.9448197 0.3946579 3.1301205 102 102 102
-0.9208898 0.3901122 3.0940676 111 111 111
-0.8934431 0.3839247 3.0449932 113 113 113
-0.8704026 0.3794778 3.0097234 102 102 102
-0.8436406 0.3732527 2.9603508 92 92 92
-0.8195716 0.3680499 2.9190869 97 97 97
-0.7951079 0.3625087 2.8751376 121 121 121
-0.7719766 0.3574126 2.8347197 144 144 144
-0.7486842 0.3520805 2.7924294 159 159 159
-0.7285495 0.3480866 2.7607532 163 163 163
-0.7087060 0.3441045 2.7291698 132 132 132
-0.6871250 0.3391333 2.6897421 116 116 116
-0.6657023 0.3340746 2.6496210 88 88 88
-0.6471324 0.3302994 2.6196785 63 63 63
-0.6239894 0.3240183 2.5698621 72 72 72
-0.6011155 0.3176574 2.5194128 86 86 86
-0.5853662 0.3149004 2.4975460 61 61 61
-0.5696850 0.3120796 2.4751737 61 61 61
-0.5527905 0.3084765 2.4465964 62 62 62
-0.5344710 0.3039260 2.4105051 68 68 68
-0.5184927 0.3005561 2.3837783 68 68 68
-0.5026637 0.2971413 2.3566945 64 64 64
-0.4876009 0.2940508 2.3321834 61 61 61
-0.4722707 0.2906685 2.3053572 58 58 58
-0.4575139 0.2875043 2.2802615 56 56 56
-0.4428572 0.2842686 2.2545977 43 43 43
-0.4287029 0.2812204 2.2304220 45 45 45
-0.4148657 0.2782481 2.2068481 52 52 52
-0.4013837 0.2753831 2.1841254 54 54 54
-0.3877629 0.2722861 2.1595626 46 46 46
-0.3746753 0.2694235 2.1368585 56 56 56
-0.3630697 0.2675118 2.1216965 71 71 71
-0.3503892 0.2646915 2.0993280 71 71 71
-0.3379693 0.2619270 2.0774021 67 67 67
-0.3257634 0.2591856 2.0556593 61 61 61
-0.3136009 0.2563298 2.0330091 72 72 72
-0.3018350 0.2536467 2.0117290 87 87 87
-0.2911507 0.2517436 1.9966352 78 78 78
-0.2795424 0.2489045 1.9741175 87 87 87
-0.2684392 0.2463547 1.9538944 101 101 101
-0.2580679 0.2443363 1.9378861 86 86 86
-0.2469030 0.2414099 1.9146761 81 81 81
-0.2355067 0.2380518 1.8880427 97 97 97
-0.2260518 0.2364898 1.8756535 98 98 98
-0.2156960 0.2338377 1.8546194 77 77 77
-0.2072693 0.2331562 1.8492143 66 66 66
-0.1999159 0.2336760 1.8533366 67 67 67
-0.1925901 0.2342715 1.8580596 75 75 75
-0.1851342 0.2347527 1.8618762 77 77 77
-0.1777153 0.2353253 1.8664181 81 81 81
-0.1701887 0.2358020 1.8701985 75 75 75
-0.1625638 0.2361821 1.8732132 56 56 56
-0.1552638 0.2370972 1.8804716 77 77 77
-0.1479610 0.2381063 1.8884747 58 58 58
-0.1403134 0.2386438 1.8927376 58 58 58
-0.1326239 0.2391704 1.8969144 57 57 57
-0.1250346 0.2399570 1.9031528 66 66 66
-0.1172524 0.2404559 1.9071101 70 70 70
-0.1094454 0.2409738 1.9112175 78 78 78
-0.1016241 0.2415399 1.9157073 93 93 93
-0.0938255 0.2422625 1.9214385 93 93 93
-0.0859169 0.2428110 1.9257885 92 92 92
-0.0779906 0.2434184 1.9306060 86 86 86
-0.0700612 0.2441568 1.9364625 73 73 73
-0.0620196 0.2446472 1.9403522 62 62 62
-0.0539730 0.2452643 1.9452465 64 64 64
-0.0458783 0.2458443 1.9498465 56 56 56
-0.0377552 0.2464926 1.9549881 68 68 68
-0.0295870 0.2471268 1.9600179 77 77 77
-0.0213669 0.2476507 1.9641731 79 79 79
-0.0131269 0.2484609 1.9705993 77 77 77
-0.0048277 0.2490116 1.9749668 71 71 71
0.0035077 0.2495080 1.9789040 66 66 66
0.0118896 0.2502871 1.9850833 63 63 63
0.0203073 0.2508646 1.9896634 58 58 58
0.0287585 0.2513963 1.9938804 68 68 68
0.0372661 0.2520696 1.9992205 92 92 92
0.0458307 0.2528089 2.0050843 93 93 93
0.0544177 0.2534217 2.0099442 87 87 87
0.0630774 0.2541625 2.0158203 77 77 77
0.0717220 0.2546739 2.0198762 75 75 75
0.0805073 0.2555232 2.0266120 66 66 66
0.0892499 0.2560871 2.0310843 62 62 62
0.0980527 0.2567096 2.0360217 65 65 65
0.1069402 0.2574361 2.0417836 64 64 64
0.1158612 0.2581286 2.0472758 62 62 62
0.1247704 0.2587009 2.0518148 65 65 65
0.1338143 0.2594598 2.0578341 65 65 65
0.1428542 0.2601193 2.0630648 62 62 62
0.1519933 0.2608732 2.0690436 67 67 67
0.1611100 0.2615089 2.0740862 67 67 67
0.1702807 0.2621623 2.0792682 61 61 61
0.1795888 0.2629528 2.0855379 63 63 63
0.1888262 0.2635710 2.0904405 66 66 66
0.1982748 0.2644156 2.0971394 60 60 60
0.2075361 0.2649489 2.1013689 67 67 67
0.2171082 0.2658191 2.1082714 63 63 63
0.2265009 0.2664098 2.1129560 61 61 61
0.2361489 0.2672447 2.1195779 61 61 61
0.2456846 0.2678963 2.1247454 59 59 59
0.2551990 0.2684797 2.1293726 62 62 62
0.2650195 0.2693344 2.1361516 62 62 62
0.2748213 0.2701145 2.1423388 56 56 56
0.2847371 0.2709535 2.1489930 55 55 55
0.2945262 0.2716239 2.1543102 60 60 60
0.3045180 0.2724355 2.1607475 61 61 61
0.3143280 0.2730420 2.1655574 59 59 59
0.3244841 0.2739065 2.1724138 57 57 57
0.3344023 0.2745281 2.1773443 58 58 58
0.3446439 0.2753749 2.1840606 60 60 60
0.3549539 0.2762310 2.1908498 59 59 59
0.3650845 0.2769074 2.1962152 56 56 56
0.3753928 0.2776819 2.2023573 57 57 57
0.3859546 0.2786020 2.2096548 55 55 55
0.3961777 0.2792399 2.2147143 53 53 53
0.4067735 0.2801051 2.2215767 52 52 52
0.4173564 0.2809227 2.2280607 47 47 47
0.4277112 0.2815540 2.2330685 41 41 41
0.4384966 0.2824356 2.2400603 46 46 46
0.4492840 0.2832813 2.2467675 51 51 51
0.4599743 0.2840320 2.2527218 51 51 51
0.4708011 0.2848350 2.2590899 53 53 53
0.4816805 0.2856373 2.2654533 53 53 53
0.4926828 0.2864798 2.2721357 55 55 55
0.5040265 0.2874849 2.2801077 50 50 50
0.5146171 0.2880309 2.2844379 41 41 41
0.5260885 0.2890408 2.2924473 45 45 45
0.5373090 0.2898788 2.2990940 53 53 53
0.5486262 0.2907384 2.3059115 50 50 50
0.5596418 0.2914110 2.3112462 52 52 52
0.5711204 0.2922975 2.3182774 49 49 49
0.5827472 0.2932288 2.3256633 54 54 54
0.5942653 0.2940754 2.3323784 60 60 60
0.6059215 0.2949618 2.3394079 58 58 58
0.6177270 0.2958912 2.3467793 55 55 55
0.6294386 0.2967470 2.3535671 56 56 56
0.6412140 0.2976059 2.3603790 54 54 54
0.6532745 0.2985688 2.3680165 55 55 55
0.6646407 0.2991902 2.3729446 61 61 61
0.6766948 0.3000982 2.3801465 63 63 63
0.6889115 0.3010508 2.3877013 60 60 60
0.7009698 0.3019076 2.3944972 59 59 59
0.7132442 0.3028319 2.4018281 60 60 60
0.7256099 0.3037685 2.4092567 60 60 60
0.7379789 0.3046807 2.4164910 60 60 60
0.7507846 0.3057458 2.4249387 58 58 58
0.7634095 0.3067096 2.4325833 50 50 50
0.7740703 0.3068693 2.4338496 52 52 52
0.7867941 0.3078319 2.4414842 57 57 57
0.7993947 0.3087221 2.4485445 53 53 53
0.8122432 0.3096841 2.4561741 48 48 48
2.4419518 0.8967382 7.1122327 39 39 39
2.5414383 0.9001068 7.1389489 39 39 39
2.6171811 0.9054810 7.1815734 40 40 40
2.6448557 0.9045885 7.1744943 41 41 41
2.6834981 0.9074249 7.1969905 44 44 44
2.7102413 0.9062190 7.1874266 44 44 44
2.7369168 0.9050176 7.1778975 45 45 45
2.7769980 0.9082267 7.2033501 44 44 44
2.8030281 0.9068207 7.1921992 46 46 46
2.8424935 0.9097448 7.2153907 45 45 45
2.8695657 0.9086825 7.2069650 41 41 41
2.8954511 0.9072706 7.1957669 42 42 42
2.9354620 0.9102681 7.2195411 42 42 42
2.9618490 0.9090229 7.2096648 41 41 41
2.9885190 0.9078889 7.2006707 42 42 42
3.0294101 0.9110545 7.2257781 40 40 40
3.0553672 0.9097106 7.2151194 35 35 35
3.1213312 0.9112031 7.2269564 37 37 37
3.1467791 0.9097495 7.2154279 35 35 35
3.3752136 0.9139317 7.2485976 37 37 37
-3.3859768 0.8535219 6.5503922 51 51 51
-3.3611798 0.8542400 6.5559034 51 51 51
-3.3370228 0.8551341 6.5627651 51 51 51
-3.3118241 0.8557739 6.5676756 52 52 52
-3.2882111 0.8568377 6.5758400 54 54 54
-3.2237935 0.8544635 6.5576191 51 51 51
-3.1991677 0.8552728 6.5638304 48 48 48
-3.1746020 0.8561125 6.5702744 49 49 49
-3.1508996 0.8572018 6.5786343 48 48 48
-3.1261492 0.8580228 6.5849352 49 49 49
-3.0379958 0.8566557 6.5744429 49 49 49
-2.7636843 0.8012410 6.1491609 114 114 114
-2.6517179 0.7760615 5.9559188 109 109 109
-2.5491061 0.7531644 5.7801938 105 105 105
-2.3962166 0.7217951 5.5394487 109 109 109
-2.3298612 0.7087162 5.4390745 113 113 113
-2.2653623 0.6959476 5.3410816 116 116 116
-2.2101746 0.6858119 5.2632947 112 112 112
-2.1510909 0.6742493 5.1745567 115 115 115
-2.0776155 0.6578925 5.0490260 113 113 113
-2.0146122 0.6445474 4.9466085 113 113 113
-1.8476996 0.6100972 4.6822181 35 35 35
-1.8346914 0.6123455 4.6994734 36 36 36
-1.8187451 0.6136516 4.7094975 37 37 37
-1.8064663 0.6162377 4.7293439 36 36 36
-1.7916530 0.6180072 4.7429247 38 38 38
-1.7752188 0.6192514 4.7524729 36 36 36
-1.4271121 0.5152721 3.9544787 80 80 80
-1.3872770 0.5068114 3.8895466 75 75 75
-1.3473780 0.4981245 3.8228793 75 75 75
-1.3076468 0.4892901 3.7550788 56 56 56
-1.2701706 0.4810932 3.6921716 56 56 56
-1.2316912 0.4723082 3.6247506 53 53 53
-1.1972735 0.4648795 3.5677383 61 61 61
-1.1679834 0.4592780 3.5247495 61 61 61
-1.1349365 0.4520357 3.4691687 66 66 66
-1.0980262 0.4430455 3.4001725 64 64 64
-1.0665519 0.4360398 3.3464072 57 57 57
-1.0224959 0.4236335 3.2511940 54 54 54
-1.0012565 0.4204715 3.2269280 69 69 69
-0.9715765 0.4136292 3.1744158 65 65 65
-0.9452419 0.4080397 3.1315191 79 79 79
-0.9221143 0.4036958 3.0981817 103 103 103
-0.8948233 0.3973782 3.0496972 115 115 115
-0.8713674 0.3926043 3.0130594 114 114 114
-0.8448272 0.3862788 2.9645145 100 100 100
-0.8222874 0.3816200 2.9287598 93 93 93
-0.7964089 0.3752460 2.8798420 96 96 96
-0.7742403 0.3704495 2.8430316 107 107 107
-0.7490999 0.3640580 2.7939796 140 140 140
-0.7293060 0.3601021 2.7636199 160 160 160
-0.7093550 0.3559389 2.7316689 166 166 166
-0.6876862 0.3507620 2.6919389 153 153 153
-0.6479049 0.3417539 2.6228056 64 64 64
-0.6017666 0.3286373 2.5221415 89 89 89
-0.5857590 0.3256508 2.4992218 59 59 59
-0.5701405 0.3227752 2.4771526 49 49 49
-0.5514103 0.3179977 2.4404876 51 51 51
-0.5349417 0.3143675 2.4126279 57 57 57
-0.5190322 0.3109317 2.3862591 67 67 67
-0.5032739 0.3074522 2.3595557 69 69 69
-0.4878221 0.3040234 2.3332412 68 68 68
-0.4726098 0.3006057 2.3070123 62 62 62
-0.4577085 0.2972465 2.2812314 54 54 54
-0.4434405 0.2941630 2.2575672 44 44 44
-0.4291150 0.2909053 2.2325659 47 47 47
-0.4151424 0.2877461 2.2083201 52 52 52
-0.4017577 0.2848586 2.1861606 45 45 45
-0.3880233 0.2815818 2.1610126 45 45 45
-0.3748761 0.2785838 2.1380038 58 58 58
-0.3506020 0.2737104 2.1006031 74 74 74
-0.3382122 0.2708819 2.0788951 69 69 69
-0.3259278 0.2679894 2.0566964 74 74 74
-0.3138415 0.2651061 2.0345690 68 68 68
-0.3020460 0.2623133 2.0131352 76 76 76
-0.2913207 0.2603152 1.9978009 82 82 82
-0.2799371 0.2575925 1.9769056 91 91 91
-0.2687117 0.2548526 1.9558774 102 102 102
-0.2357051 0.2462209 1.8896334 107 107 107
-0.2261442 0.2444992 1.8764204 99 99 99
-0.2157942 0.2417686 1.8554639 77 77 77
-0.2073553 0.2410542 1.8499817 64 64 64
-0.1999988 0.2415914 1.8541044 57 57 57
-0.1926090 0.2421305 1.8582418 70 70 70
-0.1852182 0.2427141 1.8627204 79 79 79
-0.1777616 0.2432594 1.8669050 80 80 80
-0.1703117 0.2438646 1.8715498 82 82 82
-0.1628917 0.2445737 1.8769920 84 84 84
-0.1553093 0.2450988 1.8810217 76 76 76
-0.1480159 0.2461612 1.8891752 60 60 60
-0.1403704 0.2467255 1.8935064 67 67 67
-0.1328016 0.2475008 1.8994559 70 70 70
-0.1250758 0.2480642 1.9037803 74 74 74
-0.1173103 0.2486209 1.9080527 79 79 79
-0.1094863 0.2491265 1.9119328 84 84 84
-0.1016464 0.2496732 1.9161279 86 86 86
-0.0938746 0.2504961 1.9224440 88 88 88
-0.0859318 0.2509753 1.9261214 76 76 76
-0.0779927 0.2515665 1.9306586 70 70 70
-0.0700925 0.2524356 1.9373281 62 62 62
-0.0620445 0.2529309 1.9411299 60 60 60
-0.0539971 0.2535802 1.9461124 73 73 73
-0.0459194 0.2542947 1.9515960 72 72 72
-0.0377758 0.2548759 1.9560564 69 69 69
-0.0295912 0.2554287 1.9602991 72 72 72
-0.0213938 0.2562559 1.9666477 77 77 77
-0.0131268 0.2567690 1.9705851 76 76 76
-0.0048284 0.2573778 1.9752576 71 71 71
0.0035091 0.2579569 1.9797021 67 67 67
0.0118940 0.2587540 1.9858190 66 66 66
0.0203117 0.2593110 1.9900939 62 62 62
0.0287920 0.2601069 1.9962022 74 74 74
0.0373050 0.2607718 2.0013053 83 83 83
0.0458572 0.2614152 2.0062425 90 90 90
0.0544668 0.2621339 2.0117586 90 90 90
0.0630912 0.2627206 2.0162611 79 79 79
0.0717531 0.2633060 2.0207539 71 71 71
0.0805163 0.2640991 2.0268404 72 72 72
0.0892946 0.2647845 2.0321002 69 69 69
0.0980874 0.2653894 2.0367434 66 66 66
0.1070127 0.2662264 2.0431669 69 69 69
0.1159192 0.2668955 2.0483017 69 69 69
0.1249248 0.2676841 2.0543540 62 62 62
0.1338708 0.2682509 2.0587039 63 63 63
0.1429296 0.2689609 2.0641527 62 62 62
0.1521010 0.2697893 2.0705101 62 62 62
0.1611620 0.2703424 2.0747554 58 58 58
0.1704546 0.2712071 2.0813913 56 56 56
0.1796343 0.2718164 2.0860674 59 59 59
0.1890568 0.2727189 2.0929933 61 61 61
0.1983572 0.2733727 2.0980110 55 55 55
0.2078308 0.2741990 2.1043525 58 58 58
0.2171782 0.2747981 2.1089506 63 63 63
0.2266112 0.2754541 2.1139851 64 64 64
0.2362315 0.2762795 2.1203196 68 68 68
0.2458721 0.2770675 2.1263671 67 67 67
0.2555419 0.2778319 2.1322331 64 64 64
0.2653640 0.2787042 2.1389282 61 61 61
0.2749456 0.2792749 2.1433082 61 61 61
0.2848470 0.2801238 2.1498227 61 61 61
0.2945895 0.2807688 2.1547728 60 60 60
0.3046976 0.2817133 2.1620219 58 58 58
0.3147491 0.2825521 2.1684589 65 65 65
0.3245479 0.2831231 2.1728411 64 64 64
0.3348072 0.2840534 2.1799808 57 57 57
0.3447765 0.2846946 2.1849012 62 62 62
0.3551128 0.2855975 2.1918306 63 63 63
0.3654843 0.2864821 2.1986198 59 59 59
0.3755600 0.2870969 2.2033381 59 59 59
0.3860878 0.2880193 2.2104173 59 59 59
0.3962641 0.2886421 2.2151971 53 53 53
0.4069692 0.2896126 2.2226453 52 52 52
0.4174750 0.2904008 2.2286940 49 49 49
0.4282977 0.2913698 2.2361307 47 47 47
0.4386925 0.2920122 2.2410612 52 52 52
0.4494262 0.2928484 2.2474785 48 48 48
0.4603303 0.2937588 2.2544656 52 52 52
0.4714543 0.2947699 2.2622247 54 54 54
0.4819312 0.2953442 2.2666323 58 58 58
0.4929519 0.2962230 2.2733769 51 51 51
0.5042058 0.2972057 2.2809191 51 51 51
0.5153601 0.2980941 2.2877364 47 47 47
0.5263293 0.2988446 2.2934964 52 52 52
0.5374866 0.2996730 2.2998538 55 55 55
0.5488906 0.3006071 2.3070228 55 55 55
0.5601232 0.3014165 2.3132341 57 57 57
0.5717821 0.3024236 2.3209634 58 58 58
0.5829304 0.3031313 2.3263948 58 58 58
0.5943446 0.3039515 2.3326898 60 60 60
0.6060022 0.3048675 2.3397195 71 71 71
0.6179591 0.3059023 2.3476613 70 70 70
0.6296577 0.3067786 2.3543866 67 67 67
0.6414745 0.3076845 2.3613384 65 65 65
0.6534405 0.3086331 2.3686182 66 66 66
0.6652822 0.3094953 2.3752353 67 67 67
0.6775687 0.3105357 2.3832204 63 63 63
0.6894917 0.3113816 2.3897121 60 60 60
0.7020873 0.3125025 2.3983147 54 54 54
0.7136644 0.3131447 2.4032433 57 57 57
0.7260417 0.3141151 2.4106905 53 53 53
0.7387444 0.3151975 2.4189978 52 52 52
0.7513180 0.3161961 2.4266617 49 49 49
0.7636209 0.3170555 2.4332569 46 46 46
0.7743576 0.3172504 2.4347527 51 51 51
0.7871537 0.3182729 2.4426000 55 55 55
0.7997843 0.3192030 2.4497378 53 53 53
0.8126839 0.3202153 2.4575069 50 50 50
2.4152722 0.9166052 7.0345283 46 46 46
2.4525967 0.9194770 7.0565677 44 44 44
2.4787655 0.9181479 7.0463672 35 35 35
2.5050540 0.9168940 7.0367446 36 36 36
2.5419726 0.9195148 7.0568576 42 42 42
2.5692208 0.9186173 7.0499701 47 47 47
2.5955784 0.9174255 7.0408235 48 48 48
2.6343822 0.9206102 7.0652647 48 48 48
2.6606872 0.9194046 7.0560117 49 49 49
2.6872993 0.9183306 7.0477691 48 48 48
2.7253866 0.9211586 7.0694737 47 47 47
2.7515416 0.9199361 7.0600915 47 47 47
2.7899494 0.9227924 7.0820127 48 48 48
2.8155403 0.9213939 7.0712790 47 47 47
2.8420439 0.9203202 7.0630393 44 44 44
2.8812766 0.9233481 7.0862765 44 44 44
2.9068568 0.9219834 7.0758038 44 44 44
2.9328060 0.9207625 7.0664334 42 42 42
2.9730198 0.9239994 7.0912757 42 42 42
2.9985454 0.9226523 7.0809369 41 41 41
3.0377538 0.9255005 7.1027951 42 42 42
3.0637710 0.9243134 7.0936847 39 39 39
3.0894499 0.9230481 7.0839744 39 39 39
3.1300189 0.9262133 7.1082654 40 40 40
-3.3616569 0.8677368 6.4507194 49 49 49
-3.3372574 0.8684661 6.4561415 47 47 47
-3.3134627 0.8693662 6.4628325 51 51 51
-3.2738128 0.8660867 6.4384527 51 51 51
-3.2492628 0.8667805 6.4436102 52 52 52
-3.2260244 0.8678387 6.4514775 51 51 51
-3.2019153 0.8686788 6.4577227 53 53 53
-3.1770437 0.8693246 6.4625235 52 52 52
-3.1528780 0.8701765 6.4688563 48 48 48
-3.1144028 0.8670594 6.4456835 49 49 49
-3.0893888 0.8676680 6.4502087 49 49 49
-3.0657840 0.8686868 6.4577818 47 47 47
-3.0423942 0.8697852 6.4659476 50 50 50
-3.0183089 0.8707029 6.4727697 50 50 50
-2.9853964 0.8690678 6.4606142 47 47 47
-2.7734218 0.8300862 6.1708264 110 110 110
-2.6623700 0.8043957 5.9798446 114 114 114
-2.5581548 0.7802992 5.8007126 103 103 103
-2.4024527 0.7470939 5.5538654 103 103 103
-2.3374448 0.7340340 5.4567785 108 108 108
-2.2695794 0.7198082 5.3510246 115 115 115
-2.2137415 0.7091496 5.2717886 115 115 115
-2.1555488 0.6975127 5.1852808 115 115 115
-2.0828025 0.6808797 5.0616317 113 113 113
-2.0198541 0.6671383 4.9594789 115 115 115
-1.8902839 0.6375450 4.7394838 84 84 84
-1.8160712 0.6395636 4.7544894 37 37 37
-1.8014069 0.6414813 4.7687454 37 37 37
-1.7851089 0.6428539 4.7789497 38 38 38
-1.4290861 0.5326837 3.9599488 75 75 75
-1.3885226 0.5236832 3.8930392 70 70 70
-1.3492651 0.5149657 3.8282332 78 78 78
-1.3107170 0.5063111 3.7638958 54 54 54
-1.2725778 0.4976042 3.6991689 54 54 54
-1.2337292 0.4884004 3.6307485 53 53 53
-1.1978246 0.4801453 3.5693805 60 60 60
-1.1643752 0.4726769 3.5138605 62 62 62
-1.1359935 0.4670997 3.4723997 66 66 66
-1.0971171 0.4570052 3.3973577 62 62 62
-1.0687340 0.4510724 3.3532538 55 55 55
-1.0233368 0.4377032 3.2538676 55 55 55
-0.9991829 0.4331804 3.2202454 62 62 62
-0.9723614 0.4273604 3.1769800 64 64 64
-0.9434344 0.4204396 3.1255307 70 70 70
-0.9199709 0.4157920 3.0909803 75 75 75
-0.8955722 0.4105820 3.0522497 96 96 96
-0.8724898 0.4058323 3.0169404 107 107 107
-0.8458189 0.3992482 2.9679947 108 108 108
-0.8217557 0.3937157 2.9268663 102 102 102
-0.7976112 0.3879749 2.8841894 102 102 102
-0.7754393 0.3830307 2.8474345 100 100 100
-0.7507147 0.3766502 2.8000026 102 102 102
-0.7302830 0.3722541 2.7673221 127 127 127
-0.7074181 0.3664548 2.7242103 158 158 158
-0.6884690 0.3625260 2.6950030 155 155 155
-0.6676165 0.3574461 2.6572399 82 82 82
-0.6487857 0.3532938 2.6263714 60 60 60
-0.6023937 0.3396266 2.5247700 90 90 90
-0.5859634 0.3363072 2.5000937 62 62 62
-0.5708290 0.3336236 2.4801440 48 48 48
-0.5516248 0.3284168 2.4414370 48 48 48
-0.5353106 0.3247653 2.4142916 55 55 55
-0.5194960 0.3212812 2.3883910 66 66 66
-0.5033236 0.3174337 2.3597887 66 66 66
-0.4884495 0.3142662 2.3362420 63 63 63
-0.4731137 0.3106652 2.3094726 62 62 62
-0.4582125 0.3072042 2.2837434 59 59 59
-0.4435862 0.3037829 2.2583094 42 42 42
-0.4294666 0.3005660 2.2343955 45 45 45
-0.4155166 0.2973262 2.2103109 54 54 54
-0.4018673 0.2941578 2.1867571 53 53 53
-0.3885100 0.2910593 2.1637230 47 47 47
-0.3751685 0.2878240 2.1396718 58 58 58
-0.3621088 0.2846507 2.1160812 69 69 69
-0.3384098 0.2798118 2.0801094 70 70 70
-0.3260716 0.2767844 2.0576038 67 67 67
-0.3140469 0.2738649 2.0359001 64 64 64
-0.3022783 0.2710109 2.0146840 69 69 69
-0.2915351 0.2689377 1.9992720 87 87 87
-0.2800933 0.2660774 1.9780085 94 94 94
-0.2688618 0.2632474 1.9569703 96 96 96
-0.2579066 0.2605173 1.9366748 89 89 89
-0.2358576 0.2543538 1.8908556 108 108 108
-0.2160207 0.2498549 1.8574111 83 83 83
-0.2074256 0.2489398 1.8506086 67 67 67
-0.2001144 0.2495543 1.8551762 63 63 63
-0.1926884 0.2500698 1.8590087 75 75 75
-0.1852667 0.2506348 1.8632087 84 84 84
-0.1778066 0.2511956 1.8673780 84 84 84
-0.1704422 0.2519498 1.8729848 78 78 78
-0.1629084 0.2525148 1.8771846 82 82 82
-0.1553914 0.2531648 1.8820169 80 80 80
-0.1480645 0.2542111 1.8897951 63 63 63
-0.1404339 0.2548255 1.8943622 60 60 60
-0.1328462 0.2555965 1.9000939 63 63 63
-0.1251177 0.2561782 1.9044182 69 69 69
-0.1173355 0.2567223 1.9084628 74 74 74
-0.1095395 0.2573138 1.9128602 82 82 82
-0.1017966 0.2581342 1.9189595 85 85 85
-0.0938878 0.2586394 1.9227146 72 72 72
-0.0859766 0.2592329 1.9271266 66 66 66
-0.0780334 0.2598433 1.9316642 66 66 66
-0.0701106 0.2606722 1.9378259 57 57 57
-0.0620696 0.2612225 1.9419177 52 52 52
-0.0540146 0.2618720 1.9467455 56 56 56
-0.0459431 0.2626597 1.9526017 62 62 62
-0.0377883 0.2632116 1.9567044 68 68 68
-0.0296009 0.2637810 1.9609367 72 72 72
-0.0214008 0.2646353 1.9672878 77 77 77
-0.0131326 0.2651967 1.9714609 80 80 80
-0.0048310 0.2658517 1.9763304 78 78 78
0.0035143 0.2667034 1.9826618 75 75 75
0.0119000 0.2672636 1.9868267 73 73 73
0.0203258 0.2678881 1.9914690 71 71 71
0.0288015 0.2686134 1.9968606 72 72 72
0.0373156 0.2692880 2.0018761 80 80 80
0.0458537 0.2698546 2.0060880 80 80 80
0.0544967 0.2707659 2.0128624 81 81 81
0.0631320 0.2713988 2.0175679 79 79 79
0.0718331 0.2721305 2.0230069 73 73 73
0.0805596 0.2727926 2.0279291 74 74 74
0.0893397 0.2734918 2.0331266 72 72 72
0.0981715 0.2742131 2.0384891 65 65 65
0.1070478 0.2749324 2.0438364 65 65 65
0.1159686 0.2756504 2.0491736 63 63 63
0.1249642 0.2764342 2.0550008 59 59 59
0.1339317 0.2770583 2.0596399 54 54 54
0.1430615 0.2779217 2.0660589 56 56 56
0.1521604 0.2786294 2.0713191 57 57 57
0.1612594 0.2792602 2.0760093 56 56 56
0.1705446 0.2801321 2.0824904 60 60 60
0.1797476 0.2807902 2.0873830 68 68 68
0.1891229 0.2816434 2.0937252 70 70 70
0.1983940 0.2822722 2.0984001 64 64 64
0.2078830 0.2831441 2.1048820 65 65 65
0.2172769 0.2838205 2.1099095 66 66 66
0.2268920 0.2847210 2.1166046 65 65 65
0.2363315 0.2853415 2.1212173 66 66 66
0.2460740 0.2862692 2.1281133 67 67 67
0.2556414 0.2869351 2.1330636 68 68 68
0.2654040 0.2877674 2.1392510 61 61 61
0.2750621 0.2884353 2.1442161 61 61 61
0.2849570 0.2893012 2.1506529 59 59 59
0.2948998 0.2901607 2.1570425 62 62 62
0.3047322 0.2908635 2.1622674 67 67 67
0.3148914 0.2918283 2.1694393 66 66 66
0.3246793 0.2924041 2.1737204 49 49 49
0.3349229 0.2933476 2.1807337 71 71 71
0.3449214 0.2940316 2.1858191 60 60 60
0.3552036 0.2949157 2.1923909 57 57 57
0.3655903 0.2958394 2.1992579 61 61 61
0.3757896 0.2965695 2.2046857 60 60 60
0.3862346 0.2974536 2.2112575 58 58 58
0.3968007 0.2983870 2.2181969 60 60 60
0.4070575 0.2990502 2.2231274 55 55 55
0.4177440 0.2999923 2.2301302 53 53 53
0.4283636 0.3008457 2.2364745 51 51 51
0.4391501 0.3017771 2.2433987 55 55 55
0.4497103 0.3025171 2.2488995 56 56 56
0.4604756 0.3033615 2.2551770 56 56 56
0.4714386 0.3042994 2.2621489 59 59 59
0.4824172 0.3052099 2.2689180 61 61 61
0.4931386 0.3059255 2.2742379 60 60 60
0.5042223 0.3068343 2.2809935 55 55 55
0.5153769 0.3077513 2.2878108 50 50 50
0.5268006 0.3087924 2.2955503 59 59 59
0.5376903 0.3094886 2.3007257 66 66 66
0.5490439 0.3104224 2.3076673 68 68 68
0.5604510 0.3113534 2.3145881 68 68 68
0.5719062 0.3122787 2.3214672 71 71 71
0.5835117 0.3132536 2.3287146 74 74 74
0.5951031 0.3141888 2.3356664 78 78 78
0.6067895 0.3151429 2.3427591 69 69 69
0.6181049 0.3158768 2.3482149 61 61 61
0.6299981 0.3168782 2.3556592 59 59 59
0.6417614 0.3177841 2.3623941 66 66 66
0.6536877 0.3187419 2.3695145 65 65 65
0.6656138 0.3196707 2.3764188 58 58 58
0.6777828 0.3206869 2.3839734 57 57 57
0.6898915 0.3216453 2.3910978 52 52 52
0.7022666 0.3226985 2.3989275 51 51 51
0.7146218 0.3237127 2.4064672 51 51 51
0.7266669 0.3245601 2.4127665 48 48 48
0.7389314 0.3254807 2.4196100 53 53 53
0.7515307 0.3265216 2.4273486 51 51 51
0.7642778 0.3275980 2.4353502 45 45 45
0.7755338 0.3280151 2.4384511 53 53 53
0.7881370 0.3289837 2.4456513 54 54 54
0.8009494 0.3300135 2.4533064 54 54 54
0.8135287 0.3309221 2.4600613 49 49 49
2.3723392 0.9294490 6.9094853 57 57 57
2.4079671 0.9319611 6.9281607 53 53 53
2.4347360 0.9310254 6.9212050 56 56 56
2.4609919 0.9299181 6.9129729 54 54 54
2.4975691 0.9326912 6.9335880 54 54 54
2.5241497 0.9317100 6.9262938 53 53 53
2.5494649 0.9302896 6.9157352 51 51 51
2.5866816 0.9331951 6.9373341 54 54 54
2.6121690 0.9318513 6.9273438 54 54 54
2.6760583 0.9337581 6.9415193 53 53 53
2.7011778 0.9323249 6.9308648 53 53 53
2.7394295 0.9354063 6.9537721 50 50 50
2.7650981 0.9341716 6.9445930 50 50 50
2.7910857 0.9330692 6.9363980 48 48 48
2.8286793 0.9358294 6.9569173 50 50 50
2.8543904 0.9346421 6.9480915 46 46 46
2.8797400 0.9333618 6.9385734 46 46 46
2.9173968 0.9360561 6.9586029 43 43 43
2.9427593 0.9347913 6.9492002 44 44 44
3.0088384 0.9371181 6.9664969 39 39 39
3.0722036 0.9385265 6.9769673 41 41 41
3.0982950 0.9375188 6.9694762 44 44 44
3.2520535 0.9394858 6.9840994 34 34 34
-3.2742052 0.8787686 6.3341627 50 50 50
-3.2499666 0.8794376 6.3389850 52 52 52
-3.2263618 0.8802906 6.3451333 50 50 50
-3.2025130 0.8810908 6.3509011 52 52 52
-3.1394982 0.8784460 6.3318377 47 47 47
-3.1161654 0.8793966 6.3386893 47 47 47
-3.0929689 0.8804024 6.3459387 45 45 45
-3.0624695 0.8793288 6.3382006 50 50 50
-3.0386024 0.8801575 6.3441734 47 47 47
-3.0112309 0.8799768 6.3428712 46 46 46
-2.9876354 0.8809061 6.3495693 46 46 46
-2.9588525 0.8803090 6.3452654 49 49 49
-2.9348471 0.8811353 6.3512216 48 48 48
-2.9162271 0.8836086 6.3690491 48 48 48
-2.7836783 0.8592742 6.1936469 100 100 100
-2.6751907 0.8336074 6.0086408 113 113 113
-2.5847673 0.8131325 5.8610573 99 99 99
-2.4092951 0.7727087 5.5696831 100 100 100
-2.3432729 0.7589326 5.4703846 106 106 106
-2.2181706 0.7328437 5.2823362 113 113 113
-2.1593790 0.7206571 5.1944947 113 113 113
-2.0891445 0.7043625 5.0770440 114 114 114
-2.0251350 0.6898512 4.9724460 111 111 111
-1.8940948 0.6588568 4.7490387 70 70 70
-1.8697295 0.6573314 4.7380433 35 35 35
-1.8551993 0.6592681 4.7520032 36 36 36
-1.8411012 0.6614023 4.7673864 34 34 34
-1.8261466 0.6632726 4.7808671 36 36 36
-1.8113123 0.6652287 4.7949672 37 37 37
-1.7949277 0.6666533 4.8052359 35 35 35
-1.4318023 0.5504268 3.9674752 73 73 73
-1.3894614 0.5404651 3.8956711 75 75 75
-1.3499591 0.5313823 3.8302026 79 79 79
-1.3126153 0.5229394 3.7693467 54 54 54
-1.2742864 0.5138924 3.7041357 56 56 56
-1.2363988 0.5048010 3.6386049 52 52 52
-1.1999067 0.4960580 3.5755851 63 63 63
-1.1644197 0.4875133 3.5139949 64 64 64
-1.1366630 0.4820265 3.4744461 68 68 68
-1.1000096 0.4725743 3.4063146 63 63 63
-1.0702342 0.4658659 3.3579607 58 58 58
-1.0244421 0.4519122 3.2573824 53 53 53
-1.0003189 0.4472679 3.2239063 57 57 57
-0.9735907 0.4413148 3.1809967 56 56 56
-0.9444275 0.4340763 3.1288209 65 65 65
-0.9154744 0.4267305 3.0758727 73 73 73
-0.8925972 0.4220465 3.0421102 77 77 77
-0.8699085 0.4173163 3.0080149 93 93 93
-0.8469795 0.4123291 2.9720671 103 103 103
-0.8206281 0.4055009 2.9228499 110 110 110
-0.7985843 0.4006256 2.8877084 103 103 103
-0.7760507 0.3953497 2.8496797 100 100 100
-0.7515104 0.3888695 2.8029704 99 99 99
-0.7305564 0.3840676 2.7683582 95 95 95
-0.7093729 0.3789871 2.7317381 120 120 120
-0.6889191 0.3741351 2.6967649 141 141 141
-0.6682525 0.3690027 2.6597712 86 86 86
-0.6465390 0.3631072 2.6172764 61 61 61
-0.6011754 0.3495650 2.5196636 88 88 88
-0.5865650 0.3472060 2.5026605 58 58 58
-0.5689698 0.3429615 2.4720662 49 49 49
-0.5519691 0.3389236 2.4429610 50 50 50
-0.5355906 0.3351215 2.4155550 51 51 51
-0.5198723 0.3315929 2.3901212 58 58 58
-0.5042067 0.3279592 2.3639290 61 61 61
-0.4889021 0.3244183 2.3384068 58 58 58
-0.4734789 0.3206514 2.3112547 60 60 60
-0.4586038 0.3171052 2.2856936 51 51 51
-0.4442523 0.3137765 2.2617006 39 39 39
-0.4299935 0.3103686 2.2371364 47 47 47
-0.4158897 0.3069223 2.2122951 56 56 56
-0.4020641 0.3035278 2.1878276 51 51 51
-0.3885736 0.3002328 2.1640773 47 47 47
-0.3755500 0.2971487 2.1418474 53 53 53
-0.3627840 0.2941215 2.1200271 60 60 60
-0.3497727 0.2907374 2.0956347 69 69 69
-0.3385220 0.2886792 2.0807993 74 74 74
-0.3263769 0.2857285 2.0595305 69 69 69
-0.3143109 0.2826876 2.0376117 64 64 64
-0.3025006 0.2797123 2.0161655 68 68 68
-0.2906880 0.2765625 1.9934623 84 84 84
-0.2803845 0.2747038 1.9800645 96 96 96
-0.2691009 0.2717413 1.9587109 99 99 99
-0.2581101 0.2688961 1.9382026 80 80 80
-0.2360928 0.2625890 1.8927410 106 106 106
-0.2257840 0.2599101 1.8734316 94 94 94
-0.2161454 0.2578363 1.8584837 76 76 76
-0.2075771 0.2569313 1.8519604 68 68 68
-0.2001972 0.2574840 1.8559440 62 62 62
-0.1927535 0.2579962 1.8596361 78 78 78
-0.1853136 0.2585573 1.8636806 80 80 80
-0.1779014 0.2592083 1.8683732 75 75 75
-0.1705121 0.2599546 1.8737520 82 82 82
-0.1629696 0.2605286 1.8778894 80 80 80
-0.1554137 0.2611386 1.8822863 78 78 78
-0.1481314 0.2622988 1.8906496 65 65 65
-0.1405413 0.2630150 1.8958114 68 68 68
-0.1329005 0.2637169 1.9008710 75 75 75
-0.1251637 0.2643061 1.9051181 75 75 75
-0.1174145 0.2649484 1.9097478 81 81 81
-0.1096895 0.2657437 1.9154799 81 81 81
-0.1018304 0.2663149 1.9195969 76 76 76
-0.0939151 0.2668251 1.9232749 70 70 70
-0.0860153 0.2674795 1.9279921 69 69 69
-0.0781298 0.2683202 1.9340513 63 63 63
-0.0701308 0.2689216 1.9383862 66 66 66
-0.0620928 0.2695122 1.9426433 56 56 56
-0.0540774 0.2703952 1.9490082 71 71 71
-0.0459530 0.2709524 1.9530246 76 76 76
-0.0377910 0.2714825 1.9568455 70 70 70
-0.0296392 0.2724024 1.9634763 70 70 70
-0.0214118 0.2730722 1.9683039 75 75 75
-0.0131408 0.2736802 1.9726861 78 78 78
-0.0048322 0.2742560 1.9768364 84 84 84
0.0035151 0.2751239 1.9830925 74 74 74
0.0119018 0.2756824 1.9871179 73 73 73
0.0203332 0.2763868 1.9921954 71 71 71
0.0288108 0.2771240 1.9975096 67 67 67
0.0373293 0.2778320 2.0026124 70 70 70
0.0459123 0.2786697 2.0086505 74 74 74
0.0545200 0.2793735 2.0137236 74 74 74
0.0631436 0.2799580 2.0179367 74 74 74
0.0718696 0.2808037 2.0240326 67 67 67
0.0805973 0.2814760 2.0288785 65 65 65
0.0893468 0.2820878 2.0332882 59 59 59
0.0982026 0.2828990 2.0391357 62 62 62
0.1070974 0.2836827 2.0447841 60 60 60
0.1161045 0.2846250 2.0515764 63 63 63
0.1250188 0.2852246 2.0558987 63 63 63
0.1340264 0.2859457 2.0610962 67 67 67
0.1431430 0.2867975 2.0672359 65 65 65
0.1521620 0.2873670 2.0713413 63 63 63
0.1614566 0.2883669 2.0785480 66 66 66
0.1705702 0.2889572 2.0828032 68 68 68
0.1799740 0.2899573 2.0900118 71 71 71
0.1891896 0.2905750 2.0944638 71 71 71
0.1985138 0.2912968 2.0996666 67 67 67
0.2079729 0.2921465 2.1057916 66 66 66
0.2173483 0.2928139 2.1106019 66 66 66
0.2269817 0.2937627 2.1174407 68 68 68
0.2366158 0.2946405 2.1237686 67 67 67
0.2461954 0.2953890 2.1291633 68 68 68
0.2558894 0.2962172 2.1351328 65 65 65
0.2655529 0.2969550 2.1404512 67 67 67
0.2754346 0.2978801 2.1471195 64 64 64
0.2850789 0.2984980 2.1515727 64 64 64
0.2950165 0.2993752 2.1578960 59 59 59
0.3048926 0.3001395 2.1634049 66 66 66
0.3149513 0.3010339 2.1698518 59 59 59
0.3250854 0.3019478 2.1764393 52 52 52
0.3350991 0.3027028 2.1818814 56 56 56
0.3453730 0.3036462 2.1886811 59 59 59
0.3553317 0.3042706 2.1931815 58 58 58
0.3657803 0.3052721 2.2004008 60 60 60
0.3761582 0.3061666 2.2068481 60 60 60
0.3863745 0.3068894 2.2120585 63 63 63
0.3969302 0.3078415 2.2189207 62 62 62
0.4074648 0.3087337 2.2253518 61 61 61
0.4177562 0.3094056 2.2301950 62 62 62
0.4284633 0.3103490 2.2369952 57 57 57
0.4392249 0.3112904 2.2437811 61 61 61
0.4500993 0.3122704 2.2508445 60 60 60
0.4605820 0.3129437 2.2556977 65 65 65
0.4715310 0.3139002 2.2625923 67 67 67
0.4825436 0.3148603 2.2695127 71 71 71
0.4931137 0.3155000 2.2741230 69 69 69
0.5043955 0.3165618 2.2817769 66 66 66
0.5155394 0.3174990 2.2885323 63 63 63
0.5267710 0.3184548 2.2954216 70 70 70
0.5377754 0.3192412 2.3010898 75 75 75
0.5492181 0.3202553 2.3083994 71 71 71
0.5605391 0.3211643 2.3149517 67 67 67
0.5722269 0.3222488 2.3227689 68 68 68
0.5837677 0.3232154 2.3297360 69 69 69
0.5952230 0.3241035 2.3361373 67 67 67
0.6071656 0.3252236 2.3442111 65 65 65
0.6189139 0.3262055 2.3512888 56 56 56
0.6307092 0.3271807 2.3583183 54 54 54
0.6425008 0.3281238 2.3651161 54 54 54
0.6540765 0.3289295 2.3709233 56 56 56
0.6661122 0.3299388 2.3781984 55 55 55
0.6782491 0.3309675 2.3856134 51 51 51
0.6903858 0.3319661 2.3928111 53 53 53
0.7028094 0.3330719 2.4007816 51 51 51
0.7149643 0.3340207 2.4076207 54 54 54
0.7273822 0.3350641 2.4151416 54 54 54
0.7399769 0.3361590 2.4230335 48 48 48
0.7524047 0.3371493 2.4301713 50 50 50
0.7652475 0.3382964 2.4384401 46 46 46
0.7755510 0.3383054 2.4385049 51 51 51
0.7882926 0.3393639 2.4461343 53 53 53
0.8013389 0.3405244 2.4544995 53 53 53
0.8139265 0.3414629 2.4612641 51 51 51
2.3301570 0.9415414 6.7866287 62 62 62
2.3663678 0.9445719 6.8084722 60 60 60
2.3922045 0.9434383 6.8003011 58 58 58
2.4170811 0.9419574 6.7896271 58 58 58
2.4539382 0.9451255 6.8124628 54 54 54
2.4797151 0.9440021 6.8043652 57 57 57
2.5054808 0.9429002 6.7964230 56 56 56
2.5414863 0.9456332 6.8161225 54 54 54
2.5669212 0.9444160 6.8073492 53 53 53
2.6029792 0.9470909 6.8266296 54 54 54
2.6280870 0.9457667 6.8170853 52 52 52
2.6533759 0.9445356 6.8082108 51 51 51
2.6908343 0.9476166 6.8304181 54 54 54
2.7150652 0.9460233 6.8189340 51 51 51
2.7403741 0.9448351 6.8103695 51 51 51
2.7780888 0.9479045 6.8324938 52 52 52
2.8033190 0.9466948 6.8237743 47 47 47
2.8659689 0.9483821 6.8359365 44 44 44
2.8902164 0.9468818 6.8251224 44 44 44
3.0404465 0.9488555 6.8393488 40 40 40
-3.2265947 0.8923128 6.2420573 44 44 44
-3.1881430 0.8889309 6.2183995 44 44 44
-3.1654742 0.8899300 6.2253885 44 44 44
-3.1428101 0.8909472 6.2325039 47 47 47
-3.1129818 0.8899335 6.2254124 47 47 47
-3.0877166 0.8902180 6.2274032 47 47 47
-3.0648429 0.8912029 6.2342925 45 45 45
-3.0417037 0.8921269 6.2407565 42 42 42
-3.0124817 0.8912674 6.2347441 46 46 46
-2.9886637 0.8920057 6.2399087 44 44 44
-2.9649179 0.8927788 6.2453170 46 46 46
-2.9420927 0.8938454 6.2527785 43 43 43
-2.9190803 0.8948740 6.2599735 44 44 44
-2.8964252 0.8960320 6.2680740 51 51 51
-2.8621194 0.8935738 6.2508779 50 50 50
-2.7046599 0.8684075 6.0748305 111 111 111
-2.5982955 0.8422334 5.8917327 107 107 107
-2.5003266 0.8183016 5.7243214 94 94 94
-2.4162025 0.7984785 5.5856514 98 98 98
-2.3502495 0.7843291 5.4866714 105 105 105
-2.2785251 0.7679533 5.3721166 108 108 108
-2.2225614 0.7566138 5.2927923 114 114 114
-2.1631193 0.7438482 5.2034922 115 115 115
-2.0933595 0.7272364 5.0872874 114 114 114
-2.0301094 0.7125657 4.9846592 114 114 114
-1.8993486 0.6807663 4.7622113 63 63 63
-1.8787032 0.6805623 4.7607837 36 36 36
-1.8661351 0.6833113 4.7800145 35 35 35
-1.8512380 0.6852584 4.7936349 35 35 35
-1.8362263 0.6872056 4.8072562 38 38 38
-1.8211361 0.6891664 4.8209734 39 39 39
-1.8046938 0.6906542 4.8313804 35 35 35
-1.4335396 0.5678456 3.9722893 83 83 83
-1.3912163 0.5575963 3.9005914 80 80 80
-1.3510529 0.5479777 3.8333061 80 80 80
-1.3132440 0.5390927 3.7711520 55 55 55
-1.2749054 0.5297698 3.7059350 58 58 58
-1.2378312 0.5207474 3.6428201 55 55 55
-1.2019086 0.5119888 3.5815504 67 67 67
-1.1660681 0.5030428 3.5189695 62 62 62
-1.1373578 0.4969817 3.4765699 66 66 66
-1.1014087 0.4875579 3.4106472 61 61 61
-1.0711368 0.4804311 3.3607931 55 55 55
-1.0253917 0.4660800 3.2604017 54 54 54
-1.0009785 0.4611669 3.2260323 61 61 61
-0.9747076 0.4552506 3.1846459 61 61 61
-0.9463564 0.4481838 3.1352110 55 55 55
-0.9168131 0.4403443 3.0803707 71 71 71
-0.8930650 0.4351028 3.0437045 79 79 79
-0.8663130 0.4282236 2.9955819 77 77 77
-0.8462701 0.4245063 2.9695780 88 88 88
-0.8217297 0.4183873 2.9267735 105 105 105
-0.7995195 0.4132863 2.8910902 110 110 110
-0.7743257 0.4064611 2.8433456 108 108 108
-0.7527452 0.4013478 2.8075757 105 105 105
-0.7316892 0.3963552 2.7726507 99 99 99
-0.7079822 0.3897411 2.7263823 90 90 90
-0.6664374 0.3791862 2.6525469 67 67 67
-0.6472427 0.3745514 2.6201251 58 58 58
-0.6035616 0.3616199 2.5296648 76 76 76
-0.5867511 0.3578732 2.5034549 47 47 47
-0.5697326 0.3538599 2.4753804 47 47 47
-0.5525268 0.3495783 2.4454291 51 51 51
-0.5360924 0.3456312 2.4178178 53 53 53
-0.5203247 0.3419693 2.3922012 57 57 57
-0.5050319 0.3384808 2.3677976 58 58 58
-0.4892325 0.3345052 2.3399873 51 51 51
-0.4740628 0.3308053 2.3141053 56 56 56
-0.4589925 0.3270208 2.2876310 57 57 57
-0.4443502 0.3233852 2.2621989 42 42 42
-0.4303053 0.3200344 2.2387586 48 48 48
-0.4161634 0.3164596 2.2137513 59 59 59
-0.4025629 0.3131418 2.1905422 55 55 55
-0.3889892 0.3096895 2.1663918 65 65 65
-0.3755567 0.3061862 2.1418855 59 59 59
-0.3630564 0.3032891 2.1216190 56 56 56
-0.3502066 0.2999461 2.0982337 61 61 61
-0.3376957 0.2967277 2.0757198 62 62 62
-0.3264862 0.2945120 2.0602202 65 65 65
-0.3145298 0.2914830 2.0390310 60 60 60
-0.3026546 0.2883610 2.0171916 68 68 68
-0.2908595 0.2851370 1.9946382 73 73 73
-0.2692526 0.2801589 1.9598148 92 92 92
-0.2582757 0.2772472 1.9394462 83 83 83
-0.2363279 0.2708400 1.8946259 110 110 110
-0.2258778 0.2679215 1.8742096 97 97 97
-0.2162864 0.2658467 1.8596958 74 74 74
-0.2077044 0.2649032 1.8530959 62 62 62
-0.2002375 0.2653638 1.8563174 64 64 64
-0.1928410 0.2659589 1.8604807 81 81 81
-0.1855653 0.2667782 1.8662117 79 79 79
-0.1780881 0.2673675 1.8703344 83 83 83
-0.1706026 0.2679983 1.8747470 75 75 75
-0.1630811 0.2686312 1.8791745 75 75 75
-0.1555246 0.2692682 1.8836302 77 77 77
-0.1483306 0.2706349 1.8931911 70 70 70
-0.1406319 0.2711843 1.8970340 72 72 72
-0.1329292 0.2717914 1.9012811 68 68 68
-0.1252056 0.2724311 1.9057562 69 69 69
-0.1174365 0.2730529 1.9101055 74 74 74
-0.1097180 0.2738923 1.9159777 70 70 70
-0.1018832 0.2745520 1.9205922 59 59 59
-0.0939680 0.2750902 1.9243577 67 67 67
-0.0861246 0.2759600 1.9304421 71 71 71
-0.0781468 0.2765361 1.9344718 75 75 75
-0.0701593 0.2772083 1.9391745 72 72 72
-0.0621063 0.2777644 1.9430643 68 68 68
-0.0540891 0.2786745 1.9494307 75 75 75
-0.0459767 0.2793320 1.9540303 71 71 71
-0.0378088 0.2798659 1.9577653 78 78 78
-0.0296523 0.2808060 1.9643418 78 78 78
-0.0214149 0.2814126 1.9685848 81 81 81
-0.0131455 0.2821004 1.9733964 77 77 77
-0.0048381 0.2829348 1.9792335 80 80 80
0.0035160 0.2835592 1.9836013 70 70 70
0.0119082 0.2842160 1.9881960 63 63 63
0.0203518 0.2850483 1.9940178 61 61 61
0.0288265 0.2857031 1.9985983 61 61 61
0.0373442 0.2863909 2.0034101 65 65 65
0.0459288 0.2872432 2.0093725 65 65 65
0.0545262 0.2878980 2.0139525 68 68 68
0.0631733 0.2886032 2.0188854 68 68 68
0.0718930 0.2894332 2.0246916 65 65 65
0.0806179 0.2901058 2.0293968 64 64 64
0.0894423 0.2909730 2.0354636 66 66 66
0.0982321 0.2915855 2.0397480 64 64 64
0.1071586 0.2924725 2.0459528 67 67 67
0.1161340 0.2933509 2.0520976 63 63 63
0.1250858 0.2940517 2.0570002 63 63 63
0.1341636 0.2949390 2.0632074 66 66 66
0.1432046 0.2956419 2.0681243 58 58 58
0.1523019 0.2963740 2.0732450 63 63 63
0.1615372 0.2972804 2.0795860 66 66 66
0.1706845 0.2979398 2.0841990 66 66 66
0.1800129 0.2988354 2.0904636 70 70 70
0.1892405 0.2994877 2.0950272 68 68 68
0.1987342 0.3004842 2.1019979 67 67 67
0.2080462 0.3011326 2.1065335 76 76 76
0.2175889 0.3020482 2.1129384 85 85 85
0.2269768 0.3026854 2.1173959 95 95 95
0.2367081 0.3037149 2.1245975 65 65 65
0.2462003 0.3043736 2.1292057 59 59 59
0.2559888 0.3053395 2.1359625 66 66 66
0.2656198 0.3060583 2.1409903 66 66 66
0.2755052 0.3070131 2.1476698 63 63 63
0.2851704 0.3076697 2.1522632 62 62 62
0.2951063 0.3085689 2.1585531 62 62 62
0.3051511 0.3095247 2.1652393 59 59 59
0.3150199 0.3102517 2.1703248 60 60 60
0.3252432 0.3112768 2.1774960 57 57 57
0.3351733 0.3119728 2.1823645 61 61 61
0.3454599 0.3129545 2.1892319 63 63 63
0.3554311 0.3136067 2.1937947 65 65 65
0.3658490 0.3146102 2.2008142 62 62 62
0.3762150 0.3155203 2.2071810 65 65 65
0.3864345 0.3162667 2.2124023 68 68 68
0.3970166 0.3172676 2.2194035 71 71 71
0.4074862 0.3181346 2.2254689 68 68 68
0.4181590 0.3191176 2.2323456 68 68 68
0.4285292 0.3198315 2.2373393 71 71 71
0.4392646 0.3207813 2.2439835 70 70 70
0.4501857 0.3218239 2.2512765 69 69 69
0.4610456 0.3227805 2.2579684 74 74 74
0.4716683 0.3235357 2.2632513 77 77 77
0.4827268 0.3245539 2.2703743 68 68 68
0.4937002 0.3254764 2.2768276 68 68 68
0.5049869 0.3265664 2.2844524 62 62 62
0.5157897 0.3273084 2.2896433 61 61 61
0.5270904 0.3283334 2.2968132 66 66 66
0.5385340 0.3294088 2.3043361 63 63 63
0.5499089 0.3304048 2.3113031 60 60 60
0.5613766 0.3314208 2.3184106 59 59 59
0.5724664 0.3321828 2.3237412 62 62 62
0.5840139 0.3331803 2.3307190 56 56 56
0.5957591 0.3342556 2.3382413 59 59 59
0.6072135 0.3351355 2.3443961 58 58 58
0.6189594 0.3361454 2.3514612 55 55 55
0.6308598 0.3372062 2.3588812 54 54 54
0.6428192 0.3382649 2.3662879 52 52 52
0.6548259 0.3393159 2.3736398 57 57 57
0.6668206 0.3403291 2.3807275 56 56 56
0.6782790 0.3410426 2.3857186 52 52 52
0.6907673 0.3422455 2.3941333 58 58 58
0.7030114 0.3432945 2.4014716 57 57 57
0.7151880 0.3442812 2.4083736 58 58 58
0.7274793 0.3452947 2.4154639 58 58 58
0.7401863 0.3464748 2.4237192 50 50 50
0.7525783 0.3474773 2.4307320 57 57 57
0.7655659 0.3487242 2.4394543 44 44 44
0.7759656 0.3487749 2.4398086 52 52 52
0.7887613 0.3498870 2.4475887 55 55 55
0.8015330 0.3509599 2.4550941 48 48 48
0.8141750 0.3519494 2.4620156 49 49 49
2.2883809 0.9527668 6.6649551 63 63 63
2.3233566 0.9555924 6.6847210 61 61 61
2.3485630 0.9543803 6.6762419 60 60 60
2.3739398 0.9532654 6.6684427 61 61 61
2.4612849 0.9544223 6.6765356 59 59 59
2.4971137 0.9573645 6.6971178 60 60 60
2.5222428 0.9561846 6.6888638 59 59 59
2.5579231 0.9589866 6.7084646 57 57 57
2.5828052 0.9577232 6.6996269 58 58 58
2.6078212 0.9565363 6.6913238 55 55 55
2.6434860 0.9592389 6.7102294 54 54 54
2.6681905 0.9579491 6.7012072 57 57 57
2.6930456 0.9567400 6.6927490 53 53 53
2.7292233 0.9595367 6.7123127 53 53 53
2.7539971 0.9583078 6.7037163 49 49 49
2.8148432 0.9597766 6.7139912 52 52 52
2.8387930 0.9583038 6.7036886 49 49 49
2.9011755 0.9602382 6.7172198 45 45 45
2.9854329 0.9600063 6.7155981 41 41 41
-3.1676290 0.9018473 6.1279845 42 42 42
-3.1445954 0.9026532 6.1334605 42 42 42
-3.1226101 0.9037760 6.1410894 45 45 45
-3.0992191 0.9045073 6.1460586 47 47 47
-3.0630987 0.9015045 6.1256547 47 47 47
-3.0403972 0.9024336 6.1319680 45 45 45
-3.0180361 0.9034805 6.1390815 47 47 47
-2.9958289 0.9045919 6.1466336 49 49 49
-2.9733131 0.9056288 6.1536794 48 48 48
-2.9493217 0.9062305 6.1577678 45 45 45
-2.9264817 0.9071999 6.1643548 47 47 47
-2.8907604 0.9041576 6.1436830 47 47 47
-2.8684072 0.9052795 6.1513057 47 47 47
-2.8446171 0.9059641 6.1559577 52 52 52
-2.8244665 0.9078311 6.1686435 55 55 55
-2.8028150 0.9092459 6.1782575 52 52 52
-2.6117930 0.8715827 5.9223390 107 107 107
-2.5100751 0.8457254 5.7466397 96 96 96
-2.4237313 0.8245943 5.6030560 98 98 98
-2.3566220 0.8096555 5.5015478 101 101 101
-2.2836225 0.7923759 5.3841343 110 110 110
-2.2262068 0.7802109 5.3014736 113 113 113
-2.1672981 0.7672704 5.2135444 115 115 115
-2.0976045 0.7502075 5.0976033 116 116 116
-1.9087406 0.7043139 4.7857599 57 57 57
-1.8923260 0.7057186 4.7953048 35 35 35
-1.8763620 0.7073236 4.8062105 34 34 34
-1.8614428 0.7093617 4.8200598 35 35 35
-1.8462847 0.7113529 4.8335891 37 37 37
-1.8311394 0.7133934 4.8474545 36 36 36
-1.8171629 0.7159405 4.8647618 36 36 36
-1.4356546 0.5854590 3.9781499 80 80 80
-1.3933966 0.5749445 3.9067042 80 80 80
-1.3525022 0.5647478 3.8374181 75 75 75
-1.3144627 0.5555105 3.7746520 58 58 58
-1.2753267 0.5455778 3.7071598 62 62 62
-1.2390332 0.5366296 3.6463573 60 60 60
-1.2039174 0.5279730 3.5875366 71 71 71
-1.1679941 0.5187375 3.5247819 62 62 62
-1.1343309 0.5102805 3.4673173 66 66 66
-1.1021901 0.5022965 3.4130669 61 61 61
-1.0717267 0.4948758 3.3626437 56 56 56
-1.0246675 0.4794901 3.2580991 52 52 52
-1.0020223 0.4752659 3.2293959 67 67 67
-0.9760641 0.4693324 3.1890779 68 68 68
-0.9470707 0.4617532 3.1375778 64 64 64
-0.9186210 0.4542280 3.0864451 72 72 72
-0.8941775 0.4484960 3.0474961 75 75 75
-0.8669238 0.4411667 2.9976943 83 83 83
-0.8440033 0.4358582 2.9616234 80 80 80
-0.8219268 0.4308327 2.9274757 92 92 92
-0.8003899 0.4259411 2.8942375 110 110 110
-0.7754065 0.4190355 2.8473144 115 115 115
-0.7535229 0.4136141 2.8104765 112 112 112
-0.7323663 0.4084249 2.7752166 112 112 112
-0.7092693 0.4019675 2.7313390 103 103 103
-0.6866135 0.3955511 2.6877398 82 82 82
-0.6647890 0.3894062 2.6459858 61 61 61
-0.6456133 0.3846296 2.6135292 59 59 59
-0.6041371 0.3726424 2.5320771 83 83 83
-0.5869932 0.3685821 2.5044878 55 55 55
-0.5702185 0.3646092 2.4774916 51 51 51
-0.5531902 0.3603227 2.4483654 55 55 55
-0.5362834 0.3559539 2.4186795 53 53 53
-0.5205234 0.3521915 2.3931143 57 57 57
-0.5044561 0.3480684 2.3650982 57 57 57
-0.4906497 0.3453704 2.3467655 51 51 51
-0.4743686 0.3407835 2.3155980 56 56 56
-0.4593023 0.3368948 2.2891750 51 51 51
-0.4448941 0.3333323 2.2649679 40 40 40
-0.4305881 0.3296917 2.2402298 45 45 45
-0.4164571 0.3260247 2.2153134 58 58 58
-0.4029806 0.3227137 2.1928153 52 52 52
-0.3893704 0.3191375 2.1685152 47 47 47
-0.3759802 0.3155739 2.1443009 55 55 55
-0.3632655 0.3124157 2.1228409 57 57 57
-0.3504958 0.3090494 2.0999670 57 57 57
-0.3381910 0.3059291 2.0787649 63 63 63
-0.3260901 0.3028320 2.0577209 61 61 61
-0.3147584 0.3002995 2.0405126 58 58 58
-0.3027892 0.2969994 2.0180886 68 68 68
-0.2910653 0.2937560 1.9960501 68 68 68
-0.2797254 0.2907185 1.9754102 80 80 80
-0.2694643 0.2886502 1.9613559 89 89 89
-0.2584095 0.2855736 1.9404513 81 81 81
-0.2365619 0.2791057 1.8965023 109 109 109
-0.2261405 0.2761457 1.8763894 98 98 98
-0.2165561 0.2740303 1.8620150 76 76 76
-0.2077590 0.2727894 1.8535831 66 66 66
-0.2003241 0.2733100 1.8571209 65 65 65
-0.1930503 0.2741016 1.8625000 77 77 77
-0.1855922 0.2746877 1.8664820 77 77 77
-0.1782046 0.2754346 1.8715576 76 76 76
-0.1707051 0.2760698 1.8758733 77 77 77
-0.1631416 0.2766582 1.8798716 73 73 73
-0.1555889 0.2773259 1.8844084 74 74 74
-0.1483854 0.2787215 1.8938916 66 66 66
-0.1406831 0.2792855 1.8977240 72 72 72
-0.1329684 0.2798915 1.9018414 73 73 73
-0.1252424 0.2805502 1.9063171 80 80 80
-0.1175559 0.2813935 1.9120476 84 84 84
-0.1097581 0.2820749 1.9166778 79 79 79
-0.1019055 0.2827129 1.9210126 72 72 72
-0.0939886 0.2832671 1.9247782 67 67 67
-0.0861274 0.2841099 1.9305050 73 73 73
-0.0781931 0.2848626 1.9356197 68 68 68
-0.0701720 0.2854372 1.9395239 66 66 66
-0.0622013 0.2863959 1.9460385 72 72 72
-0.0541233 0.2870765 1.9506633 70 70 70
-0.0459782 0.2875814 1.9540936 74 74 74
-0.0378595 0.2885081 1.9603907 68 68 68
-0.0296664 0.2892276 1.9652798 67 67 67
-0.0214266 0.2898726 1.9696624 62 62 62
-0.0131475 0.2904650 1.9736878 65 65 65
-0.0048402 0.2914101 1.9801095 68 68 68
0.0035173 0.2920300 1.9843217 69 69 69
0.0119122 0.2926972 1.9888551 66 66 66
0.0203614 0.2935951 1.9949566 67 67 67
0.0288423 0.2942919 1.9996916 71 71 71
0.0373968 0.2952547 2.0062335 70 70 70
0.0459572 0.2958996 2.0106153 67 67 67
0.0545556 0.2965509 2.0150409 64 64 64
0.0632391 0.2974265 2.0209906 67 67 67
0.0719525 0.2982179 2.0263679 69 69 69
0.0806674 0.2988470 2.0306427 69 69 69
0.0895221 0.2998237 2.0372794 66 66 66
0.0983263 0.3004749 2.0417044 66 66 66
0.1072466 0.3013473 2.0476317 65 65 65
0.1161927 0.3021571 2.0531347 65 65 65
0.1251041 0.3027704 2.0573022 60 60 60
0.1341930 0.3037059 2.0636587 52 52 52
0.1432509 0.3044616 2.0687938 57 57 57
0.1523948 0.3053029 2.0745101 64 64 64
0.1615832 0.3061371 2.0801783 63 63 63
0.1707516 0.3068494 2.0850186 63 63 63
0.1800781 0.3077621 2.0912204 65 65 65
0.1893396 0.3084837 2.0961237 69 69 69
0.1987711 0.3094056 2.1023879 73 73 73
0.2081056 0.3101044 2.1071358 75 75 75
0.2176887 0.3111010 2.1139078 92 92 92
0.2270508 0.3117159 2.1180859 102 102 102
0.2367769 0.3127651 2.1252151 70 70 70
0.2462627 0.3134318 2.1297455 63 63 63
0.2560443 0.3144148 2.1364250 69 69 69
0.2657228 0.3152088 2.1418200 70 70 70
0.2756296 0.3162124 2.1486397 70 70 70
0.2854895 0.3171002 2.1546717 69 69 69
0.2952432 0.3178188 2.1595550 68 68 68
0.3052498 0.3187584 2.1659393 70 70 70
0.3151531 0.3195388 2.1712422 64 64 64
0.3253364 0.3205510 2.1781197 63 63 63
0.3352014 0.3212026 2.1825476 75 75 75
0.3454903 0.3222147 2.1894245 75 75 75
0.3558574 0.3232451 2.1964264 73 73 73
0.3659289 0.3239616 2.2012944 77 77 77
0.3762735 0.3248784 2.2075243 80 80 80
0.3868056 0.3259090 2.2145267 80 80 80
0.3971169 0.3267093 2.2199650 78 78 78
0.4076951 0.3276872 2.2266097 79 79 79
0.4183466 0.3286787 2.2333469 72 72 72
0.4287476 0.3294340 2.2384794 71 71 71
0.4394332 0.3303708 2.2448447 72 72 72
0.4502924 0.3313959 2.2518101 72 72 72
0.4612657 0.3324609 2.2590466 74 74 74
0.4719191 0.3332568 2.2644548 70 70 70
0.4829396 0.3342752 2.2713749 66 66 66
0.4940287 0.3353007 2.2783427 62 62 62
0.5052726 0.3363900 2.2857444 57 57 57
0.5164810 0.3374154 2.2927120 55 55 55
0.5274069 0.3382219 2.2981925 58 58 58
0.5387884 0.3392863 2.3054245 58 58 58
0.5500831 0.3402591 2.3120351 61 61 61
0.5615538 0.3413051 2.3191426 58 58 58
0.5730870 0.3423527 2.3262603 66 66 66
0.5847152 0.3434207 2.3335173 66 66 66
0.5960194 0.3442662 2.3392627 68 68 68
0.6076485 0.3452688 2.3460758 63 63 63
0.6192943 0.3462487 2.3527336 56 56 56
0.6311126 0.3472925 2.3598266 55 55 55
0.6430510 0.3483691 2.3671415 52 52 52
0.6550614 0.3494511 2.3744936 54 54 54
0.6668705 0.3503948 2.3809061 52 52 52
0.6792890 0.3516259 2.3892710 51 51 51
0.6914442 0.3526867 2.3964794 59 59 59
0.7038012 0.3538184 2.4041693 58 58 58
0.7161173 0.3548977 2.4115033 54 54 54
0.7279143 0.3556932 2.4169083 53 53 53
0.7403308 0.3567652 2.4241922 56 56 56
0.7528771 0.3578696 2.4316971 61 61 61
0.7656703 0.3590603 2.4397874 44 44 44
0.7767011 0.3594037 2.4421213 53 53 53
0.7896188 0.3606000 2.4502494 55 55 55
0.8023559 0.3616839 2.4576147 53 53 53
0.8146635 0.3625490 2.4634929 50 50 50
2.2481995 0.9636495 6.5479255 61 61 61
2.2829502 0.9666722 6.5684643 62 62 62
2.3080180 0.9655714 6.5609846 63 63 63
2.3674829 0.9672589 6.5724506 62 62 62
2.3922713 0.9660768 6.5644188 59 59 59
2.4525030 0.9679981 6.5774746 61 61 61
2.4769032 0.9666959 6.5686255 60 60 60
2.5122993 0.9696665 6.5888109 56 56 56
2.5373878 0.9686373 6.5818176 58 58 58
2.5614243 0.9672330 6.5722752 59 59 59
2.5972614 0.9702672 6.5928926 59 59 59
2.6214528 0.9689327 6.5838251 59 59 59
2.6816745 0.9706319 6.5953703 56 56 56
2.7060308 0.9693938 6.5869579 52 52 52
2.7657988 0.9708731 6.5970097 49 49 49
2.7898941 0.9695790 6.5882158 53 53 53
2.8503220 0.9712362 6.5994768 48 48 48
2.9078264 0.9718529 6.6036673 46 46 46
-3.1225154 0.9144765 6.0407090 46 46 46
-3.0894601 0.9122377 6.0259204 49 49 49
-3.0679986 0.9134136 6.0336881 45 45 45
-3.0450604 0.9141658 6.0386567 49 49 49
-3.0233951 0.9153160 6.0462546 50 50 50
-2.9998820 0.9159216 6.0502553 47 47 47
-2.9780369 0.9170513 6.0577178 49 49 49
-2.9423542 0.9139026 6.0369182 51 51 51
-2.9197743 0.9148041 6.0428729 49 49 49
-2.8977549 0.9158987 6.0501037 47 47 47
-2.8754241 0.9169134 6.0568070 54 54 54
-2.8524334 0.9177341 6.0622277 48 48 48
-2.8305516 0.9189295 6.0701241 48 48 48
-2.8082736 0.9200169 6.0773072 54 54 54
-2.7748361 0.9174348 6.0602508 55 55 55
-2.7513056 0.9181106 6.0647149 56 56 56
-2.5204000 0.8735371 5.7702775 92 92 92
-2.4342782 0.8519131 5.6274376 93 93 93
-2.3634846 0.8352805 5.5175686 99 99 99
-2.2885389 0.8168353 5.3957262 106 106 106
-2.2297831 0.8038561 5.3099904 110 110 110
-2.1708293 0.7905416 5.2220387 112 112 112
-2.1012619 0.7730494 5.1064916 113 113 113
-1.9182286 0.7280965 4.8095489 48 48 48
-1.9014490 0.7294400 4.8184233 38 38 38
-1.8863870 0.7314785 4.8318887 39 39 39
-1.8718272 0.7337584 4.8469491 36 36 36
-1.8565599 0.7358082 4.8604894 35 35 35
-1.8426301 0.7384399 4.8778729 36 36 36
-1.8272578 0.7405462 4.8917871 36 36 36
-1.4733843 0.6109230 4.0355420 57 57 57
-1.4378493 0.6031553 3.9842312 72 72 72
-1.3949144 0.5920631 3.9109597 82 82 82
-1.3543855 0.5817388 3.8427615 73 73 73
-1.3154753 0.5718682 3.7775598 58 58 58
-1.2767551 0.5618392 3.7113118 63 63 63
-1.2392946 0.5521226 3.6471269 60 60 60
-1.2049470 0.5435659 3.5906045 72 72 72
-1.1697932 0.5344232 3.5302112 60 60 60
-1.1358799 0.5256188 3.4720523 63 63 63
-1.1034977 0.5173022 3.4171162 61 61 61
-1.0724703 0.5094091 3.3649769 54 54 54
-1.0257852 0.4937674 3.2616529 50 50 50
-1.0036505 0.4896786 3.2346439 75 75 75
-0.9731913 0.4813596 3.1796918 79 79 79
-0.9477531 0.4753264 3.1398385 68 68 68
-0.9191121 0.4674931 3.0880949 74 74 74
-0.8955833 0.4620724 3.0522873 76 76 76
-0.8685943 0.4546823 3.0034707 84 84 84
-0.8451397 0.4489509 2.9656112 91 91 91
-0.8191213 0.4416650 2.9174831 89 89 89
-0.7990819 0.4374299 2.8895078 95 95 95
-0.7759767 0.4313594 2.8494081 105 105 105
-0.7545426 0.4260415 2.8142800 115 115 115
-0.7333560 0.4206956 2.7789669 114 114 114
-0.7099971 0.4139097 2.7341413 112 112 112
-0.6899354 0.4088537 2.7007432 91 91 91
-0.6617135 0.3987111 2.6337447 65 65 65
-0.6445751 0.3950145 2.6093266 62 62 62
-0.6036956 0.3830399 2.5302265 86 86 86
-0.5876460 0.3795651 2.5072730 57 57 57
-0.5708264 0.3754565 2.4801328 63 63 63
-0.5537654 0.3710327 2.4509113 63 63 63
-0.5370716 0.3666914 2.4222343 51 51 51
-0.5211598 0.3627261 2.3960404 56 56 56
-0.5050483 0.3584622 2.3678749 58 58 58
-0.4896657 0.3545541 2.3420589 54 54 54
-0.4752726 0.3512163 2.3200109 59 59 59
-0.4597133 0.3468583 2.2912235 51 51 51
-0.4454902 0.3433430 2.2680025 40 40 40
-0.4311171 0.3395553 2.2429824 43 43 43
-0.4169126 0.3357334 2.2177367 57 57 57
-0.4031388 0.3320910 2.1936760 51 51 51
-0.3897011 0.3285608 2.1703568 45 45 45
-0.3764151 0.3249918 2.1467814 52 52 52
-0.3636749 0.3217298 2.1252337 59 59 59
-0.3508846 0.3182575 2.1022964 55 55 55
-0.3382309 0.3147322 2.0790102 53 53 53
-0.3260920 0.3115112 2.0577328 56 56 56
-0.3150555 0.3091959 2.0424390 64 64 64
-0.3030899 0.3058130 2.0200925 68 68 68
-0.2913334 0.3024516 1.9978887 70 70 70
-0.2798510 0.2991830 1.9762970 77 77 77
-0.2696842 0.2971633 1.9629562 82 82 82
-0.2586041 0.2939776 1.9419124 72 72 72
-0.2469914 0.2899582 1.9153616 82 82 82
-0.2367700 0.2873557 1.8981702 109 109 109
-0.2262878 0.2842434 1.8776120 97 97 97
-0.2078606 0.2807431 1.8544900 63 63 63
-0.2003439 0.2811691 1.8573039 63 63 63
-0.1931153 0.2820506 1.8631270 70 70 70
-0.1857343 0.2827750 1.8679116 75 75 75
-0.1782635 0.2834206 1.8721764 81 81 81
-0.1707773 0.2841004 1.8766668 77 77 77
-0.1632279 0.2847361 1.8808664 79 79 79
-0.1556710 0.2854230 1.8854034 80 80 80
-0.1484346 0.2868030 1.8945196 71 71 71
-0.1407530 0.2874308 1.8986666 79 79 79
-0.1330379 0.2880621 1.9028366 81 81 81
-0.1252843 0.2886854 1.9069542 83 83 83
-0.1176178 0.2896088 1.9130538 83 83 83
-0.1098156 0.2903096 1.9176830 86 86 86
-0.1019319 0.2908891 1.9215109 72 72 72
-0.0940228 0.2914898 1.9254787 72 72 72
-0.0861719 0.2924016 1.9315021 67 67 67
-0.0782281 0.2931560 1.9364851 63 63 63
-0.0702138 0.2937910 1.9406798 67 67 67
-0.0622310 0.2947427 1.9469663 69 69 69
-0.0541328 0.2953543 1.9510065 73 73 73
-0.0460105 0.2960295 1.9554665 80 80 80
-0.0378762 0.2969058 1.9612553 76 76 76
-0.0296795 0.2976462 1.9661458 71 71 71
-0.0214337 0.2982768 1.9703114 68 68 68
-0.0131667 0.2992255 1.9765779 70 70 70
-0.0048420 0.2998677 1.9808199 70 70 70
0.0035194 0.3005845 1.9855554 73 73 73
0.0119274 0.3014674 1.9913876 62 62 62
0.0203681 0.3021074 1.9956146 61 61 61
0.0288485 0.3027902 2.0001252 63 63 63
0.0374146 0.3038596 2.0071895 63 63 63
0.0459705 0.3044666 2.0111992 65 65 65
0.0546071 0.3053359 2.0169411 66 66 66
0.0632756 0.3061253 2.0221555 68 68 68
0.0719578 0.3067858 2.0265188 72 72 72
0.0807250 0.3076297 2.0320933 75 75 75
0.0895354 0.3084605 2.0375810 77 77 77
0.0983409 0.3091304 2.0420060 78 78 78
0.1072816 0.3100833 2.0483007 78 78 78
0.1162300 0.3109147 2.0537927 77 77 77
0.1251633 0.3115934 2.0582759 73 73 73
0.1342365 0.3125096 2.0643282 64 64 64
0.1433270 0.3133520 2.0698929 67 67 67
0.1524461 0.3141566 2.0752079 66 66 66
0.1615849 0.3149123 2.0801997 65 65 65
0.1709366 0.3159838 2.0872777 63 63 63
0.1801487 0.3167048 2.0920401 64 64 64
0.1894066 0.3174353 2.0968659 71 71 71
0.1988280 0.3183624 2.1029899 81 81 81
0.2082157 0.3191588 2.1082501 81 81 81
0.2178334 0.3202279 2.1153126 76 76 76
0.2272080 0.3208698 2.1195526 79 79 79
0.2368608 0.3218409 2.1259677 76 76 76
0.2465255 0.3227568 2.1320176 70 70 70
0.2561530 0.3235613 2.1373320 72 72 72
0.2660310 0.3246168 2.1443043 73 73 73
0.2756546 0.3253027 2.1488347 70 70 70
0.2855455 0.3262503 2.1550946 74 74 74
0.2953393 0.3270320 2.1602578 78 78 78
0.3053795 0.3280314 2.1668596 78 78 78
0.3154022 0.3289546 2.1729584 78 78 78
0.3253996 0.3298001 2.1785431 79 79 79
0.3355754 0.3307750 2.1849828 76 76 76
0.3456610 0.3316111 2.1905060 77 77 77
0.3559873 0.3326287 2.1972280 72 72 72
0.3663116 0.3335929 2.2035971 72 72 72
0.3765186 0.3344052 2.2089624 77 77 77
0.3870206 0.3354339 2.2157578 80 80 80
0.3975919 0.3364727 2.2226200 73 73 73
0.4078674 0.3372191 2.2275505 70 70 70
0.4185917 0.3382947 2.2346554 61 61 61
0.4290888 0.3391433 2.2402611 64 64 64
0.4401243 0.3403717 2.2483754 62 62 62
0.4506340 0.3411503 2.2535186 64 64 64
0.4614157 0.3420984 2.2597811 65 65 65
0.4724931 0.3432229 2.2672091 63 63 63
0.4835218 0.3442681 2.2741137 62 62 62
0.4942539 0.3450655 2.2793813 59 59 59
0.5054542 0.3461532 2.2865660 54 54 54
0.5166826 0.3472191 2.2936068 59 59 59
0.5278302 0.3481925 2.3000369 65 65 65
0.5388318 0.3490362 2.3056102 61 61 61
0.5504500 0.3502423 2.3135772 60 60 60
0.5618013 0.3512395 2.3201644 63 63 63
0.5734076 0.3523594 2.3275616 66 66 66
0.5848317 0.3533314 2.3339825 67 67 67
0.5965517 0.3544470 2.3413520 66 66 66
0.6080663 0.3554063 2.3476887 63 63 63
0.6195633 0.3563248 2.3537557 58 58 58
0.6312361 0.3573137 2.3602884 56 56 56
0.6431358 0.3583985 2.3674538 54 54 54
0.6552276 0.3595554 2.3750961 56 56 56
0.6673447 0.3606912 2.3825991 61 61 61
0.6794854 0.3618059 2.3899622 57 57 57
0.6917240 0.3629393 2.3974493 57 57 57
0.7041066 0.3641146 2.4052126 56 56 56
0.7163115 0.3651659 2.4121573 56 56 56
0.7286558 0.3662578 2.4193699 51 51 51
0.7412862 0.3674615 2.4273210 48 48 48
0.7538491 0.3685993 2.4348366 50 50 50
0.7660356 0.3695249 2.4409511 43 43 43
0.7773830 0.3700266 2.4442651 53 53 53
0.7898352 0.3710342 2.4509211 51 51 51
0.8026541 0.3721858 2.4585283 48 48 48
0.8157924 0.3734542 2.4669068 48 48 48
2.2423537 0.9766886 6.4516602 54 54 54
2.2671287 0.9756423 6.4447489 54 54 54
2.3015454 0.9787209 6.4650850 58 58 58
2.3255835 0.9773656 6.4561324 60 60 60
2.3501153 0.9762468 6.4487419 61 61 61
2.3850324 0.9794183 6.4696918 61 61 61
2.4094226 0.9782440 6.4619350 61 61 61
2.4337990 0.9770905 6.4543152 61 61 61
2.4690840 0.9802936 6.4754734 61 61 61
2.4931624 0.9790258 6.4670997 59 59 59
2.5516167 0.9805289 6.4770279 58 58 58
2.5758805 0.9793695 6.4693694 56 56 56
2.6105702 0.9821568 6.4877815 55 55 55
2.6346087 0.9809207 6.4796162 55 55 55
2.6587749 0.9797569 6.4719286 51 51 51
2.6942043 0.9827252 6.4915361 54 54 54
2.7176411 0.9813033 6.4821434 53 53 53
2.7770722 0.9829887 6.4932766 49 49 49
2.8006477 0.9816546 6.4844637 46 46 46
-3.0702221 0.9242083 5.9395442 51 51 51
-3.0492058 0.9254315 5.9474053 49 49 49
-3.0264087 0.9261302 5.9518952 49 49 49
-3.0051563 0.9273170 5.9595227 52 52 52
-2.9695835 0.9240678 5.9386411 50 50 50
-2.9470458 0.9248540 5.9436936 52 52 52
-2.9255435 0.9259815 5.9509397 50 50 50
-2.9035397 0.9269682 5.9572806 50 50 50
-2.8818586 0.9280762 5.9644017 50 50 50
-2.8597486 0.9290643 5.9707522 49 49 49
-2.8245895 0.9257931 5.9497285 51 51 51
-2.8027258 0.9268598 5.9565845 50 50 50
-2.7813392 0.9281052 5.9645877 51 51 51
-2.7580578 0.9287353 5.9686370 52 52 52
-2.7364888 0.9299588 5.9765000 57 57 57
-2.7148542 0.9311826 5.9843650 58 58 58
-2.6936412 0.9325753 5.9933152 59 59 59
-2.6601686 0.9297098 5.9749002 56 56 56
-2.4566593 0.8836945 5.6791773 93 93 93
-2.3707764 0.8611966 5.5345917 97 97 97
-2.2938118 0.8415232 5.4081573 103 103 103
-2.2339671 0.8277985 5.3199539 108 108 108
-2.1744876 0.8139320 5.2308393 112 112 112
-2.1045504 0.7958267 5.1144834 110 110 110
-1.9265445 0.7516226 4.8303995 40 40 40
-1.9127760 0.7542254 4.8471270 34 34 34
-1.8974969 0.7562824 4.8603463 37 37 37
-1.8823676 0.7584447 4.8742428 34 34 34
-1.8695823 0.7616096 4.8945823 37 37 37
-1.8525965 0.7631149 4.9042563 36 36 36
-1.8372796 0.7653494 4.9186168 37 37 37
-1.4392476 0.6205595 3.9881060 70 70 70
-1.3968586 0.6094036 3.9164109 82 82 82
-1.3556883 0.5985187 3.8464580 76 76 76
-1.3167250 0.5883564 3.7811484 58 58 58
-1.2780327 0.5780675 3.7150254 63 63 63
-1.2399939 0.5678225 3.6491847 64 64 64
-1.2052244 0.5588359 3.5914314 73 73 73
-1.1708828 0.5498216 3.5334995 60 60 60
-1.1374072 0.5409867 3.4767208 60 60 60
-1.0999941 0.5300238 3.4062667 64 64 64
-1.0294229 0.5093214 3.2732196 52 52 52
-1.0045475 0.5037687 3.2375345 77 77 77
-0.9739316 0.4951445 3.1821103 91 91 91
-0.9489855 0.4892022 3.1439211 83 83 83
-0.9197869 0.4808683 3.0903623 87 87 87
-0.8945215 0.4743807 3.0486686 80 80 80
-0.8703039 0.4682676 3.0093820 78 78 78
-0.8459070 0.4618756 2.9683037 90 90 90
-0.8202595 0.4545987 2.9215372 99 99 99
-0.7984357 0.4492513 2.8871713 84 84 84
-0.7748488 0.4427308 2.8452663 78 78 78
-0.7552620 0.4383267 2.8169632 105 105 105
-0.7313829 0.4312510 2.7714901 111 111 111
-0.7110357 0.4260618 2.7381411 111 111 111
-0.6900916 0.4203377 2.7013545 98 98 98
-0.6621674 0.4100986 2.6355515 67 67 67
-0.6170266 0.3954151 2.5411861 74 74 74
-0.6013591 0.3921859 2.5204334 84 84 84
-0.5883233 0.3905877 2.5101626 53 53 53
-0.5709204 0.3859786 2.4805412 58 58 58
-0.5545118 0.3818821 2.4542148 58 58 58
-0.5377559 0.3773861 2.4253204 51 51 51
-0.5217583 0.3732582 2.3987920 51 51 51
-0.5058661 0.3690440 2.3717086 54 54 54
-0.4901953 0.3648245 2.3445919 53 53 53
-0.4733581 0.3595454 2.3106651 57 57 57
-0.4591990 0.3561214 2.2886600 59 59 59
-0.4440465 0.3517633 2.2606525 49 49 49
-0.4298179 0.3479621 2.2362232 45 45 45
-0.4172992 0.3454055 2.2197933 50 50 50
-0.4036294 0.3417570 2.1963453 46 46 46
-0.3899337 0.3379147 2.1716523 48 48 48
-0.3767858 0.3343736 2.1488953 58 58 58
-0.3640865 0.3310661 2.1276388 61 61 61
-0.3511485 0.3273687 2.1038771 58 58 58
-0.3385831 0.3238361 2.0811746 54 54 54
-0.3264333 0.3205236 2.0598867 51 51 51
-0.3034787 0.3147349 2.0226846 64 64 64
-0.2916332 0.3111965 1.9999444 71 71 71
-0.2800703 0.3077579 1.9778459 70 70 70
-0.2587697 0.3023600 1.9431555 72 72 72
-0.2472258 0.2983181 1.9171798 82 82 82
-0.2369967 0.2956430 1.8999879 107 107 107
-0.2264352 0.2923515 1.8788345 97 97 97
-0.2160874 0.2891073 1.8579853 76 76 76
-0.2078823 0.2885935 1.8546832 67 67 67
-0.2005633 0.2893177 1.8593376 70 70 70
-0.1932936 0.2901750 1.8648469 76 76 76
-0.1857458 0.2906698 1.8680271 77 77 77
-0.1783922 0.2915258 1.8735279 78 78 78
-0.1707939 0.2920425 1.8768489 76 76 76
-0.1632766 0.2927548 1.8814266 80 80 80
-0.1558402 0.2936924 1.8874524 75 75 75
-0.1484785 0.2948792 1.8950795 67 67 67
-0.1407834 0.2955012 1.8990767 78 78 78
-0.1330985 0.2962209 1.9037020 86 86 86
-0.1253212 0.2968143 1.9075154 88 88 88
-0.1176844 0.2978446 1.9141366 86 86 86
-0.1098572 0.2985094 1.9184091 80 80 80
-0.1019922 0.2991689 1.9226478 73 73 73
-0.0941513 0.3000189 1.9281102 72 72 72
-0.0862264 0.3007370 1.9327253 64 64 64
-0.0782451 0.3013874 1.9369050 64 64 64
-0.0703034 0.3023599 1.9431551 66 66 66
-0.0622448 0.3030199 1.9473969 67 67 67
-0.0541487 0.3036704 1.9515769 70 70 70
-0.0460224 0.3043547 1.9559748 73 73 73
-0.0378872 0.3052652 1.9618261 68 68 68
-0.0296881 0.3060261 1.9667164 69 69 69
-0.0214408 0.3066880 1.9709699 63 63 63
-0.0131677 0.3075841 1.9767292 63 63 63
-0.0048439 0.3083450 1.9816191 64 64 64
0.0035196 0.3089691 1.9856298 59 59 59
0.0119313 0.3099662 1.9920380 61 61 61
0.0203785 0.3106813 1.9966333 63 63 63
0.0288580 0.3113271 2.0007837 65 65 65
0.0374212 0.3123788 2.0075426 72 72 72
0.0459873 0.3130624 2.0119357 70 70 70
0.0546223 0.3139287 2.0175035 70 70 70
0.0632962 0.3147552 2.0228150 78 78 78
0.0719605 0.3153430 2.0265923 79 79 79
0.0807717 0.3163820 2.0332696 74 74 74
0.0895548 0.3171215 2.0380220 75 75 75
0.0983798 0.3178672 2.0428150 74 74 74
0.1073161 0.3188233 2.0489595 73 73 73
0.1162635 0.3196675 2.0543847 72 72 72
0.1253133 0.3206567 2.0607417 74 74 74
0.1342709 0.3212970 2.0648570 71 71 71
0.1433486 0.3221292 2.0702047 77 77 77
0.1524710 0.3229604 2.0755467 74 74 74
0.1616486 0.3238119 2.0810194 76 76 76
0.1709622 0.3248343 2.0875893 72 72 72
0.1802074 0.3256329 2.0927222 70 70 70
0.1896178 0.3266416 2.0992043 74 74 74
0.1988782 0.3273133 2.1035211 83 83 83
0.2083802 0.3283083 2.1099160 87 87 87
0.2178667 0.3291985 2.1156368 76 76 76
0.2274216 0.3301178 2.1215444 78 78 78
0.2368901 0.3308469 2.1262305 81 81 81
0.2465788 0.3318192 2.1324792 73 73 73
0.2562528 0.3327039 2.1381645 72 72 72
0.2660632 0.3336997 2.1445644 74 74 74
0.2757531 0.3344837 2.1496024 75 75 75
0.2857228 0.3355465 2.1564326 73 73 73
0.2957394 0.3365970 2.1631844 72 72 72
0.3055891 0.3374004 2.1683474 71 71 71
0.3154392 0.3381575 2.1732130 69 69 69
0.3255236 0.3391160 2.1793728 71 71 71
0.3358264 0.3402432 2.1866169 68 68 68
0.3460541 0.3412361 2.1929975 67 67 67
0.3561460 0.3420468 2.1982079 72 72 72
0.3664764 0.3430396 2.2045884 68 68 68
0.3766010 0.3437954 2.2094460 71 71 71
0.3872181 0.3449535 2.2168884 72 72 72
0.3976283 0.3458771 2.2228236 68 68 68
0.4083928 0.3470592 2.2304206 67 67 67
0.4187774 0.3478723 2.2356465 62 62 62
0.4294212 0.3488604 2.2419968 59 59 59
0.4402209 0.3499298 2.2488689 60 60 60
0.4510755 0.3509968 2.2557263 60 60 60
0.4615916 0.3517618 2.2606425 68 68 68
0.4727146 0.3529489 2.2682719 65 65 65
0.4836432 0.3539467 2.2746844 65 65 65
0.4943632 0.3547560 2.2798851 62 62 62
0.5056331 0.3559215 2.2873755 58 58 58
0.5170072 0.3571154 2.2950482 62 62 62
0.5282521 0.3581777 2.3018756 69 69 69
0.5395692 0.3592498 2.3087652 69 69 69
0.5505368 0.3600553 2.3139417 65 65 65
0.5618985 0.3610860 2.3205659 67 67 67
0.5734188 0.3621816 2.3276069 70 70 70
0.5850177 0.3632891 2.3347247 73 73 73
0.5966410 0.3643750 2.3417027 74 74 74
0.6083516 0.3654779 2.3487906 68 68 68
0.6202923 0.3666814 2.3565252 54 54 54
0.6320713 0.3677529 2.3634112 51 51 51
0.6439631 0.3688557 2.3704989 51 51 51
0.6553472 0.3696385 2.3755295 54 54 54
0.6675649 0.3708608 2.3833852 57 57 57
0.6797882 0.3720500 2.3910272 57 57 57
0.6918383 0.3731109 2.3978455 56 56 56
0.7042745 0.3743465 2.4057863 53 53 53
0.7165442 0.3754598 2.4129407 52 52 52
0.7287985 0.3765339 2.4198439 50 50 50
0.7416079 0.3778613 2.4283741 49 49 49
0.7542185 0.3790525 2.4360297 52 52 52
0.7665885 0.3800924 2.4427130 42 42 42
0.7775170 0.3803996 2.4446869 57 57 57
0.7903470 0.3816167 2.4525092 55 55 55
0.8032235 0.3828247 2.4602721 50 50 50
0.8158854 0.3839008 2.4671881 48 48 48
2.1788805 0.9874589 6.3460326 68 68 68
2.2023439 0.9859827 6.3365455 68 68 68
2.2270708 0.9851006 6.3308768 66 66 66
2.2615221 0.9884900 6.3526587 62 62 62
2.2855172 0.9872832 6.3449035 54 54 54
2.3101423 0.9863732 6.3390551 51 51 51
2.3440208 0.9893900 6.3584428 55 55 55
2.3681080 0.9882524 6.3511319 59 59 59
2.4018464 0.9911228 6.3695788 60 60 60
2.4257019 0.9898966 6.3616982 58 58 58
2.4496443 0.9887323 6.3542161 57 57 57
2.5085890 0.9908471 6.3678064 55 55 55
2.5326273 0.9897472 6.3607383 58 58 58
2.5664449 0.9924520 6.3781214 55 55 55
2.5891972 0.9908662 6.3679299 56 56 56
2.6487615 0.9930624 6.3820438 53 53 53
2.6723485 0.9918281 6.3741112 54 54 54
-3.0305355 0.9369847 5.8627677 50 50 50
-2.9959347 0.9339056 5.8435016 54 54 54
-2.9738777 0.9347180 5.8485851 54 54 54
-2.9528439 0.9358683 5.8557825 52 52 52
-2.9302638 0.9365438 5.8600087 50 50 50
-2.9088185 0.9375965 5.8665957 54 54 54
-2.8869169 0.9385189 5.8723674 54 54 54
-2.8525286 0.9353629 5.8526201 51 51 51
-2.8317304 0.9366469 5.8606544 47 47 47
-2.8087111 0.9372124 5.8641925 49 49 49
-2.7873297 0.9383394 5.8712444 49 49 49
-2.7658689 0.9394596 5.8782535 52 52 52
-2.7428591 0.9400691 5.8820672 51 51 51
-2.7092679 0.9370301 5.8630519 55 55 55
-2.6871293 0.9379326 5.8686986 56 56 56
-2.6658485 0.9391541 5.8763418 57 57 57
-2.6441054 0.9402341 5.8830991 57 57 57
-2.6230681 0.9415879 5.8915701 57 57 57
-2.4675634 0.9116720 5.7043848 92 92 92
-2.3785267 0.8874274 5.5526848 92 92 92
-2.3106105 0.8706591 5.4477644 100 100 100
-2.2381296 0.8518167 5.3298664 109 109 109
-2.1778963 0.8373006 5.2390385 112 112 112
-2.1077764 0.8186473 5.1223235 110 110 110
-1.9385129 0.7767880 4.8604078 40 40 40
-1.9233849 0.7789620 4.8740106 36 36 36
-1.9083701 0.7812294 4.8881979 38 38 38
-1.8955522 0.7844554 4.9083829 36 36 36
-1.8801367 0.7866658 4.9222140 37 37 37
-1.8630828 0.7882324 4.9320159 37 37 37
-1.8475330 0.7904779 4.9460664 36 36 36
-1.3986148 0.6267058 3.9213347 74 74 74
-1.3572563 0.6154500 3.8509068 74 74 74
-1.3180635 0.6049156 3.7849920 58 58 58
-1.2791855 0.5942692 3.7183766 64 64 64
-1.2409412 0.5836565 3.6519725 57 57 57
-1.2063051 0.5744955 3.5946519 69 69 69
-1.1706740 0.5646214 3.5328691 59 59 59
-1.1379640 0.5559199 3.4784229 60 60 60
-1.1005335 0.5446548 3.4079370 63 63 63
-1.0282447 0.5225257 3.2694736 53 53 53
-1.0059898 0.5181641 3.2421827 79 79 79
-0.9752118 0.5092319 3.1862931 91 91 91
-0.9495553 0.5027617 3.1458089 90 90 90
-0.9208208 0.4944554 3.0938358 86 86 86
-0.8969215 0.4885439 3.0568478 87 87 87
-0.8704410 0.4810337 3.0098560 82 82 82
-0.8439510 0.4732959 2.9614401 68 68 68
-0.8216136 0.4676894 2.9263599 86 86 86
-0.7993281 0.4619420 2.8903978 95 95 95
-0.7745708 0.4545659 2.8442454 80 80 80
-0.7544053 0.4496950 2.8137677 85 85 85
-0.7320680 0.4433531 2.7740860 103 103 103
-0.7115123 0.4379017 2.7399764 118 118 118
-0.6916680 0.4327154 2.7075253 108 108 108
-0.6626426 0.4215148 2.6374428 75 75 75
-0.6443077 0.4168483 2.6082439 62 62 62
-0.6171014 0.4061804 2.5414941 61 61 61
-0.5989864 0.4012251 2.5104890 52 52 52
-0.5904551 0.4026266 2.5192583 38 38 38
-0.5719930 0.3971837 2.4852014 52 52 52
-0.5550104 0.3925841 2.4564216 55 55 55
-0.5384821 0.3881369 2.4285953 52 52 52
-0.5225883 0.3839836 2.4026077 53 53 53
-0.5044255 0.3779659 2.3649547 50 50 50
-0.4887800 0.3736297 2.3378227 47 47 47
-0.4738609 0.3696817 2.3131199 49 49 49
-0.4587427 0.3654091 2.2863858 54 54 54
-0.4443972 0.3615817 2.2624378 47 47 47
-0.4300589 0.3575925 2.2374768 44 44 44
-0.4160411 0.3536967 2.2131009 43 43 43
-0.4025772 0.3501038 2.1906199 43 43 43
-0.3902759 0.3473770 2.1735582 38 38 38
-0.3766802 0.3433391 2.1482930 50 50 50
-0.3644217 0.3403513 2.1295977 60 60 60
-0.3513992 0.3364807 2.1053796 59 59 59
-0.3390450 0.3330661 2.0840139 61 61 61
-0.3265771 0.3293551 2.0607939 58 58 58
-0.3145365 0.3258838 2.0390739 59 59 59
-0.3039222 0.3237368 2.0256402 59 59 59
-0.2918719 0.3198918 2.0015814 60 60 60
-0.2802786 0.3163335 1.9793168 65 65 65
-0.2691271 0.3130707 1.9589015 67 67 67
-0.2589050 0.3107166 1.9441715 64 64 64
-0.2475276 0.3067768 1.9195201 82 82 82
-0.2266530 0.3005632 1.8806417 94 94 94
-0.2162448 0.2971585 1.8593380 72 72 72
-0.2081265 0.2967628 1.8568618 64 64 64
-0.2007420 0.2974233 1.8609947 67 67 67
-0.1933071 0.2980597 1.8649771 75 75 75
-0.1858732 0.2987520 1.8693082 81 81 81
-0.1784323 0.2994936 1.8739488 78 78 78
-0.1708981 0.3001401 1.8779939 78 78 78
-0.1634585 0.3010237 1.8835227 81 81 81
-0.1558865 0.3017413 1.8880128 77 77 77
-0.1485394 0.3029950 1.8958571 65 65 65
-0.1408683 0.3036926 1.9002225 62 62 62
-0.1331742 0.3044218 1.9047849 63 63 63
-0.1254548 0.3051833 1.9095495 59 59 59
-0.1177102 0.3059836 1.9145572 72 72 72
-0.1099013 0.3067221 1.9191782 72 72 72
-0.1021087 0.3076275 1.9248432 65 65 65
-0.0941855 0.3082615 1.9288104 62 62 62
-0.0862553 0.3089908 1.9333732 59 59 59
-0.0782713 0.3096589 1.9375540 58 58 58
-0.0703264 0.3106560 1.9437926 56 56 56
-0.0622814 0.3114151 1.9485424 57 57 57
-0.0541666 0.3120036 1.9522249 64 64 64
-0.0460684 0.3129149 1.9579269 61 61 61
-0.0378899 0.3135606 1.9619671 55 55 55
-0.0296958 0.3144009 1.9672248 59 59 59
-0.0214645 0.3153465 1.9731414 66 66 66
-0.0131783 0.3161744 1.9783213 68 68 68
-0.0048460 0.3168400 1.9824865 70 70 70
0.0035236 0.3177035 1.9878889 67 67 67
0.0119360 0.3184942 1.9928366 69 69 69
0.0203814 0.3191475 1.9969245 70 70 70
0.0288949 0.3201731 2.0033419 70 70 70
0.0374283 0.3209052 2.0079224 70 70 70
0.0460056 0.3216741 2.0127337 71 71 71
0.0546720 0.3227297 2.0193384 72 72 72
0.0632945 0.3232764 2.0227592 70 70 70
0.0720431 0.3242608 2.0289187 73 73 73
0.0807979 0.3250615 2.0339284 75 75 75
0.0895999 0.3258797 2.0390484 77 77 77
0.0984851 0.3268311 2.0450013 72 72 72
0.1073664 0.3276171 2.0499194 73 73 73
0.1162936 0.3284158 2.0549164 79 79 79
0.1253184 0.3293602 2.0608261 70 70 70
0.1343335 0.3301582 2.0658190 67 67 67
0.1434905 0.3311865 2.0722532 75 75 75
0.1525790 0.3319478 2.0770166 75 75 75
0.1616838 0.3326601 2.0814736 78 78 78
0.1710774 0.3338623 2.0889959 81 81 81
0.1802397 0.3345177 2.0930970 74 74 74
0.1896263 0.3355088 2.0992980 77 77 77
0.1989773 0.3363512 2.1045690 85 85 85
0.2084587 0.3373327 2.1107104 86 86 86
0.2179224 0.3382064 2.1161771 84 84 84
0.2275488 0.3392540 2.1227317 78 78 78
0.2370136 0.3399903 2.1273394 74 74 74
0.2467334 0.3410255 2.1338162 65 65 65
0.2564912 0.3420384 2.1401539 60 60 60
0.2661676 0.3428776 2.1454051 65 65 65
0.2761087 0.3439915 2.1523750 64 64 64
0.2858135 0.3447495 2.1571174 67 67 67
0.2958338 0.3458293 2.1638741 66 66 66
0.3055448 0.3464940 2.1680331 69 69 69
0.3156967 0.3476055 2.1749878 65 65 65
0.3255748 0.3483611 2.1797156 70 70 70
0.3359007 0.3495413 2.1871004 70 70 70
0.3461287 0.3505594 2.1934705 75 75 75
0.3562596 0.3514285 2.1989088 73 73 73
0.3664852 0.3523447 2.2046413 62 62 62
0.3770515 0.3535349 2.2120886 75 75 75
0.3872671 0.3543469 2.2171690 76 76 76
0.3977556 0.3553643 2.2235351 75 75 75
0.4084558 0.3565197 2.2307644 70 70 70
0.4188173 0.3573340 2.2358599 59 59 59
0.4296010 0.3584648 2.2429349 62 62 62
0.4403053 0.3594820 2.2493000 65 65 65
0.4512177 0.3606227 2.2564373 68 68 68
0.4617082 0.3613861 2.2612138 69 69 69
0.4727461 0.3625383 2.2684231 72 72 72
0.4838419 0.3636883 2.2756190 72 72 72
0.4948746 0.3647471 2.2822437 66 66 66
0.5056804 0.3656014 2.2875893 53 53 53
0.5169132 0.3667267 2.2946305 62 62 62
0.5282693 0.3678966 2.3019505 71 71 71
0.5396725 0.3690564 2.3092074 67 67 67
0.5511001 0.3701915 2.3163097 61 61 61
0.5620571 0.3709764 2.3212214 63 63 63
0.5735647 0.3720917 2.3281994 66 66 66
0.5852588 0.3732884 2.3356869 66 66 66
0.5968275 0.3743668 2.3424346 63 63 63
0.6086752 0.3755822 2.3500397 59 59 59
0.6205273 0.3767614 2.3574181 57 57 57
0.6323473 0.3778842 2.3644435 52 52 52
0.6439070 0.3788190 2.3702924 50 50 50
0.6561353 0.3801125 2.3783863 50 50 50
0.6682518 0.3813034 2.3858373 51 51 51
0.6800362 0.3822722 2.3918993 54 54 54
0.6926793 0.3836884 2.4007604 53 53 53
0.7044342 0.3845788 2.4063318 50 50 50
0.7166960 0.3857167 2.4134519 48 48 48
0.7291039 0.3869003 2.4208577 49 49 49
0.7418748 0.3882413 2.4292481 50 50 50
0.7544698 0.3894548 2.4368412 49 49 49
0.7667982 0.3905000 2.4433813 41 41 41
0.7774895 0.3906948 2.4446003 50 50 50
0.7904925 0.3920310 2.4529607 51 51 51
0.8034966 0.3933332 2.4611084 52 52 52
0.8165422 0.3946222 2.4691741 46 46 46
2.1411388 0.9966519 6.2361093 72 72 72
2.1651955 0.9956216 6.2296619 67 67 67
2.1980448 0.9986106 6.2483644 71 71 71
2.2223120 0.9976760 6.2425170 68 68 68
2.2464466 0.9967045 6.2364383 68 68 68
2.2762566 0.9982443 6.2460728 69 69 69
2.3041267 0.9989080 6.2502255 66 66 66
2.3279986 0.9978429 6.2435608 61 61 61
2.3614795 1.0008742 6.2625279 54 54 54
2.3848763 0.9996117 6.2546282 52 52 52
2.4426224 1.0016601 6.2674460 57 57 57
2.4649835 1.0000097 6.2571187 55 55 55
2.4988830 1.0030254 6.2759886 57 57 57
2.5225964 1.0019324 6.2691488 58 58 58
2.5460002 1.0007403 6.2616901 56 56 56
2.5798433 1.0036337 6.2797952 57 57 57
2.6029363 1.0023289 6.2716303 53 53 53
2.6270101 1.0014242 6.2659698 57 57 57
2.6590273 1.0035355 6.2791796 55 55 55
-2.9766636 0.9446121 5.7585492 49 49 49
-2.9559448 0.9457526 5.7655020 51 51 51
-2.9352784 0.9469289 5.7726736 50 50 50
-2.9135380 0.9477755 5.7778344 50 50 50
-2.8922961 0.9488000 5.7840800 50 50 50
-2.8583505 0.9456391 5.7648101 48 48 48
-2.8364434 0.9464408 5.7696981 49 49 49
-2.8153553 0.9475321 5.7763505 48 48 48
-2.7928834 0.9481726 5.7802553 44 44 44
-2.7720613 0.9493895 5.7876735 47 47 47
-2.7506342 0.9504188 5.7939487 49 49 49
-2.7168231 0.9471493 5.7740173 50 50 50
-2.6947970 0.9479664 5.7789984 52 52 52
-2.6735232 0.9490654 5.7856979 54 54 54
-2.6518958 0.9500580 5.7917485 50 50 50
-2.6298571 0.9509203 5.7970057 52 52 52
-2.6096113 0.9524532 5.8063502 55 55 55
-2.5784781 0.9500037 5.7914181 56 56 56
-2.5573127 0.9512151 5.7988029 55 55 55
-2.3874221 0.9142492 5.5734510 92 92 92
-2.3167937 0.8960233 5.4623423 97 97 97
-2.2423182 0.8759286 5.3398414 107 107 107
-2.1825330 0.8612230 5.2501926 112 112 112
-2.1111012 0.8415732 5.1304030 110 110 110
-1.9492444 0.8016978 4.8873143 39 39 39
-1.9342388 0.8040273 4.9015155 36 36 36
-1.9215977 0.8074005 4.9220796 41 41 41
-1.9056741 0.8094532 4.9345927 37 37 37
-1.8892310 0.8113281 4.9460225 33 33 33
-1.8736342 0.8136123 4.9599481 35 35 35
-1.8579080 0.8158913 4.9738412 35 35 35
-1.4439948 0.6563526 4.0012603 47 47 47
-1.4014897 0.6445641 3.9293952 61 61 61
-1.3588822 0.6324458 3.8555195 73 73 73
-1.3192410 0.6214314 3.7883735 61 61 61
-1.2424014 0.5997615 3.6562696 57 57 57
-1.2078686 0.5904182 3.5993104 66 66 66
-1.1722569 0.5803030 3.5376461 54 54 54
-1.1391246 0.5711702 3.4819708 56 56 56
-1.1005133 0.5590157 3.4078743 59 59 59
-1.0746775 0.5531148 3.3719018 53 53 53
-1.0298697 0.5371604 3.2746401 51 51 51
-1.0064836 0.5320973 3.2437744 75 75 75
-0.9761719 0.5231828 3.1894300 90 90 90
-0.9506566 0.5166259 3.1494575 85 85 85
-0.9216719 0.5079710 3.0966957 84 84 84
-0.8945010 0.5000813 3.0485985 84 84 84
-0.8710727 0.4940845 3.0120404 84 84 84
-0.8456661 0.4867714 2.9674585 55 55 55
-0.8224834 0.4805379 2.9294579 75 75 75
-0.7975566 0.4730799 2.8839920 88 88 88
-0.7758927 0.4673562 2.8490996 82 82 82
-0.7551484 0.4620152 2.8165393 88 88 88
-0.7315377 0.4547216 2.7720766 89 89 89
-0.7122799 0.4499409 2.7429323 106 106 106
-0.6922088 0.4444802 2.7096424 110 110 110
-0.6663772 0.4350751 2.6523073 72 72 72
-0.6178515 0.4174045 2.5445836 63 63 63
-0.5993242 0.4120440 2.5119050 38 38 38
-0.5897248 0.4127391 2.5161421 36 36 36
-0.5757905 0.4103702 2.5017009 59 59 59
-0.5553662 0.4032010 2.4579961 54 54 54
-0.5390024 0.3987632 2.4309423 55 55 55
-0.5210047 0.3929210 2.3953273 54 54 54
-0.5052135 0.3885448 2.3686492 52 52 52
-0.4894896 0.3840449 2.3412168 49 49 49
-0.4743649 0.3798395 2.3155799 46 46 46
-0.4591159 0.3753558 2.2882462 43 43 43
-0.4445306 0.3712338 2.2631173 41 41 41
-0.4304413 0.3673541 2.2394662 43 43 43
-0.4164174 0.3633575 2.2151022 53 53 53
-0.4028314 0.3595685 2.1920033 45 45 45
-0.3892963 0.3556478 2.1681023 38 38 38
-0.3771533 0.3528410 2.1509914 49 49 49
-0.3643042 0.3492191 2.1289110 57 57 57
-0.3518115 0.3457642 2.1078496 58 58 58
-0.3393147 0.3421262 2.0856717 59 59 59
-0.3268841 0.3383631 2.0627308 65 65 65
-0.3147666 0.3347273 2.0405662 67 67 67
-0.2922366 0.3287426 2.0040824 58 58 58
-0.2806639 0.3251264 1.9820377 59 59 59
-0.2693975 0.3216541 1.9608696 63 63 63
-0.2591387 0.3192030 1.9459269 69 69 69
-0.2478004 0.3152183 1.9216354 74 74 74
-0.2365587 0.3110913 1.8964765 90 90 90
-0.2268434 0.3087530 1.8822215 88 88 88
-0.2165828 0.3054760 1.8622444 73 73 73
-0.2081795 0.3046706 1.8573344 64 64 64
-0.2007930 0.3053485 1.8614672 67 67 67
-0.1934239 0.3061091 1.8661039 73 73 73
-0.1859506 0.3067624 1.8700866 80 80 80
-0.1784570 0.3074385 1.8742082 79 79 79
-0.1709688 0.3081870 1.8787715 79 79 79
-0.1635008 0.3090465 1.8840110 79 79 79
-0.1559507 0.3098305 1.8887904 71 71 71
-0.1486065 0.3111300 1.8967127 48 48 48
-0.1408619 0.3116915 1.9001354 51 51 51
-0.1333002 0.3127499 1.9065875 57 57 57
-0.1255015 0.3133522 1.9102595 62 62 62
-0.1177575 0.3141834 1.9153270 64 64 64
-0.1099209 0.3148715 1.9195215 65 65 65
-0.1021505 0.3158737 1.9256313 65 65 65
-0.0942388 0.3165745 1.9299033 68 68 68
-0.0862870 0.3172603 1.9340843 67 67 67
-0.0783539 0.3181648 1.9395978 70 70 70
-0.0703471 0.3189465 1.9443634 66 66 66
-0.0622907 0.3196798 1.9488337 68 68 68
-0.0541928 0.3203909 1.9531686 67 67 67
-0.0460839 0.3212795 1.9585860 60 60 60
-0.0378968 0.3218922 1.9623210 57 57 57
-0.0297112 0.3228637 1.9682434 65 65 65
-0.0214676 0.3237149 1.9734327 68 68 68
-0.0131798 0.3245519 1.9785353 65 65 65
-0.0048469 0.3252605 1.9828551 66 66 66
0.0035252 0.3262402 1.9888275 64 64 64
0.0119364 0.3269082 1.9928997 66 66 66
0.0203918 0.3277351 1.9979403 71 71 71
0.0289011 0.3286917 2.0037720 72 72 72
0.0374432 0.3295034 2.0087202 79 79 79
0.0460471 0.3304600 2.0145519 78 78 78
0.0546764 0.3312716 2.0195000 78 78 78
0.0633195 0.3319373 2.0235579 81 81 81
0.0720664 0.3329247 2.0295773 82 82 82
0.0808099 0.3336880 2.0342302 80 80 80
0.0896009 0.3344820 2.0390706 80 80 80
0.0985102 0.3355403 2.0455225 78 78 78
0.1073969 0.3363572 2.0505023 80 80 80
0.1163329 0.3371951 2.0556109 81 81 81
0.1253731 0.3381982 2.0617256 81 81 81
0.1343719 0.3389666 2.0664103 81 81 81
0.1435368 0.3400349 2.0729227 89 89 89
0.1526178 0.3407932 2.0775454 86 86 86
0.1618999 0.3418938 2.0842547 84 84 84
0.1711029 0.3427227 2.0893080 82 82 82
0.1803378 0.3435311 2.0942364 76 76 76
0.1897406 0.3445689 2.1005630 75 75 75
0.1991918 0.3455983 2.1068382 86 86 86
0.2085057 0.3463117 2.1111870 81 81 81
0.2181784 0.3475380 2.1186628 75 75 75
0.2276461 0.3483543 2.1236391 73 73 73
0.2372734 0.3493436 2.1296706 68 68 68
0.2468133 0.3501369 2.1345069 61 61 61
0.2566179 0.3512368 2.1412115 61 61 61
0.2662345 0.3520132 2.1459446 62 62 62
0.2761972 0.3531811 2.1530647 66 66 66
0.2858583 0.3539014 2.1574554 66 66 66
0.2958606 0.3549864 2.1640701 67 67 67
0.3056114 0.3557140 2.1685057 69 69 69
0.3158724 0.3569758 2.1761980 74 74 74
0.3260781 0.3581057 2.1830859 70 70 70
0.3359442 0.3588107 2.1873837 76 76 76
0.3464015 0.3600926 2.1951985 70 70 70
0.3565099 0.3609546 2.2004538 65 65 65
0.3667725 0.3619250 2.2063694 59 59 59
0.3771662 0.3629736 2.2127619 69 69 69
0.3877843 0.3641823 2.2201300 77 77 77
0.3979896 0.3649554 2.2248430 79 79 79
0.4085883 0.3660454 2.2314878 67 67 67
0.4193284 0.3672101 2.2385883 72 72 72
0.4297396 0.3680419 2.2436590 71 71 71
0.4404764 0.3691107 2.2501745 81 81 81
0.4514099 0.3702956 2.2573984 72 72 72
0.4622402 0.3713489 2.2638190 76 76 76
0.4729305 0.3722492 2.2693079 69 69 69
0.4839549 0.3733716 2.2761502 67 67 67
0.4951135 0.3745520 2.2833457 69 69 69
0.5063020 0.3757094 2.2904015 65 65 65
0.5175149 0.3768412 2.2973015 66 66 66
0.5285100 0.3777759 2.3029993 64 64 64
0.5400026 0.3790259 2.3106198 61 61 61
0.5513006 0.3800975 2.3171525 60 60 60
0.5627466 0.3812320 2.3240683 62 62 62
0.5743837 0.3824549 2.3315239 63 63 63
0.5858408 0.3835188 2.3380096 59 59 59
0.5970252 0.3843720 2.3432107 61 61 61
0.6089098 0.3856408 2.3509457 63 63 63
0.6206158 0.3867576 2.3577540 59 59 59
0.6325084 0.3879538 2.3650458 49 49 49
0.6442313 0.3890103 2.3714864 50 50 50
0.6562486 0.3902095 2.3787973 53 53 53
0.6684907 0.3915042 2.3866904 51 51 51
0.6806379 0.3927059 2.3940158 51 51 51
0.6927904 0.3938754 2.4011452 60 60 60
0.7052143 0.3951633 2.4089966 53 53 53
0.7176136 0.3964010 2.4165418 47 47 47
0.7298156 0.3974966 2.4232211 45 45 45
0.7421080 0.3986105 2.4300115 47 47 47
0.7547958 0.3999036 2.4378946 45 45 45
0.7674152 0.4011261 2.4453475 39 39 39
0.7787319 0.4016443 2.4485066 55 55 55
0.7915028 0.4028892 2.4560957 52 52 52
0.8045198 0.4042256 2.4642427 47 47 47
0.8174878 0.4055037 2.4720337 47 47 47
2.1073568 1.0068096 6.1377187 60 60 60
2.1303537 1.0054477 6.1294160 62 62 62
2.1619656 1.0081358 6.1458025 65 65 65
2.1851759 1.0068887 6.1382012 68 68 68
2.2419517 1.0091424 6.1519399 70 70 70
2.2658095 1.0082150 6.1462851 67 67 67
2.2965159 1.0103211 6.1591253 66 66 66
2.3212798 1.0097954 6.1559200 64 64 64
2.3452485 1.0089390 6.1506996 62 62 62
2.3719561 1.0092669 6.1526980 58 58 58
2.4011383 1.0106291 6.1610026 54 54 54
2.4243951 1.0094949 6.1540885 49 49 49
2.4577336 1.0125382 6.1726413 53 53 53
2.4810121 1.0114167 6.1658044 54 54 54
2.5138059 1.0141572 6.1825109 53 53 53
2.5370181 1.0130155 6.1755509 54 54 54
2.5595880 1.0116432 6.1671848 55 55 55
2.5940239 1.0149412 6.1872907 53 53 53
2.6168673 1.0136831 6.1796203 53 53 53
-2.9383707 0.9564313 5.6844687 46 46 46
-2.9175079 0.9574513 5.6905317 45 45 45
-2.8830731 0.9539974 5.6700039 45 45 45
-2.8633378 0.9553904 5.6782827 45 45 45
-2.8420358 0.9562797 5.6835680 45 45 45
-2.8206103 0.9571423 5.6886945 45 45 45
-2.8000596 0.9583189 5.6956882 45 45 45
-2.7789259 0.9593149 5.7016072 44 44 44
-2.7457540 0.9561360 5.6827145 45 45 45
-2.7246766 0.9571500 5.6887407 46 46 46
-2.7028348 0.9579111 5.6932640 47 47 47
-2.6823304 0.9591639 5.7007103 47 47 47
-2.6607273 0.9600431 5.7059355 48 48 48
-2.6391661 0.9609535 5.7113466 50 50 50
-2.6066587 0.9578584 5.6929512 52 52 52
-2.5863774 0.9592401 5.7011628 52 52 52
-2.5652378 0.9603265 5.7076197 55 55 55
-2.5441689 0.9614602 5.7143579 54 54 54
-2.5238531 0.9629028 5.7229319 53 53 53
-2.3240097 0.9219203 5.4793558 95 95 95
-2.2472496 0.9004223 5.3515844 104 104 104
-2.1859510 0.8847462 5.2584147 109 109 109
-2.1139636 0.8643782 5.1373591 110 110 110
-1.9820406 0.8273946 4.9175506 76 76 76
-1.9603465 0.8269908 4.9151502 40 40 40
-1.9410487 0.8276002 4.9187722 53 53 53
-1.9240963 0.8292335 4.9284797 53 53 53
-1.9075416 0.8310758 4.9394288 44 44 44
-1.8713200 0.8429070 5.0097470 32 32 32
-1.4452729 0.6738216 4.0048022 52 52 52
-1.4020468 0.6613969 3.9309571 54 54 54
-1.3603406 0.6494006 3.8596578 61 61 61
-1.3205251 0.6380271 3.7920606 55 55 55
-1.2824451 0.6272237 3.7278516 57 57 57
-1.2441163 0.6160290 3.6613166 56 56 56
-1.2088482 0.6060874 3.6022298 68 68 68
-1.1740892 0.5961514 3.5431757 58 58 58
-1.1401680 0.5863900 3.4851596 54 54 54
-1.1026675 0.5745088 3.4145451 60 60 60
-1.0754734 0.5677542 3.3743994 52 52 52
-1.0320034 0.5521110 3.2814250 52 52 52
-1.0066165 0.5458482 3.2442029 77 77 77
-0.9767559 0.5369535 3.1913381 89 89 89
-0.9518269 0.5305593 3.1533346 90 90 90
-0.9231722 0.5218777 3.1017363 84 84 84
-0.8954501 0.5134814 3.0518334 83 83 83
-0.8718444 0.5072351 3.0147088 80 80 80
-0.8462608 0.4996361 2.9695451 53 53 53
-0.8228514 0.4931118 2.9307687 68 68 68
-0.7984905 0.4858097 2.8873689 75 75 75
-0.7770146 0.4800638 2.8532190 74 74 74
-0.7559491 0.4743948 2.8195257 90 90 90
-0.7324008 0.4669616 2.7753472 89 89 89
-0.7121247 0.4614072 2.7423348 87 87 87
-0.6661454 0.4461045 2.6513844 69 69 69
-0.6484469 0.4416651 2.6249995 60 60 60
-0.6004394 0.4234230 2.5165789 40 40 40
-0.5899522 0.4235128 2.5171125 45 45 45
-0.5762830 0.4212797 2.5038407 75 75 75
-0.5587460 0.4160831 2.4729550 77 77 77
-0.5377999 0.4081018 2.4255190 62 62 62
-0.5216507 0.4035217 2.3982975 51 51 51
-0.5056940 0.3989124 2.3709023 54 54 54
-0.4900830 0.3943953 2.3440552 49 49 49
-0.4748439 0.3899976 2.3179181 48 48 48
-0.4597617 0.3855468 2.2914648 47 47 47
-0.4449386 0.3811267 2.2651944 38 38 38
-0.4304258 0.3767843 2.2393856 46 46 46
-0.4166250 0.3728843 2.2162066 51 51 51
-0.4032750 0.3692181 2.1944170 44 44 44
-0.3894671 0.3649507 2.1690536 37 37 37
-0.3761593 0.3609578 2.1453226 50 50 50
-0.3646633 0.3585496 2.1310091 64 64 64
-0.3518795 0.3547215 2.1082573 61 61 61
-0.3395574 0.3511724 2.0871634 58 58 58
-0.3272050 0.3474022 2.0647559 64 64 64
-0.3151679 0.3437699 2.0431678 70 70 70
-0.3032916 0.3401137 2.0214374 72 72 72
-0.2917321 0.3366116 2.0006230 63 63 63
-0.2809858 0.3338672 1.9843113 61 61 61
-0.2695805 0.3301471 1.9622014 59 59 59
-0.2481870 0.3238262 1.9246337 71 71 71
-0.2367125 0.3192961 1.8977096 92 92 92
-0.2270014 0.3169107 1.8835323 91 91 91
-0.2166810 0.3134711 1.8630893 70 70 70
-0.2082439 0.3125996 1.8579096 63 63 63
-0.2009078 0.3133773 1.8625314 68 68 68
-0.1934744 0.3140604 1.8665918 75 75 75
-0.1860419 0.3148029 1.8710045 79 79 79
-0.1785794 0.3155582 1.8754939 83 83 83
-0.1711262 0.3164006 1.8805007 78 78 78
-0.1635616 0.3171090 1.8847107 78 78 78
-0.1560337 0.3179646 1.8897960 71 71 71
-0.1486742 0.3192739 1.8975775 60 60 60
-0.1410227 0.3200693 1.9023050 68 68 68
-0.1333441 0.3208956 1.9072162 71 71 71
-0.1255864 0.3216251 1.9115517 78 78 78
-0.1178193 0.3224293 1.9163315 78 78 78
-0.1099574 0.3230734 1.9201596 73 73 73
-0.1021917 0.3241248 1.9264085 73 73 73
-0.0942662 0.3248072 1.9304640 76 76 76
-0.0863257 0.3255619 1.9349495 77 77 77
-0.0784150 0.3265985 1.9411108 74 74 74
-0.0703705 0.3272548 1.9450113 70 70 70
-0.0623089 0.3279939 1.9494040 68 68 68
-0.0542551 0.3290047 1.9554117 63 63 63
-0.0460973 0.3296348 1.9591566 62 62 62
-0.0379319 0.3304735 1.9641415 64 64 64
-0.0297420 0.3315069 1.9702833 69 69 69
-0.0214738 0.3321328 1.9740036 69 69 69
-0.0131817 0.3329444 1.9788268 72 72 72
-0.0048507 0.3338793 1.9843837 74 74 74
0.0035258 0.3346759 1.9891182 70 70 70
0.0119426 0.3354849 1.9939263 71 71 71
0.0204112 0.3364792 1.9998361 68 68 68
0.0289106 0.3372523 2.0044310 77 77 77
0.0374486 0.3380229 2.0090110 86 86 86
0.0460572 0.3390296 2.0149937 87 87 87
0.0546746 0.3397766 2.0194337 87 87 87
0.0633245 0.3404976 2.0237191 86 86 86
0.0721002 0.3416434 2.0305288 85 85 85
0.0808452 0.3424158 2.0351193 86 86 86
0.0897200 0.3435367 2.0417814 85 85 85
0.0985564 0.3443275 2.0464816 80 80 80
0.1074360 0.3451297 2.0512490 83 83 83
0.1164508 0.3462141 2.0576942 82 82 82
0.1254138 0.3470050 2.0623949 84 84 84
0.1345572 0.3481598 2.0692587 74 74 74
0.1435838 0.3488906 2.0736020 78 78 78
0.1526510 0.3496301 2.0779970 82 82 82
0.1619358 0.3507607 2.0847170 78 78 78
0.1710992 0.3515255 2.0892625 71 71 71
0.1805443 0.3527660 2.0966351 67 67 67
0.1897697 0.3534812 2.1008861 62 62 62
0.1991949 0.3544882 2.1068707 70 70 70
0.2085560 0.3553000 2.1116958 75 75 75
0.2181828 0.3564795 2.1187057 67 67 67
0.2276659 0.3573406 2.1238236 70 70 70
0.2373604 0.3584558 2.1304517 77 77 77
0.2469520 0.3593399 2.1357064 70 70 70
0.2566884 0.3603651 2.1417994 64 64 64
0.2663847 0.3612661 2.1471548 68 68 68
0.2762694 0.3623551 2.1536274 69 69 69
0.2861805 0.3634083 2.1598868 70 70 70
0.2959945 0.3642771 2.1650500 67 67 67
0.3059957 0.3653173 2.1712327 66 66 66
0.3159538 0.3662471 2.1767588 73 73 73
0.3261069 0.3673441 2.1832786 71 71 71
0.3363603 0.3684906 2.1900930 74 74 74
0.3464457 0.3693969 2.1954794 71 71 71
0.3566026 0.3703302 2.2010260 71 71 71
0.3668656 0.3713234 2.2069297 69 69 69
0.3772704 0.3724076 2.2133732 68 68 68
0.3878686 0.3736256 2.2206125 72 72 72
0.3980510 0.3743952 2.2251863 68 68 68
0.4087716 0.3756239 2.2324891 67 67 67
0.4194306 0.3767419 2.2391338 73 73 73
0.4301654 0.3778772 2.2458816 72 72 72
0.4406033 0.3787086 2.2508225 78 78 78
0.4514683 0.3798641 2.2576904 67 67 67
0.4623861 0.3810155 2.2645335 69 69 69
0.4734986 0.3822774 2.2720337 67 67 67
0.4840950 0.3830809 2.2768092 62 62 62
0.4952417 0.3842802 2.2839370 58 58 58
0.5064327 0.3854673 2.2909927 58 58 58
0.5177602 0.3867120 2.2983904 55 55 55
0.5291169 0.3879324 2.3056438 56 56 56
0.5399546 0.3887351 2.3104143 58 58 58
0.5514059 0.3899432 2.3175950 57 57 57
0.5629051 0.3911426 2.3247232 61 61 61
0.5743891 0.3922905 2.3315456 61 61 61
0.5859696 0.3934646 2.3385236 58 58 58
0.5976474 0.3946640 2.3456523 58 58 58
0.6094537 0.3959079 2.3530455 57 57 57
0.6207578 0.3967909 2.3582933 55 55 55
0.6326009 0.3979852 2.3653917 48 48 48
0.6446038 0.3992414 2.3728578 47 47 47
0.6565640 0.4004331 2.3799403 51 51 51
0.6686233 0.4016485 2.3871639 57 57 57
0.6806418 0.4028036 2.3940296 53 53 53
0.6930878 0.4041743 2.4021759 59 59 59
0.7054673 0.4054673 2.4098611 55 55 55
0.7178287 0.4067133 2.4172664 46 46 46
0.7302978 0.4079846 2.4248221 44 44 44
0.7427801 0.4092281 2.4322126 50 50 50
0.7557050 0.4106781 2.4408309 40 40 40
0.7682249 0.4118721 2.4479272 38 38 38
0.7788657 0.4120404 2.4489272 49 49 49
0.7918669 0.4134366 2.4572256 47 47 47
0.8043827 0.4145466 2.4638226 39 39 39
0.8177469 0.4160599 2.4728172 42 42 42
2.0735116 1.0161066 6.0391440 61 61 61
2.1053498 1.0191909 6.0574756 55 55 55
2.1283298 1.0179645 6.0501866 57 57 57
2.1514163 1.0168176 6.0433698 54 54 54
2.1836324 1.0199618 6.0620570 55 55 55
2.2072501 1.0190635 6.0567183 63 63 63
2.2290590 1.0173602 6.0465951 69 69 69
2.2606881 1.0201267 6.0630374 68 68 68
2.2834635 1.0188810 6.0556331 64 64 64
2.3067856 1.0179039 6.0498261 61 61 61
2.3388925 1.0207822 6.0669332 63 63 63
2.3614216 1.0194634 6.0590949 63 63 63
2.3949757 1.0228815 6.0794101 62 62 62
2.4158163 1.0208548 6.0673652 60 60 60
2.4396944 1.0201408 6.0631213 57 57 57
2.4724967 1.0231346 6.0809140 48 48 48
2.4949195 1.0218157 6.0730758 48 48 48
2.5279405 1.0248201 6.0909324 50 50 50
2.5504663 1.0235522 6.0833964 53 53 53
2.5731575 1.0223753 6.0764022 53 53 53
2.6061881 1.0252892 6.0937200 51 51 51
-2.8868971 0.9632280 5.5848904 42 42 42
-2.8673813 0.9645855 5.5927610 43 43 43
-2.8471439 0.9657208 5.5993433 44 44 44
-2.8272655 0.9669978 5.6067476 44 44 44
-2.8057036 0.9677157 5.6109104 45 45 45
-2.7840221 0.9684042 5.6149020 42 42 42
-2.7525949 0.9656855 5.5991392 45 45 45
-2.7320108 0.9667568 5.6053505 45 45 45
-2.7116318 0.9679198 5.6120939 45 45 45
-2.6902354 0.9687371 5.6168323 48 48 48
-2.6694179 0.9697791 5.6228743 48 48 48
-2.6372919 0.9666948 5.6049910 47 47 47
-2.6160851 0.9675932 5.6101999 47 47 47
-2.5950737 0.9685810 5.6159277 50 50 50
-2.5741618 0.9696245 5.6219773 51 51 51
-2.5531015 0.9706309 5.6278129 51 51 51
-2.5323827 0.9717873 5.6345177 54 54 54
-2.5014269 0.9690000 5.6183567 55 55 55
-2.4818866 0.9706237 5.6277714 51 51 51
-2.4618640 0.9720885 5.6362638 49 49 49
-2.3329692 0.9486697 5.5004797 89 89 89
-2.2522457 0.9250417 5.3634825 102 102 102
-2.1899979 0.9085997 5.2681499 108 108 108
-2.1171718 0.8873868 5.1451554 110 110 110
-1.9894063 0.8512835 4.9358249 68 68 68
-1.9715168 0.8525482 4.9431577 47 47 47
-1.9430110 0.8492000 4.9237447 62 62 62
-1.9247841 0.8503205 4.9302411 51 51 51
-1.9083202 0.8522528 4.9414449 41 41 41
-1.8821903 0.8690519 5.0388479 29 29 29
-1.4471266 0.6915956 4.0099387 49 49 49
-1.4018306 0.6778690 3.9303508 68 68 68
-1.3620999 0.6665375 3.8646495 59 59 59
-1.3214349 0.6544687 3.7946734 54 54 54
-1.2836013 0.6435235 3.7312124 56 56 56
-1.2458105 0.6323285 3.6663024 55 55 55
-1.1751791 0.6116601 3.5464647 65 65 65
-1.1417987 0.6019465 3.4901445 63 63 63
-1.1036659 0.5894411 3.4176371 61 61 61
-1.0305709 0.5651629 3.2768698 57 57 57
-1.0087104 0.5606927 3.2509513 76 76 76
-0.9774899 0.5508249 3.1937366 89 89 89
-0.9524420 0.5442083 3.1553726 90 90 90
-0.9228619 0.5347778 3.1006939 84 84 84
-0.8964223 0.5269223 3.0551469 87 87 87
-0.8729503 0.5206075 3.0185330 89 89 89
-0.8466998 0.5124242 2.9710858 69 69 69
-0.8239164 0.5061250 2.9345620 79 79 79
-0.7990159 0.4983133 2.8892691 81 81 81
-0.7776298 0.4924853 2.8554783 74 74 74
-0.7538285 0.4849205 2.8116162 82 82 82
-0.7333609 0.4792926 2.7789855 87 87 87
-0.7131795 0.4736721 2.7463970 80 80 80
-0.6907308 0.4663352 2.7038569 77 77 77
-0.6684660 0.4588782 2.6606209 63 63 63
-0.6492603 0.4533026 2.6282926 53 53 53
-0.6084504 0.4398261 2.5501549 47 47 47
-0.5907294 0.4346992 2.5204284 58 58 58
-0.5768213 0.4322417 2.5061796 78 78 78
-0.5572827 0.4253944 2.4664786 82 82 82
-0.5399726 0.4200201 2.4353178 83 83 83
-0.5235621 0.4151508 2.4070852 69 69 69
-0.5061601 0.4092872 2.3730874 55 55 55
-0.4908078 0.4048779 2.3475215 52 52 52
-0.4755006 0.4003251 2.3211238 49 49 49
-0.4602675 0.3956445 2.2939858 45 45 45
-0.4456561 0.3913088 2.2688470 34 34 34
-0.4310691 0.3868049 2.2427328 44 44 44
-0.4168988 0.3824812 2.2176633 53 53 53
-0.4035987 0.3787757 2.1961784 42 42 42
-0.3900082 0.3746172 2.1720672 36 36 36
-0.3764400 0.3702807 2.1469235 47 47 47
-0.3635913 0.3664554 2.1247444 59 59 59
-0.3521812 0.3639237 2.1100650 68 68 68
-0.3395392 0.3599545 2.0870514 62 62 62
-0.3275484 0.3564830 2.0669231 62 62 62
-0.3154668 0.3527200 2.0451052 69 69 69
-0.3035806 0.3489703 2.0233636 73 73 73
-0.2811867 0.3424796 1.9857299 71 71 71
-0.2698928 0.3388136 1.9644744 64 64 64
-0.2586361 0.3349637 1.9421524 56 56 56
-0.2480843 0.3318048 1.9238369 71 71 71
-0.2366637 0.3272311 1.8973181 87 87 87
-0.2168912 0.3216394 1.8648967 74 74 74
-0.2083213 0.3205534 1.8585999 65 65 65
-0.2009671 0.3213263 1.8630812 72 72 72
-0.1934864 0.3219516 1.8667071 73 73 73
-0.1860826 0.3227634 1.8714139 77 77 77
-0.1787948 0.3238572 1.8777559 83 83 83
-0.1711715 0.3244165 1.8809985 91 91 91
-0.1634449 0.3248249 1.8833663 93 93 93
-0.1560436 0.3259545 1.8899158 78 78 78
-0.1486784 0.3272851 1.8976309 64 64 64
-0.1411173 0.3283114 1.9035814 63 63 63
-0.1334047 0.3290877 1.9080827 69 69 69
-0.1256474 0.3298461 1.9124801 68 68 68
-0.1178414 0.3305722 1.9166901 73 73 73
-0.1100920 0.3315758 1.9225090 72 72 72
-0.1022187 0.3323360 1.9269168 75 75 75
-0.0943016 0.3330730 1.9311898 72 72 72
-0.0863280 0.3337306 1.9350027 72 72 72
-0.0784119 0.3347709 1.9410346 78 78 78
-0.0703728 0.3354678 1.9450753 78 78 78
-0.0623321 0.3363397 1.9501302 71 71 71
-0.0542590 0.3372751 1.9555538 73 73 73
-0.0461315 0.3381470 1.9606097 71 71 71
-0.0379471 0.3388922 1.9649298 72 72 72
-0.0297485 0.3398898 1.9707142 80 80 80
-0.0214858 0.3406474 1.9751070 77 77 77
-0.0131870 0.3414266 1.9796250 79 79 79
-0.0048541 0.3424859 1.9857666 78 78 78
0.0035265 0.3431402 1.9895604 80 80 80
0.0119451 0.3439676 1.9943577 81 81 81
0.0204201 0.3450635 2.0007119 75 75 75
0.0289243 0.3458685 2.0053792 88 88 88
0.0374622 0.3466210 2.0097423 89 89 89
0.0460805 0.3477023 2.0160120 88 88 88
0.0547138 0.3485423 2.0208824 87 87 87
0.0634344 0.3496375 2.0272322 85 85 85
0.0721267 0.3503348 2.0312753 72 72 72
0.0809006 0.3512380 2.0365124 73 73 73
0.0897589 0.3522996 2.0426676 74 74 74
0.0985746 0.3530227 2.0468605 78 78 78
0.1075736 0.3542326 2.0538750 76 76 76
0.1164807 0.3549825 2.0582235 74 74 74
0.1254721 0.3558673 2.0633535 75 75 75
0.1345684 0.3569155 2.0694311 70 70 70
0.1436503 0.3578003 2.0745611 68 68 68
0.1528439 0.3588458 2.0806231 76 76 76
0.1619769 0.3596433 2.0852468 75 75 75
0.1712027 0.3605540 2.0905273 74 74 74
0.1805407 0.3616001 2.0965927 78 78 78
0.1898644 0.3625214 2.1019344 70 70 70
0.1993216 0.3636039 2.1082106 60 60 60
0.2087108 0.3644753 2.1132631 56 56 56
0.2182386 0.3655075 2.1192479 63 63 63
0.2277004 0.3663522 2.1241460 74 74 74
0.2374683 0.3676069 2.1314206 77 77 77
0.2471977 0.3687125 2.1378312 71 71 71
0.2567304 0.3694574 2.1421499 70 70 70
0.2665685 0.3705761 2.1486363 79 79 79
0.2763386 0.3715300 2.1541672 74 74 74
0.2862233 0.3725721 2.1602097 77 77 77
0.2961008 0.3735410 2.1658273 77 77 77
0.3061244 0.3746308 2.1721458 68 68 68
0.3162419 0.3757687 2.1787436 76 76 76
0.3261358 0.3765842 2.1834717 70 70 70
0.3364131 0.3777854 2.1904368 65 65 65
0.3464403 0.3786491 2.1954446 74 74 74
0.3568487 0.3798738 2.2025452 75 75 75
0.3672792 0.3810591 2.2094178 70 70 70
0.3774410 0.3819139 2.2143741 73 73 73
0.3879042 0.3830250 2.2208166 71 71 71
0.3983311 0.3840488 2.2267523 69 69 69
0.4088761 0.3851366 2.2330599 69 69 69
0.4195060 0.3862537 2.2395368 71 71 71
0.4303303 0.3874966 2.2467432 70 70 70
0.4410527 0.3885961 2.2531183 69 69 69
0.4515951 0.3894940 2.2583244 69 69 69
0.4625492 0.3907027 2.2653322 72 72 72
0.4735302 0.3918846 2.2721853 64 64 64
0.4845717 0.3930688 2.2790513 57 57 57
0.4953102 0.3939658 2.2842524 55 55 55
0.5065665 0.3952328 2.2915981 58 58 58
0.5177844 0.3964228 2.2984979 55 55 55
0.5293079 0.3977987 2.3064759 57 57 57
0.5403896 0.3987990 2.3122759 53 53 53
0.5515468 0.3998186 2.3181872 54 54 54
0.5629444 0.4009738 2.3248854 59 59 59
0.5745006 0.4022006 2.3319983 56 56 56
0.5862320 0.4035066 2.3395708 56 56 56
0.5978720 0.4047076 2.3465340 53 53 53
0.6094983 0.4058602 2.3532174 53 53 53
0.6214767 0.4072068 2.3610246 51 51 51
0.6334133 0.4084838 2.3684289 48 48 48
0.6452081 0.4096312 2.3750818 51 51 51
0.6567303 0.4105731 2.3805432 46 46 46
0.6688341 0.4118448 2.3879163 50 50 50
0.6808956 0.4130531 2.3949220 41 41 41
0.6933257 0.4144464 2.4030006 43 43 43
0.7056907 0.4157611 2.4106238 42 42 42
0.7179276 0.4169642 2.4175994 43 43 43
0.7305697 0.4183656 2.4257247 40 40 40
0.7430592 0.4196422 2.4331262 40 40 40
0.7559173 0.4210893 2.4415166 37 37 37
0.7686191 0.4224115 2.4491832 39 39 39
0.7781934 0.4220028 2.4468133 60 60 60
0.7908182 0.4232373 2.4539711 50 50 50
0.8032262 0.4243254 2.4602802 43 43 43
0.8158503 0.4254985 2.4670818 38 38 38
2.0401216 1.0248007 5.9418941 62 62 62
2.0711191 1.0277487 5.9589877 63 63 63
2.0928941 1.0261045 5.9494538 58 58 58
2.1160824 1.0251838 5.9441161 54 54 54
2.1466267 1.0278068 5.9593244 52 52 52
2.1699615 1.0269572 5.9543977 51 51 51
2.2017124 1.0300643 5.9724135 55 55 55
2.2247162 1.0290552 5.9665627 58 58 58
2.2482793 1.0283246 5.9623265 58 58 58
2.2789044 1.0308043 5.9767041 62 62 62
2.3010936 1.0294558 5.9688849 61 61 61
2.3234673 1.0282182 5.9617095 62 62 62
2.3555667 1.0312649 5.9793744 60 60 60
2.3774533 1.0298233 5.9710164 61 61 61
2.4097459 1.0328722 5.9886937 59 59 59
2.4320385 1.0316160 5.9814105 59 59 59
2.4541988 1.0303301 5.9739547 57 57 57
2.4818816 1.0313652 5.9799562 57 57 57
2.5084436 1.0319184 5.9831634 49 49 49
2.5314860 1.0310272 5.9779963 47 47 47
2.5639601 1.0339569 5.9949832 48 48 48
2.5860517 1.0326835 5.9875998 49 49 49
2.6187377 1.0356244 6.0046515 51 51 51
2.6414773 1.0346134 5.9987893 51 51 51
2.6628630 1.0330960 5.9899917 53 53 53
-2.8522103 0.9749228 5.5177860 43 43 43
-2.8312416 0.9757152 5.5222712 42 42 42
-2.8121965 0.9771892 5.5306139 43 43 43
-2.7793007 0.9738349 5.5116291 44 44 44
-2.7593758 0.9750070 5.5182629 45 45 45
-2.7397540 0.9763072 5.5256214 44 44 44
-2.7183249 0.9769800 5.5294294 47 47 47
-2.6981301 0.9781120 5.5358362 46 46 46
-2.6774077 0.9790708 5.5412626 45 45 45
-2.6450841 0.9757668 5.5225630 47 47 47
-2.6249890 0.9769552 5.5292892 48 48 48
-2.6037068 0.9777192 5.5336132 47 47 47
-2.5829856 0.9787095 5.5392179 51 51 51
-2.5628946 0.9799590 5.5462894 51 51 51
-2.5409300 0.9805084 5.5493994 50 50 50
-2.5103195 0.9777007 5.5335083 51 51 51
-2.4905138 0.9790879 5.5413599 56 56 56
-2.4703264 0.9803500 5.5485029 55 55 55
-2.4504271 0.9817516 5.5564356 50 50 50
-2.4320145 0.9837818 5.5679255 50 50 50
-2.1941192 0.9325669 5.2780638 106 106 106
-2.1206312 0.9105691 5.1535625 109 109 109
-1.9995172 0.8765299 4.9609103 61 61 61
-1.9436120 0.8702322 4.9252677 68 68 68
-1.9254839 0.8714278 4.9320340 52 52 52
-1.9091344 0.8734631 4.9435534 44 44 44
-1.8933831 0.8955948 5.0688124 27 27 27
-1.4496821 0.7097564 4.0170197 65 65 65
-1.3971871 0.6921428 3.9173319 117 117 117
-1.3646319 0.6841038 3.8718333 69 69 69
-1.3239998 0.6717720 3.8020387 56 56 56
-1.2843915 0.6596637 3.7335095 53 53 53
-1.2471261 0.6484732 3.6701741 55 55 55
-1.2116520 0.6379445 3.6105850 71 71 71
-1.1765209 0.6273307 3.5505140 68 68 68
-1.1427010 0.6171516 3.4929028 71 71 71
-1.1046646 0.6043995 3.4207294 65 65 65
-1.0303396 0.5788514 3.2761347 51 51 51
-1.0104126 0.5753711 3.2564368 68 68 68
-0.9791118 0.5652290 3.1990356 80 80 80
-0.9490570 0.5555329 3.1441584 87 87 87
-0.9249880 0.5491154 3.1078374 85 85 85
-0.8967940 0.5400295 3.0564134 88 88 88
-0.8735778 0.5337198 3.0207026 96 96 96
-0.8473152 0.5253347 2.9732449 88 88 88
-0.8246785 0.5189795 2.9372766 97 97 97
-0.7996022 0.5108718 2.8913891 92 92 92
-0.7787333 0.5052427 2.8595304 81 81 81
-0.7544281 0.4971721 2.8138528 88 88 88
-0.7341470 0.4915377 2.7819643 81 81 81
-0.7142244 0.4859644 2.7504206 76 76 76
-0.6911255 0.4780102 2.7054019 79 79 79
-0.6696346 0.4709198 2.6652722 64 64 64
-0.6502565 0.4650985 2.6323252 56 56 56
-0.5914068 0.4458384 2.5233190 76 76 76
-0.5773019 0.4431790 2.5082676 74 74 74
-0.5575827 0.4360300 2.4678061 86 86 86
-0.5406766 0.4308508 2.4384930 95 95 95
-0.5243375 0.4259312 2.4106500 86 86 86
-0.5084513 0.4211924 2.3838294 75 75 75
-0.4911697 0.4150831 2.3492527 60 60 60
-0.4759750 0.4105223 2.3234396 54 54 54
-0.4609745 0.4059407 2.2975090 50 50 50
-0.4461221 0.4012957 2.2712195 38 38 38
-0.4309051 0.3961116 2.2418795 45 45 45
-0.4174429 0.3923443 2.2205572 51 51 51
-0.4038040 0.3882343 2.1972957 41 41 41
-0.3902037 0.3839691 2.1731558 34 34 34
-0.3766809 0.3795769 2.1482973 47 47 47
-0.3639047 0.3757390 2.1265759 56 56 56
-0.3511892 0.3717715 2.1041214 63 63 63
-0.3398081 0.3690476 2.0887048 62 62 62
-0.3276217 0.3652808 2.0673857 68 68 68
-0.3156618 0.3615675 2.0463691 73 73 73
-0.3037494 0.3577015 2.0244887 72 72 72
-0.2919260 0.3537196 2.0019524 71 71 71
-0.2815087 0.3512551 1.9880040 73 73 73
-0.2701249 0.3473962 1.9661638 71 71 71
-0.2589867 0.3436189 1.9447854 64 64 64
-0.2371571 0.3359309 1.9012735 89 89 89
-0.2266492 0.3322800 1.8806102 93 93 93
-0.2170407 0.3297307 1.8661821 72 72 72
-0.2084817 0.3286439 1.8600314 62 62 62
-0.2010348 0.3292937 1.8637089 69 69 69
-0.1935739 0.3299726 1.8675512 72 72 72
-0.1862710 0.3309898 1.8733085 77 77 77
-0.1787998 0.3317849 1.8778083 79 79 79
-0.1712423 0.3324860 1.8817766 76 76 76
-0.1634041 0.3326839 1.8828967 67 67 67
-0.1561266 0.3341018 1.8909214 70 70 70
-0.1489126 0.3358154 1.9006197 62 62 62
-0.1411600 0.3364404 1.9041574 66 66 66
-0.1334645 0.3372850 1.9089377 69 69 69
-0.1256749 0.3379852 1.9129002 74 74 74
-0.1179070 0.3388436 1.9177582 73 73 73
-0.1101081 0.3397325 1.9227898 81 81 81
-0.1022451 0.3405497 1.9274147 85 85 85
-0.0943364 0.3413424 1.9319009 84 84 84
-0.0864424 0.3423432 1.9375656 85 85 85
-0.0784406 0.3430817 1.9417450 85 85 85
-0.0704305 0.3439515 1.9466679 83 83 83
-0.0623996 0.3449360 1.9522398 82 82 82
-0.0542830 0.3456745 1.9564197 80 80 80
-0.0461414 0.3464891 1.9610298 81 81 81
-0.0379835 0.3475112 1.9668146 75 75 75
-0.0297650 0.3483933 1.9718071 77 77 77
-0.0214905 0.3490525 1.9755380 79 79 79
-0.0131923 0.3499139 1.9804132 81 81 81
-0.0048557 0.3509762 1.9864256 74 74 74
0.0035286 0.3517359 1.9907256 74 74 74
0.0119567 0.3527182 1.9962847 73 73 73
0.0204261 0.3536035 2.0012953 70 70 70
0.0289265 0.3543523 2.0055335 78 78 78
0.0375060 0.3555108 2.0120904 89 89 89
0.0460958 0.3563219 2.0166810 83 83 83
0.0547319 0.3571824 2.0215514 81 81 81
0.0634483 0.3582642 2.0276740 78 78 78
0.0721604 0.3590682 2.0322237 78 78 78
0.0809246 0.3599328 2.0371177 78 78 78
0.0897660 0.3609421 2.0428298 75 75 75
0.0986209 0.3618238 2.0478201 74 74 74
0.1076013 0.3629872 2.0544045 73 73 73
0.1165350 0.3638314 2.0591826 68 68 68
0.1254996 0.3646483 2.0638058 64 64 64
0.1346216 0.3657870 2.0702505 60 60 60
0.1436632 0.3665817 2.0747483 63 63 63
0.1528838 0.3677156 2.0811660 67 67 67
0.1620753 0.3686604 2.0865133 66 66 66
0.1713701 0.3697308 2.0925713 67 67 67
0.1806549 0.3706757 2.0979192 68 68 68
0.1900821 0.3718109 2.1043439 80 80 80
0.1993583 0.3725627 2.1085992 79 79 79
0.2088710 0.3736734 2.1148853 62 62 62
0.2183475 0.3746310 2.1203051 66 66 66
0.2279449 0.3757125 2.1264262 78 78 78
0.2374477 0.3765623 2.1312356 71 71 71
0.2472278 0.3777736 2.1380916 75 75 75
0.2568160 0.3786169 2.1428642 84 84 84
0.2666901 0.3798101 2.1496172 78 78 78
0.2763993 0.3806975 2.1546397 83 83 83
0.2863532 0.3818549 2.1611903 82 82 82
0.2963723 0.3830251 2.1678133 80 80 80
0.3062020 0.3838878 2.1726961 76 76 76
0.3163638 0.3851047 2.1795835 71 71 71
0.3263296 0.3860211 2.1847696 71 71 71
0.3364781 0.3870972 2.1908603 71 71 71
0.3468715 0.3883900 2.1981773 72 72 72
0.3568963 0.3892137 2.2028389 74 74 74
0.3673513 0.3904527 2.2098513 68 68 68
0.3777939 0.3916176 2.2164443 63 63 63
0.3880948 0.3925829 2.2219076 66 66 66
0.3984181 0.3935248 2.2272387 67 67 67
0.4092998 0.3949621 2.2353735 70 70 70
0.4197060 0.3958862 2.2406039 63 63 63
0.4303618 0.3970000 2.2469072 58 58 58
0.4411691 0.3982025 2.2537131 62 62 62
0.4521303 0.3994902 2.2610011 59 59 59
0.4627012 0.4003870 2.2660770 61 61 61
0.4737144 0.4016225 2.2730691 56 56 56
0.4847251 0.4028069 2.2797728 52 52 52
0.4958574 0.4040444 2.2867765 52 52 52
0.5067121 0.4050127 2.2922566 55 55 55
0.5179983 0.4062832 2.2994473 51 51 51
0.5294581 0.4076407 2.3071306 50 50 50
0.5405661 0.4086832 2.3130312 50 50 50
0.5522241 0.4100972 2.3210340 53 53 53
0.5635448 0.4112158 2.3273649 56 56 56
0.5746739 0.4121588 2.3327017 53 53 53
0.5863863 0.4134812 2.3401864 54 54 54
0.5980511 0.4147270 2.3472371 57 57 57
0.6097354 0.4159454 2.3541331 54 54 54
0.6215516 0.4172134 2.3613093 50 50 50
0.6335291 0.4185479 2.3688624 45 45 45
0.6455426 0.4198644 2.3763132 42 42 42
0.6575560 0.4211406 2.3835361 42 42 42
0.6695507 0.4223666 2.3904750 42 42 42
0.6816450 0.4236180 2.3975580 40 40 40
0.6940026 0.4249942 2.4053466 45 45 45
0.7065474 0.4264437 2.4135504 44 44 44
0.7182734 0.4273649 2.4187639 44 44 44
0.7308260 0.4287452 2.4265759 39 39 39
0.7435122 0.4301646 2.4346099 39 39 39
0.7775741 0.4319769 2.4448664 38 38 38
0.7892527 0.4327273 2.4491136 39 39 39
0.8019667 0.4340187 2.4564226 40 40 40
0.8148090 0.4353456 2.4639328 37 37 37
2.0156538 1.0372661 5.8706317 60 60 60
2.0382180 1.0361518 5.8643250 61 61 61
2.0609734 1.0351602 5.8587132 58 58 58
2.0893767 1.0369954 5.8690996 58 58 58
2.1137643 1.0368177 5.8680940 59 59 59
2.1368592 1.0360175 5.8635650 57 57 57
2.1670256 1.0386248 5.8783216 58 58 58
2.1900566 1.0377920 5.8736081 52 52 52
2.2208407 1.0406106 5.8895602 51 51 51
2.2438612 1.0397694 5.8847995 55 55 55
2.2664635 1.0387548 5.8790574 54 54 54
2.2990649 1.0422953 5.8990960 55 55 55
2.3204968 1.0407506 5.8903527 60 60 60
2.3405342 1.0386198 5.8782930 62 62 62
2.3713512 1.0412669 5.8932753 62 62 62
2.3926425 1.0397197 5.8845186 60 60 60
2.4248610 1.0429040 5.9025412 58 58 58
2.4462571 1.0414164 5.8941212 57 57 57
2.4685271 1.0403268 5.8879547 58 58 58
2.4992602 1.0427902 5.9018960 54 54 54
2.5225616 1.0421346 5.8981862 54 54 54
2.5539048 1.0447818 5.9131689 54 54 54
2.5762985 1.0437521 5.9073405 49 49 49
2.5971251 1.0421132 5.8980651 45 45 45
2.6303520 1.0454340 5.9168591 49 49 49
2.6512923 1.0438548 5.9079223 50 50 50
2.6738579 1.0429391 5.9027390 51 51 51
-2.8162978 0.9856226 5.4483109 41 41 41
-2.7851057 0.9827234 5.4322844 43 43 43
-2.7652254 0.9838004 5.4382381 42 42 42
-2.7453310 0.9848904 5.4442635 43 43 43
-2.7254620 0.9860080 5.4504414 44 44 44
-2.7050633 0.9869514 5.4556561 43 43 43
-2.6844919 0.9878473 5.4606085 45 45 45
-2.6528909 0.9846650 5.4430170 46 46 46
-2.6328557 0.9857574 5.4490557 46 46 46
-2.6133039 0.9870517 5.4562101 48 48 48
-2.5923824 0.9878470 5.4606066 50 50 50
-2.5723660 0.9890044 5.4670048 50 50 50
-2.5408082 0.9857054 5.4487686 49 49 49
-2.5203490 0.9866912 5.4542179 51 51 51
-2.4996283 0.9875918 5.4591961 50 50 50
-2.4794292 0.9887171 5.4654169 51 51 51
-2.4589922 0.9897678 5.4712248 52 52 52
-2.4377561 0.9905137 5.4753475 53 53 53
-2.4091711 0.9882593 5.4628859 51 51 51
-2.3898020 0.9897783 5.4712830 49 49 49
-2.3689048 0.9906879 5.4763107 50 50 50
-2.3473504 0.9913378 5.4799032 48 48 48
-2.1247761 0.9341237 5.1636357 102 102 102
-2.0131180 0.9035544 4.9946551 54 54 54
-1.9443640 0.8913466 4.9271731 69 69 69
-1.9263039 0.8926058 4.9341340 54 54 54
-1.9098272 0.8946344 4.9453473 44 44 44
-1.9046069 0.9224055 5.0988603 23 23 23
-1.8899697 0.9257678 5.1174464 28 28 28
-1.4507762 0.7272444 4.0200515 66 66 66
-1.4076174 0.7139523 3.9465756 88 88 88
-1.3663142 0.7012946 3.8766065 73 73 73
-1.3254962 0.6885824 3.8063359 53 53 53
-1.2872294 0.6769001 3.7417588 47 47 47
-1.2487649 0.6648226 3.6749969 54 54 54
-1.2101140 0.6523411 3.6060016 66 66 66
-1.1778077 0.6430056 3.5543973 66 66 66
-1.1440392 0.6326209 3.4969928 70 70 70
-1.1060991 0.6196281 3.4251716 63 63 63
-1.0324436 0.5938769 3.2828245 48 48 48
-1.0105295 0.5891715 3.2568140 66 66 66
-0.9804325 0.5794998 3.2033505 68 68 68
-0.9501065 0.5694206 3.1476352 81 81 81
-0.9250611 0.5622654 3.1080828 86 86 86
-0.8977661 0.5535175 3.0597262 92 92 92
-0.8742910 0.5469041 3.0231688 78 78 78
-0.8478412 0.5382066 2.9750907 75 75 75
-0.8255361 0.5319183 2.9403307 99 99 99
-0.8001091 0.5233962 2.8932221 100 100 100
-0.7786175 0.5172243 2.8591051 83 83 83
-0.7547718 0.5092699 2.8151348 73 73 73
-0.7346770 0.5036325 2.7839727 76 76 76
-0.7147043 0.4978971 2.7522688 80 80 80
-0.6921436 0.4901397 2.7093873 74 74 74
-0.6705791 0.4828392 2.6690316 62 62 62
-0.6511096 0.4768236 2.6357789 56 56 56
-0.6349159 0.4730398 2.6148627 47 47 47
-0.5909848 0.4561534 2.5215182 73 73 73
-0.5752856 0.4521714 2.4995070 75 75 75
-0.5580989 0.4468499 2.4700906 82 82 82
-0.5412238 0.4415802 2.4409606 92 92 92
-0.5247184 0.4364136 2.4124010 90 90 90
-0.5085379 0.4313184 2.3842356 90 90 90
-0.4931502 0.4267035 2.3587253 77 77 77
-0.4773220 0.4215096 2.3300147 60 60 60
-0.4615419 0.4161408 2.3003373 50 50 50
-0.4467201 0.4114240 2.2742639 38 38 38
-0.4321936 0.4067783 2.2485831 44 44 44
-0.4180703 0.4023121 2.2238951 50 50 50
-0.4042094 0.3978992 2.1995015 44 44 44
-0.3908906 0.3938252 2.1769814 41 41 41
-0.3771062 0.3890749 2.1507230 50 50 50
-0.3642529 0.3850748 2.1286111 53 53 53
-0.3515272 0.3810108 2.1061463 58 58 58
-0.3279065 0.3743240 2.0691829 70 70 70
-0.3157801 0.3703357 2.0471365 80 80 80
-0.3039511 0.3664818 2.0258329 72 72 72
-0.2922923 0.3626161 2.0044644 67 67 67
-0.2817074 0.3598922 1.9894073 69 69 69
-0.2703077 0.3559282 1.9674947 67 67 67
-0.2594168 0.3524043 1.9480155 68 68 68
-0.2373108 0.3441714 1.9025061 89 89 89
-0.2267705 0.3403924 1.8816164 92 92 92
-0.2171757 0.3378102 1.8673422 71 71 71
-0.2085520 0.3366010 1.8606584 67 67 67
-0.2011365 0.3373235 1.8646519 71 71 71
-0.1936701 0.3380159 1.8684796 73 73 73
-0.1863709 0.3390713 1.8743136 70 70 70
-0.1788872 0.3398696 1.8787262 76 76 76
-0.1713535 0.3406425 1.8829987 73 73 73
-0.1637596 0.3413649 1.8869922 75 75 75
-0.1562212 0.3422830 1.8920673 67 67 67
-0.1489277 0.3438650 1.9008124 64 64 64
-0.1412345 0.3446519 1.9051621 73 73 73
-0.1335196 0.3454774 1.9097251 81 81 81
-0.1257369 0.3462223 1.9138426 82 82 82
-0.1180241 0.3472750 1.9196622 82 82 82
-0.1101692 0.3480341 1.9238579 85 85 85
-0.1022828 0.3488062 1.9281261 84 84 84
-0.0943680 0.3496063 1.9325488 78 78 78
-0.0864611 0.3505898 1.9379857 69 69 69
-0.0784936 0.3515074 1.9430578 74 74 74
-0.0704589 0.3523029 1.9474552 71 71 71
-0.0624247 0.3533110 1.9530274 69 69 69
-0.0543091 0.3540944 1.9573581 72 72 72
-0.0461587 0.3548918 1.9617660 68 68 68
-0.0379934 0.3558971 1.9673231 73 73 73
-0.0297682 0.3567469 1.9720209 73 73 73
-0.0214992 0.3575277 1.9763367 71 71 71
-0.0132089 0.3587166 1.9829085 72 72 72
-0.0048564 0.3594055 1.9867164 69 69 69
0.0035299 0.3602625 1.9914542 69 69 69
0.0119649 0.3613841 1.9976541 62 62 62
0.0204299 0.3621115 2.0016747 62 62 62
0.0289381 0.3629539 2.0063314 68 68 68
0.0375157 0.3640896 2.0126097 74 74 74
0.0461143 0.3649725 2.0174899 65 65 65
0.0547716 0.3659725 2.0230176 63 63 63
0.0634645 0.3669088 2.0281930 65 65 65
0.0721711 0.3676925 2.0325258 66 66 66
0.0810078 0.3689023 2.0392129 70 70 70
0.0897982 0.3696889 2.0435610 64 64 64
0.0986598 0.3706057 2.0486288 58 58 58
0.1076557 0.3718385 2.0554438 57 57 57
0.1165774 0.3726504 2.0599313 61 61 61
0.1256071 0.3736710 2.0655732 65 65 65
0.1346751 0.3746659 2.0710728 66 66 66
0.1438496 0.3758176 2.0774393 70 70 70
0.1529227 0.3765876 2.0816958 76 76 76
0.1620944 0.3775035 2.0867586 79 79 79
0.1714020 0.3786255 2.0929604 84 84 84
0.1806270 0.3794637 2.0975943 89 89 89
0.1900977 0.3807160 2.1045165 92 92 92
0.1994295 0.3815907 2.1093516 80 80 80
0.2089519 0.3827400 2.1157045 73 73 73
0.2183573 0.3835895 2.1204004 74 74 74
0.2279869 0.3847505 2.1268187 72 72 72
0.2375500 0.3857157 2.1321535 72 72 72
0.2472812 0.3868734 2.1385531 85 85 85
0.2568182 0.3876565 2.1428823 92 92 92
0.2668858 0.3891602 2.1511946 85 85 85
0.2766854 0.3901870 2.1568704 85 85 85
0.2864092 0.3910450 2.1616130 78 78 78
0.2964994 0.3923348 2.1687431 77 77 77
0.3063134 0.3931930 2.1734867 76 76 76
0.3163847 0.3943220 2.1797276 75 75 75
0.3266370 0.3956064 2.1868272 71 71 71
0.3366087 0.3964897 2.1917105 66 66 66
0.3469715 0.3977743 2.1988111 71 71 71
0.3571390 0.3987739 2.2043366 74 74 74
0.3674213 0.3998477 2.2102723 60 60 60
0.3779777 0.4011593 2.2175226 62 62 62
0.3881194 0.4019780 2.2220488 59 59 59
0.3987304 0.4032327 2.2289844 67 67 67
0.4094043 0.4044919 2.2359447 68 68 68
0.4202030 0.4058148 2.2432573 62 62 62
0.4305267 0.4066309 2.2477684 60 60 60
0.4412810 0.4078096 2.2542844 60 60 60
0.4522464 0.4091298 2.2615819 59 59 59
0.4631415 0.4103331 2.2682333 55 55 55
0.4738356 0.4113131 2.2736511 55 55 55
0.4849268 0.4125922 2.2807217 53 53 53
0.4960464 0.4138452 2.2876477 53 53 53
0.5071235 0.4150157 2.2941179 54 54 54
0.5180489 0.4160205 2.2996719 54 54 54
0.5296117 0.4174908 2.3077998 59 59 59
0.5406718 0.4185189 2.3134830 56 56 56
0.5522776 0.4199256 2.3212588 62 62 62
0.5636693 0.4211233 2.3278792 60 60 60
0.5752446 0.4224147 2.3350184 59 59 59
0.5868385 0.4236762 2.3419912 52 52 52
0.5981849 0.4247201 2.3477621 53 53 53
0.6098914 0.4259816 2.3547354 51 51 51
0.6216923 0.4272676 2.3618438 46 46 46
0.6335920 0.4285798 2.3690975 47 47 47
0.6455683 0.4299023 2.3764081 46 46 46
0.6577423 0.4313140 2.3842115 46 46 46
0.6704245 0.4330114 2.3935945 47 47 47
0.7332724 0.4404474 2.4346988 45 45 45
0.7439913 0.4407150 2.4361784 59 59 59
0.7556126 0.4415027 2.4405324 64 64 64
0.7683133 0.4428914 2.4482090 47 47 47
0.7773073 0.4421349 2.4440272 37 37 37
0.7889962 0.4429111 2.4483178 39 39 39
0.8020332 0.4444141 2.4566262 38 38 38
0.8149520 0.4458142 2.4643652 38 38 38
1.9844011 1.0455556 5.7796073 67 67 67
2.0062625 1.0442487 5.7723832 63 63 63
2.0358579 1.0469503 5.7873173 63 63 63
2.0583012 1.0459536 5.7818074 65 65 65
2.0801611 1.0446872 5.7748070 59 59 59
2.1103547 1.0475869 5.7908363 60 60 60
2.1338344 1.0471256 5.7882862 59 59 59
2.1561582 1.0461140 5.7826943 58 58 58
2.1825991 1.0471002 5.7881455 60 60 60
2.2087672 1.0479350 5.7927608 56 56 56
2.2404499 1.0513395 5.8115797 57 57 57
2.2619872 1.0499610 5.8039594 55 55 55
2.2838590 1.0487655 5.7973514 53 53 53
2.3149798 1.0517976 5.8141122 52 52 52
2.3364067 1.0504081 5.8064313 56 56 56
2.3667126 1.0529977 5.8207459 58 58 58
2.3866887 1.0509855 5.8096228 61 61 61
2.4073608 1.0493175 5.8004026 62 62 62
2.4383192 1.0521215 5.8159022 57 57 57
2.4598680 1.0508498 5.8088732 54 54 54
2.4816279 1.0496927 5.8024769 57 57 57
2.5126259 1.0524275 5.8175941 57 57 57
2.5345962 1.0513647 5.8117189 55 55 55
2.5615864 1.0523846 5.8173566 53 53 53
2.5841587 1.0515873 5.8129497 54 54 54
2.6091378 1.0517752 5.8139887 51 51 51
2.6409242 1.0546783 5.8300357 44 44 44
-2.7704456 0.9921769 5.3596067 41 41 41
-2.7509105 0.9932840 5.3655872 47 47 47
-2.7314425 0.9944338 5.3717985 44 44 44
-2.7113030 0.9953564 5.3767824 45 45 45
-2.6915178 0.9964258 5.3825588 45 45 45
-2.6610267 0.9935161 5.3668413 46 46 46
-2.6399057 0.9940850 5.3699141 47 47 47
-2.6206875 0.9953864 5.3769445 46 46 46
-2.6009507 0.9965119 5.3830242 47 47 47
-2.5808065 0.9974997 5.3883600 48 48 48
-2.5508668 0.9946854 5.3731580 47 47 47
-2.5308924 0.9957414 5.3788619 46 46 46
-2.5097055 0.9963350 5.3820686 49 49 49
-2.4910057 0.9979360 5.3907166 48 48 48
-2.4698834 0.9985869 5.3942327 49 49 49
-2.4488580 0.9992895 5.3980284 49 49 49
-2.4195597 0.9965978 5.3834877 49 49 49
-2.3995466 0.9977158 5.3895273 52 52 52
-2.3801651 0.9991202 5.3971138 51 51 51
-2.3599772 1.0002100 5.4030008 49 49 49
-2.3407276 1.0017227 5.4111719 51 51 51
-2.3201463 1.0026896 5.4163952 47 47 47
-2.2920015 1.0003746 5.4038897 49 49 49
-2.2113295 0.9847455 5.3194637 87 87 87
-2.1301148 0.9583003 5.1766100 101 101 101
-2.0671389 0.9395976 5.0755806 92 92 92
-2.0246520 0.9299140 5.0232711 55 55 55
-1.9452242 0.9125277 4.9293528 72 72 72
-1.9270408 0.9137623 4.9360218 56 56 56
-1.9104829 0.9158029 4.9470448 44 44 44
-1.9170531 0.9500753 5.1321797 22 22 22
-1.9012998 0.9530271 5.1481247 23 23 23
-1.4544790 0.7460961 4.0303116 77 77 77
-1.4097042 0.7316779 3.9524264 77 77 77
-1.3619103 0.7153289 3.8641114 71 71 71
-1.3229207 0.7032644 3.7989402 53 53 53
-1.2829233 0.6903617 3.7292418 52 52 52
-1.2516383 0.6818852 3.6834531 51 51 51
-1.2117375 0.6684430 3.6108396 64 64 64
-1.1791236 0.6587294 3.5583684 68 68 68
-1.1453030 0.6480827 3.5008562 70 70 70
-1.1069285 0.6345474 3.4277399 62 62 62
-1.0337384 0.6084826 3.2869415 50 50 50
-1.0119783 0.6037697 3.2614832 68 68 68
-0.9816489 0.5937439 3.2073250 72 72 72
-0.9511611 0.5833408 3.1511290 74 74 74
-0.9268146 0.5764626 3.1139741 84 84 84
-0.8984084 0.5668255 3.0619156 83 83 83
-0.8752895 0.5602918 3.0266216 72 72 72
-0.8489282 0.5514585 2.9789050 55 55 55
-0.8261546 0.5447254 2.9425337 80 80 80
-0.8007582 0.5360312 2.8955691 107 107 107
-0.7796618 0.5299909 2.8629398 94 94 94
-0.7552146 0.5214468 2.8167863 76 76 76
-0.7348377 0.5154851 2.7845817 77 77 77
-0.7124892 0.5079242 2.7437387 75 75 75
-0.6930874 0.5022489 2.7130818 73 73 73
-0.6714475 0.4947342 2.6724880 58 58 58
-0.6517757 0.4884377 2.6384752 55 55 55
-0.6354858 0.4845010 2.6172094 46 46 46
-0.5927597 0.4681884 2.5290911 79 79 79
-0.5761337 0.4633939 2.5031919 73 73 73
-0.5586589 0.4577250 2.4725692 72 72 72
-0.5417576 0.4523194 2.4433687 90 90 90
-0.5251626 0.4469647 2.4144433 99 99 99
-0.5092983 0.4420324 2.3878002 85 85 85
-0.4935456 0.4370002 2.3606164 90 90 90
-0.4776917 0.4316692 2.3318193 85 85 85
-0.4624663 0.4266941 2.3049443 57 57 57
-0.4470853 0.4213587 2.2761233 40 40 40
-0.4325806 0.4166331 2.2505965 42 42 42
-0.4185424 0.4121549 2.2264061 47 47 47
-0.4046834 0.4076518 2.2020807 42 42 42
-0.3909835 0.4031012 2.1774988 39 39 39
-0.3774895 0.3985491 2.1529088 49 49 49
-0.3644747 0.3942910 2.1299074 54 54 54
-0.3517434 0.3901322 2.1074419 56 56 56
-0.3391416 0.3859051 2.0846078 58 58 58
-0.3280036 0.3831630 2.0697951 64 64 64
-0.3159066 0.3791201 2.0479562 73 73 73
-0.3041407 0.3752586 2.0270967 70 70 70
-0.2922933 0.3710701 2.0044711 65 65 65
-0.2809970 0.3673527 1.9843900 68 68 68
-0.2706921 0.3647430 1.9702928 69 69 69
-0.2595535 0.3608089 1.9490415 65 65 65
-0.2477259 0.3556285 1.9210575 75 75 75
-0.2376105 0.3526390 1.9049089 89 89 89
-0.2269611 0.3486199 1.8831981 84 84 84
-0.2173088 0.3458966 1.8684872 71 71 71
-0.2087303 0.3447417 1.8622488 62 62 62
-0.2011958 0.3452884 1.8652017 69 69 69
-0.1939045 0.3463138 1.8707411 74 74 74
-0.1863901 0.3470109 1.8745068 76 76 76
-0.1789760 0.3479647 1.8796591 75 75 75
-0.1714045 0.3486867 1.8835591 72 72 72
-0.1637952 0.3493982 1.8874024 74 74 74
-0.1562559 0.3503395 1.8924873 70 70 70
-0.1489667 0.3519728 1.9013102 75 75 75
-0.1412704 0.3527755 1.9056462 90 90 90
-0.1335490 0.3536085 1.9101459 87 87 87
-0.1257594 0.3543565 1.9141862 83 83 83
-0.1180544 0.3554615 1.9201558 76 76 76
-0.1101983 0.3562410 1.9243662 80 80 80
-0.1023287 0.3570971 1.9289911 81 81 81
-0.0944928 0.3582287 1.9351035 85 85 85
-0.0865162 0.3589909 1.9392210 87 87 87
-0.0785075 0.3597648 1.9434015 87 87 87
-0.0705198 0.3608268 1.9491383 83 83 83
-0.0624478 0.3616804 1.9537489 85 85 85
-0.0543271 0.3624685 1.9580061 82 82 82
-0.0462082 0.3635537 1.9638684 82 82 82
-0.0380115 0.3643669 1.9682615 80 80 80
-0.0297802 0.3652108 1.9728200 80 80 80
-0.0215039 0.3659416 1.9767678 83 83 83
-0.0132136 0.3672104 1.9836214 85 85 85
-0.0048580 0.3679038 1.9873674 82 82 82
0.0035340 0.3690937 1.9937946 79 79 79
0.0119675 0.3698898 1.9980953 80 80 80
0.0204395 0.3707262 2.0026133 79 79 79
0.0289718 0.3718478 2.0086722 71 71 71
0.0375213 0.3726323 2.0129101 80 80 80
0.0461311 0.3736164 2.0182257 80 80 80
0.0547956 0.3746675 2.0239038 82 82 82
0.0634830 0.3755710 2.0287845 81 81 81
0.0722339 0.3765906 2.0342920 79 79 79
0.0810199 0.3775578 2.0395172 78 78 78
0.0898311 0.3784451 2.0443099 77 77 77
0.0987517 0.3795979 2.0505371 72 72 72
0.1076522 0.3804940 2.0553775 64 64 64
0.1165871 0.3813688 2.0601034 73 73 73
0.1256739 0.3825850 2.0666728 73 73 73
0.1346805 0.3834149 2.0711560 73 73 73
0.1438457 0.3845677 2.0773835 76 76 76
0.1529669 0.3854774 2.0822973 74 74 74
0.1622473 0.3866677 2.0887272 83 83 83
0.1714399 0.3875371 2.0934234 92 92 92
0.1806854 0.3884349 2.0982733 91 91 91
0.1901337 0.3896645 2.1049159 82 82 82
0.1994325 0.3904917 2.1093841 84 84 84
0.2090338 0.3918153 2.1165338 90 90 90
0.2186139 0.3929923 2.1228919 76 76 76
0.2280469 0.3938228 2.1273780 61 61 61
0.2377478 0.3950355 2.1339290 83 83 83
0.2474139 0.3961041 2.1397016 84 84 84
0.2571277 0.3971710 2.1454649 96 96 96
0.2668738 0.3982137 2.1510973 97 97 97
0.2767102 0.3993183 2.1570640 87 87 87
0.2864834 0.4002641 2.1621733 79 79 79
0.2965555 0.4015563 2.1691537 73 73 73
0.3065844 0.4027145 2.1754098 70 70 70
0.3165269 0.4036952 2.1807075 67 67 67
0.3267741 0.4049980 2.1877451 63 63 63
0.3367394 0.4058895 2.1925611 61 61 61
0.3470476 0.4071358 2.1992931 66 66 66
0.3574153 0.4083851 2.2060418 71 71 71
0.3675877 0.4093536 2.2112732 62 62 62
0.3780733 0.4106143 2.2180834 58 58 58
0.3886047 0.4118626 2.2248268 58 58 58
0.3988074 0.4127120 2.2294149 62 62 62
0.4094833 0.4140006 2.2363758 65 65 65
0.4201460 0.4152182 2.2429533 62 62 62
0.4308543 0.4164262 2.2494786 61 61 61
0.4414494 0.4174752 2.2551451 58 58 58
0.4523907 0.4188003 2.2623034 54 54 54
0.4632422 0.4199893 2.2687263 55 55 55
0.4742898 0.4213044 2.2758303 54 54 54
0.4849475 0.4222279 2.2808187 55 55 55
0.4961145 0.4235502 2.2879620 60 60 60
0.5073246 0.4248583 2.2950277 60 60 60
0.5184304 0.4260316 2.3013659 58 58 58
0.5296220 0.4272310 2.3078446 60 60 60
0.5408687 0.4284307 2.3143256 60 60 60
0.5524264 0.4298300 2.3218842 62 62 62
0.5638396 0.4310700 2.3285825 58 58 58
0.5755236 0.4324711 2.3361509 54 54 54
0.5871925 0.4338138 2.3434041 50 50 50
0.5993090 0.4354373 2.3521743 47 47 47
0.6116475 0.4371666 2.3615155 48 48 48
0.6486822 0.4420455 2.3878706 35 35 35
0.6591612 0.4423202 2.3893545 44 44 44
0.6701631 0.4429323 2.3926613 57 57 57
0.6818630 0.4439808 2.3983247 67 67 67
0.6940889 0.4453360 2.4056458 63 63 63
0.7063012 0.4466436 2.4127092 66 66 66
0.7187452 0.4480586 2.4203527 71 71 71
0.7310935 0.4493750 2.4274638 73 73 73
0.7432320 0.4505280 2.4336922 74 74 74
0.7560912 0.4520805 2.4420784 69 69 69
0.7682862 0.4531994 2.4481230 52 52 52
0.7783706 0.4530602 2.4473708 41 41 41
0.7892815 0.4533994 2.4492028 40 40 40
0.8025115 0.4550448 2.4580910 34 34 34
0.8155529 0.4565427 2.4661825 33 33 33
1.9535959 1.0533186 5.6898866 65 65 65
1.9833128 1.0563669 5.7063527 67 67 67
2.0051956 1.0552194 5.7001538 69 69 69
2.0268784 1.0539950 5.6935406 64 64 64
2.0558829 1.0565622 5.7074080 66 66 66
2.0767906 1.0549568 5.6987357 66 66 66
2.0988057 1.0539443 5.6932664 65 65 65
2.1287873 1.0569102 5.7092872 62 62 62
2.1512589 1.0561225 5.7050333 60 60 60
2.1788349 1.0578307 5.7142596 59 59 59
2.2024195 1.0575848 5.7129312 59 59 59
2.2260833 1.0573817 5.7118344 58 58 58
2.2561159 1.0601759 5.7269287 54 54 54
2.2775371 1.0589070 5.7200747 53 53 53
2.2989023 1.0576391 5.7132249 51 51 51
2.3299170 1.0607908 5.7302504 49 49 49
2.3507180 1.0592754 5.7220640 48 48 48
2.3812716 1.0621407 5.7375422 52 52 52
2.4025843 1.0608680 5.7306671 54 54 54
2.4235945 1.0594884 5.7232151 52 52 52
2.4508917 1.0608574 5.7306099 56 56 56
2.4719965 1.0595454 5.7235231 55 55 55
2.5039482 1.0628631 5.7414446 54 54 54
2.5252473 1.0616387 5.7348304 55 55 55
2.5456152 1.0600499 5.7262478 53 53 53
2.5747578 1.0621104 5.7373786 54 54 54
2.5977359 1.0616134 5.7346940 55 55 55
2.6291637 1.0645469 5.7505407 51 51 51
-2.7366574 1.0024019 5.2942419 46 46 46
-2.7170286 1.0033978 5.2995019 43 43 43
-2.6981957 1.0047066 5.3064141 46 46 46
-2.6674588 1.0015676 5.2898355 46 46 46
-2.6484237 1.0028065 5.2963786 47 47 47
-2.6285272 1.0037374 5.3012953 46 46 46
-2.6095772 1.0050490 5.3082223 47 47 47
-2.5895872 1.0059792 5.3131351 50 50 50
-2.5597160 1.0030535 5.2976832 47 47 47
-2.5399425 1.0040681 5.3030419 48 48 48
-2.5201030 1.0050744 5.3083563 49 49 49
-2.5006206 1.0062425 5.3145256 46 46 46
-2.4808695 1.0073224 5.3202300 49 49 49
-2.4607716 1.0082802 5.3252883 49 49 49
-2.4312124 1.0053431 5.3097754 51 51 51
-2.4118450 1.0066050 5.3164406 52 52 52
-2.3922908 1.0078119 5.3228149 52 52 52
-2.3715088 1.0085195 5.3265524 54 54 54
-2.3523369 1.0099320 5.3340125 53 53 53
-2.3239007 1.0073559 5.3204064 52 52 52
-2.3038645 1.0084063 5.3259540 52 52 52
-2.2839935 1.0095503 5.3319964 48 48 48
-2.2647636 1.0110033 5.3396702 51 51 51
-2.1353273 0.9825282 5.1892776 93 93 93
-2.0707085 0.9626606 5.0843453 85 85 85
-2.0365345 0.9566789 5.0527530 57 57 57
-1.9460604 0.9337158 4.9314723 72 72 72
-1.9276059 0.9348513 4.9374690 53 53 53
-1.9112710 0.9370507 4.9490857 44 44 44
-1.9103285 0.9793652 5.1725717 26 26 26
-1.4555361 0.7636464 4.0332408 57 57 57
-1.4119996 0.7495636 3.9588618 68 68 68
-1.3631305 0.7322792 3.8675733 70 70 70
-1.3243903 0.7200834 3.8031602 55 55 55
-1.2848318 0.7071381 3.7347894 54 54 54
-1.2472049 0.6949479 3.6704061 52 52 52
-1.2156448 0.6858742 3.6224830 58 58 58
-1.1801453 0.6743187 3.5614517 64 64 64
-1.1461084 0.6633117 3.5033178 70 70 70
-1.1074457 0.6493052 3.4293418 67 67 67
-1.0352589 0.6232588 3.2917762 51 51 51
-0.9830321 0.6081247 3.2118444 83 83 83
-0.9528074 0.5976616 3.1565831 76 76 76
-0.9278516 0.5902538 3.1174586 74 74 74
-0.8996165 0.5805171 3.0660331 85 85 85
-0.8720740 0.5709497 3.0155027 75 75 75
-0.8496701 0.5645133 2.9815085 51 51 51
-0.8233904 0.5552698 2.9326885 73 73 73
-0.8017402 0.5489141 2.8991201 107 107 107
-0.7802361 0.5424630 2.8650486 100 100 100
-0.7559202 0.5338234 2.8194180 77 77 77
-0.7354483 0.5276656 2.7868953 89 89 89
-0.7126021 0.5195767 2.7441735 79 79 79
-0.6935983 0.5140685 2.7150817 79 79 79
-0.6724300 0.5067443 2.6763983 58 58 58
-0.6488118 0.4972923 2.6264770 53 53 53
-0.6356377 0.4956560 2.6178350 45 45 45
-0.5937505 0.4796539 2.5333188 77 77 77
-0.5768368 0.4745281 2.5062466 63 63 63
-0.5592288 0.4686293 2.4750919 62 62 62
-0.5423010 0.4630869 2.4458191 81 81 81
-0.5259929 0.4578691 2.4182611 94 94 94
-0.5098131 0.4525587 2.3902142 96 96 96
-0.4939843 0.4473521 2.3627150 104 104 104
-0.4779951 0.4417828 2.3333004 105 105 105
-0.4634276 0.4373211 2.3097358 90 90 90
-0.4489413 0.4327460 2.2855718 70 70 70
-0.4331240 0.4266591 2.2534237 50 50 50
-0.4189718 0.4219761 2.2286906 53 53 53
-0.4052690 0.4175412 2.2052674 42 42 42
-0.3914716 0.4127983 2.1802173 38 38 38
-0.3778102 0.4079740 2.1547375 48 48 48
-0.3649380 0.4037853 2.1326146 48 48 48
-0.3517247 0.3989980 2.1073301 55 55 55
-0.3393136 0.3948959 2.0856650 56 56 56
-0.3273625 0.3911253 2.0657504 56 56 56
-0.3155668 0.3873392 2.0457537 65 65 65
-0.3044756 0.3842294 2.0293288 70 70 70
-0.2925002 0.3797915 2.0058901 71 71 71
-0.2811548 0.3759317 1.9855043 71 71 71
-0.2708836 0.3733154 1.9716860 65 65 65
-0.2597784 0.3693477 1.9507306 62 62 62
-0.2480370 0.3641863 1.9234703 76 76 76
-0.2377566 0.3608936 1.9060795 88 88 88
-0.2271359 0.3568359 1.8846486 80 80 80
-0.2168875 0.3530900 1.8648646 67 67 67
-0.2014069 0.3535244 1.8671587 71 71 71
-0.1939996 0.3543765 1.8716590 74 74 74
-0.1865116 0.3551470 1.8757288 76 76 76
-0.1789737 0.3558865 1.8796341 75 75 75
-0.1715030 0.3568346 1.8846419 74 74 74
-0.1638823 0.3575475 1.8884070 75 75 75
-0.1564472 0.3587586 1.8948034 76 76 76
-0.1490455 0.3601809 1.9023159 77 77 77
-0.1413288 0.3609606 1.9064333 87 87 87
-0.1336200 0.3618558 1.9111618 87 87 87
-0.1259230 0.3628999 1.9166758 89 89 89
-0.1180765 0.3636266 1.9205143 86 86 86
-0.1102515 0.3645317 1.9252946 85 85 85
-0.1023785 0.3654093 1.9299294 88 88 88
-0.0945487 0.3666057 1.9362485 93 93 93
-0.0865288 0.3672217 1.9395020 94 94 94
-0.0785337 0.3680828 1.9440496 88 88 88
-0.0705566 0.3692387 1.9501550 86 86 86
-0.0624640 0.3700154 1.9542571 90 90 90
-0.0543555 0.3709196 1.9590328 84 84 84
-0.0462169 0.3719051 1.9642375 84 84 84
-0.0380284 0.3728328 1.9691374 82 82 82
-0.0297845 0.3735836 1.9731028 85 85 85
-0.0215325 0.3747749 1.9793947 87 87 87
-0.0132162 0.3756469 1.9840003 87 87 87
-0.0048599 0.3764376 1.9881761 82 82 82
0.0035351 0.3776113 1.9943753 80 80 80
0.0119723 0.3784668 1.9988934 84 84 84
0.0204454 0.3792810 2.0031941 78 78 78
0.0289835 0.3804715 2.0094817 74 74 74
0.0375321 0.3812309 2.0134923 82 82 82
0.0461761 0.3825000 2.0201950 84 84 84
0.0548154 0.3833407 2.0246351 82 82 82
0.0635108 0.3842947 2.0296736 87 87 87
0.0722654 0.3853374 2.0351810 96 96 96
0.0810434 0.3862704 2.0401089 99 99 99
0.0898671 0.3872210 2.0451295 101 101 101
0.0987595 0.3882756 2.0506995 91 91 91
0.1076672 0.3892155 2.0556631 82 82 82
0.1167229 0.3905103 2.0625021 74 74 74
0.1256844 0.3913326 2.0668452 74 74 74
0.1347577 0.3923736 2.0723429 76 76 76
0.1438928 0.3934568 2.0780642 80 80 80
0.1530168 0.3943870 2.0829768 82 82 82
0.1623057 0.3956181 2.0894792 83 83 83
0.1714906 0.3964821 2.0940423 83 83 83
0.1809007 0.3977565 2.1007729 78 78 78
0.1902674 0.3988210 2.1063952 70 70 70
0.1995733 0.3996688 2.1108732 75 75 75
0.2090598 0.4007903 2.1167965 72 72 72
0.2186697 0.4020471 2.1234343 56 56 56
0.2281509 0.4029775 2.1283479 74 74 74
0.2378656 0.4042343 2.1349859 83 83 83
0.2474596 0.4052019 2.1400962 77 77 77
0.2572543 0.4064184 2.1465216 79 79 79
0.2669325 0.4073744 2.1515703 71 71 71
0.2767538 0.4084788 2.1574035 67 67 67
0.2868809 0.4099499 2.1651731 63 63 63
0.2966217 0.4107951 2.1696372 66 66 66
0.3067633 0.4121284 2.1766791 67 67 67
0.3165881 0.4129708 2.1811285 63 63 63
0.3268254 0.4142886 2.1880884 63 63 63
0.3370596 0.4155303 2.1946464 60 60 60
0.3471643 0.4165501 2.2000327 66 66 66
0.3575326 0.4178250 2.2067661 65 65 65
0.3679008 0.4190350 2.2131567 62 62 62
0.3780864 0.4199823 2.2181602 62 62 62
0.3886821 0.4213285 2.2252703 58 58 58
0.3992481 0.4225798 2.2318788 61 61 61
0.4095806 0.4235319 2.2369075 63 63 63
0.4202884 0.4248205 2.2437134 58 58 58
0.4309639 0.4260205 2.2500510 59 59 59
0.4419034 0.4274241 2.2574644 59 59 59
0.4523956 0.4283450 2.2623279 57 57 57
0.4633658 0.4296710 2.2693315 57 57 57
0.4743636 0.4309686 2.2761846 54 54 54
0.4854831 0.4323230 2.2833381 55 55 55
0.4962102 0.4332820 2.2884033 60 60 60
0.5075197 0.4347034 2.2959104 58 58 58
0.5188353 0.4360766 2.3031631 52 52 52
0.5301799 0.4374233 2.3102758 50 50 50
0.5418571 0.4389909 2.3185549 46 46 46
0.5538304 0.4407386 2.3277853 48 48 48
0.5657738 0.4424020 2.3365707 45 45 45
0.5775950 0.4439145 2.3445590 38 38 38
0.5888568 0.4449534 2.3500459 43 43 43
0.5998309 0.4457441 2.3542223 58 58 58
0.6110457 0.4466850 2.3591919 67 67 67
0.6225993 0.4478396 2.3652897 66 66 66
0.6343873 0.4491236 2.3720713 68 68 68
0.6463761 0.4505077 2.3793817 72 72 72
0.6578351 0.4514859 2.3845479 66 66 66
0.6700155 0.4529223 2.3921344 67 67 67
0.6821623 0.4542937 2.3993778 64 64 64
0.6940525 0.4554567 2.4055197 63 63 63
0.7064569 0.4569186 2.4132411 68 68 68
0.7188126 0.4583081 2.4205799 69 69 69
0.7313176 0.4597524 2.4282081 69 69 69
0.7432227 0.4607850 2.4336617 72 72 72
0.7564265 0.4625836 2.4431612 69 69 69
0.7686470 0.4637407 2.4492724 54 54 54
0.7794335 0.4640134 2.4507129 46 46 46
0.7907898 0.4646138 2.4538834 34 34 34
0.8034326 0.4659446 2.4609125 32 32 32
0.8167155 0.4676081 2.4696982 31 31 31
1.9306279 1.0646470 5.6229925 68 68 68
1.9524360 1.0636098 5.6175146 67 67 67
1.9740582 1.0624975 5.6116400 69 69 69
2.0037718 1.0657151 5.6286335 66 66 66
2.0252573 1.0645323 5.6223865 64 64 64
2.0468414 1.0634282 5.6165552 62 62 62
2.0763481 1.0664183 5.6323476 64 64 64
2.0972617 1.0649774 5.6247373 60 60 60
2.1185472 1.0637554 5.6182833 63 63 63
2.1472914 1.0662642 5.6315336 60 60 60
2.1681740 1.0648568 5.6241007 57 57 57
2.1955659 1.0666424 5.6335316 55 55 55
2.2196801 1.0668143 5.6344395 57 57 57
2.2406514 1.0654882 5.6274357 56 56 56
2.2700887 1.0681735 5.6416178 55 55 55
2.2918231 1.0672160 5.6365614 53 53 53
2.3129852 1.0660146 5.6302156 52 52 52
2.3431547 1.0689466 5.6457014 50 50 50
2.3636761 1.0674626 5.6378632 50 50 50
2.3943851 1.0705631 5.6542382 50 50 50
2.4151855 1.0692157 5.6471224 49 49 49
2.4358265 1.0678250 5.6397772 50 50 50
2.4643984 1.0699041 5.6507583 54 54 54
2.4849977 1.0685154 5.6434240 54 54 54
2.5134547 1.0704997 5.6539040 53 53 53
2.5338378 1.0690403 5.6461964 57 57 57
2.5556278 1.0681962 5.6417375 58 58 58
2.5856552 1.0707788 5.6553783 55 55 55
2.6057897 1.0692549 5.6473289 52 52 52
2.6365371 1.0720738 5.6622181 53 53 53
-2.7035668 1.0123369 5.2302260 44 44 44
-2.6807325 1.0120429 5.2287068 42 42 42
-2.6564696 1.0112002 5.2243533 44 44 44
-2.6364801 1.0119838 5.2284012 43 43 43
-2.6172435 1.0130719 5.2340236 45 45 45
-2.5980074 1.0141789 5.2397428 46 46 46
-2.5486236 1.0121168 5.2290888 47 47 47
-2.5303233 1.0136192 5.2368512 46 46 46
-2.5101469 1.0143899 5.2408328 46 46 46
-2.4912422 1.0156928 5.2475643 47 47 47
-2.4722395 1.0169786 5.2542076 48 48 48
-2.4431703 1.0141095 5.2393842 48 48 48
-2.4232025 1.0150001 5.2439857 51 51 51
-2.4041471 1.0162929 5.2506647 50 50 50
-2.3836868 1.0170103 5.2543712 50 50 50
-2.3641315 1.0181309 5.2601609 49 49 49
-2.3351386 1.0151700 5.2448626 55 55 55
-2.3155704 1.0162888 5.2506433 51 51 51
-2.2959995 1.0174279 5.2565289 50 50 50
-2.2766750 1.0186996 5.2630992 49 49 49
-2.2581787 1.0203705 5.2717319 50 50 50
-2.2387223 1.0216366 5.2782726 50 50 50
-2.2110043 1.0191199 5.2652702 47 47 47
-2.0766585 0.9869287 5.0989547 73 73 73
-2.0456469 0.9823620 5.0753608 67 67 67
-1.9471414 0.9550418 4.9342113 72 72 72
-1.9285980 0.9561642 4.9400105 52 52 52
-1.9120642 0.9583184 4.9511395 40 40 40
-1.9115312 1.0018080 5.1758285 26 26 26
-1.4564137 0.7811250 4.0356727 56 56 56
-1.4143662 0.7675422 3.9654975 64 64 64
-1.3656420 0.7499678 3.8746989 66 66 66
-1.2858092 0.7234374 3.7376304 52 52 52
-1.2483650 0.7110866 3.6738203 55 55 55
-1.2125641 0.6993732 3.6133029 63 63 63
-1.1837975 0.6914704 3.5724733 59 59 59
-1.1475260 0.6789238 3.5076511 67 67 67
-1.1103171 0.6654876 3.4382334 62 62 62
-1.0367584 0.6380629 3.2965441 48 48 48
-1.0105871 0.6304089 3.2569995 74 74 74
-0.9838691 0.6221982 3.2145791 87 87 87
-0.9539253 0.6116896 3.1602867 87 87 87
-0.9292485 0.6043084 3.1221519 89 89 89
-0.9010803 0.5944119 3.0710218 88 88 88
-0.8731830 0.5844082 3.0193374 82 82 82
-0.8501594 0.5774185 2.9832256 74 74 74
-0.8234482 0.5676767 2.9328947 74 74 74
-0.8021818 0.5614486 2.9007170 101 101 101
-0.7779171 0.5528966 2.8565335 96 96 96
-0.7567847 0.5463368 2.8226423 79 79 79
-0.7360759 0.5398781 2.7892737 98 98 98
-0.7132992 0.5316683 2.7468576 88 88 88
-0.6935174 0.5254566 2.7147651 86 86 86
-0.6498562 0.5091863 2.6307049 51 51 51
-0.6360561 0.5070288 2.6195581 42 42 42
-0.5915713 0.4885371 2.5240207 76 76 76
-0.5774495 0.4856121 2.5089087 56 56 56
-0.5600098 0.4797357 2.4785483 58 58 58
-0.5429665 0.4739817 2.4488208 76 76 76
-0.5263875 0.4684178 2.4200747 92 92 92
-0.5101381 0.4629330 2.3917377 96 96 96
-0.4944667 0.4577621 2.3650219 107 107 107
-0.4772098 0.4508803 2.3294673 115 115 115
-0.4621450 0.4458238 2.3033433 109 109 109
-0.4474517 0.4409164 2.2779889 95 95 95
-0.4333164 0.4363554 2.2544250 75 75 75
-0.4201584 0.4325961 2.2350025 60 60 60
-0.4057165 0.4273120 2.2077022 46 46 46
-0.3921309 0.4227028 2.1838889 36 36 36
-0.3781307 0.4174143 2.1565657 48 48 48
-0.3653143 0.4132040 2.1348133 50 50 50
-0.3526333 0.4089381 2.1127737 48 48 48
-0.3397155 0.4041692 2.0881352 53 53 53
-0.3276129 0.4001423 2.0673299 57 57 57
-0.3159455 0.3964413 2.0482090 60 60 60
-0.3046785 0.3930486 2.0306809 65 65 65
-0.2928143 0.3886671 2.0080440 69 69 69
-0.2811864 0.3843478 1.9857280 69 69 69
-0.2599846 0.3778735 1.9522789 70 70 70
-0.2484336 0.3728928 1.9265460 78 78 78
-0.2273200 0.3650790 1.8861760 81 81 81
-0.2170460 0.3612178 1.8662274 71 71 71
-0.2088802 0.3607066 1.8635862 66 66 66
-0.2015070 0.3615778 1.8680871 72 72 72
-0.1940197 0.3623065 1.8718522 77 77 77
-0.1865525 0.3631364 1.8761394 77 77 77
-0.1790620 0.3639924 1.8805622 80 80 80
-0.1715333 0.3648464 1.8849742 77 77 77
-0.1641153 0.3660303 1.8910911 78 78 78
-0.1565007 0.3668745 1.8954524 75 75 75
-0.1490724 0.3682694 1.9026592 74 74 74
-0.1413769 0.3691255 1.9070822 85 85 85
-0.1337265 0.3702099 1.9126847 87 87 87
-0.1259697 0.3711201 1.9173872 90 90 90
-0.1181249 0.3718778 1.9213020 84 84 84
-0.1102881 0.3727743 1.9259340 83 83 83
-0.1024945 0.3739710 1.9321167 85 85 85
-0.0945517 0.3747829 1.9363115 88 88 88
-0.0865678 0.3755699 1.9403774 90 90 90
-0.0786253 0.3767197 1.9463173 86 86 86
-0.0705640 0.3775018 1.9503580 85 85 85
-0.0624896 0.3784110 1.9550558 86 86 86
-0.0543636 0.3792372 1.9593241 86 86 86
-0.0462410 0.3803868 1.9652636 83 83 83
-0.0380368 0.3812205 1.9695709 83 83 83
-0.0298042 0.3821569 1.9744089 82 82 82
-0.0215381 0.3832224 1.9799139 84 84 84
-0.0132206 0.3841408 1.9846588 85 85 85
-0.0048653 0.3852457 1.9903672 77 77 77
0.0035353 0.3860510 1.9945276 77 77 77
0.0119733 0.3869274 1.9990556 73 73 73
0.0204657 0.3881123 2.0051775 64 64 64
0.0289857 0.3889748 2.0096333 79 79 79
0.0375446 0.3898512 2.0141613 82 82 82
0.0461828 0.3910758 2.0204880 85 85 85
0.0548336 0.3920084 2.0253065 85 85 85
0.0635541 0.3931214 2.0310566 86 86 86
0.0722815 0.3940070 2.0356324 88 88 88
0.0810585 0.3949468 2.0404880 85 85 85
0.0899631 0.3962683 2.0473151 78 78 78
0.0987960 0.3970698 2.0514560 76 76 76
0.1077348 0.3981340 2.0569541 76 76 76
0.1167449 0.3992832 2.0628917 68 68 68
0.1257428 0.4002342 2.0678048 67 67 67
0.1348625 0.4014245 2.0739546 70 70 70
0.1439248 0.4023093 2.0785263 74 74 74
0.1531791 0.4035983 2.0851858 75 75 75
0.1623824 0.4046206 2.0904670 77 77 77
0.1715815 0.4055274 2.0951519 75 75 75
0.1809405 0.4067048 2.1012356 66 66 66
0.1902839 0.4077390 2.1065784 68 68 68
0.1997414 0.4089144 2.1126511 65 65 65
0.2090927 0.4097813 2.1171300 70 70 70
0.2187344 0.4111230 2.1240621 62 62 62
0.2281865 0.4120170 2.1286807 76 76 76
0.2379171 0.4133269 2.1354485 80 80 80
0.2475232 0.4143331 2.1406469 73 73 73
0.2572670 0.4154907 2.1466274 73 73 73
0.2671979 0.4168616 2.1537104 65 65 65
0.2769177 0.4178238 2.1586814 68 68 68
0.2868681 0.4190615 2.1650763 68 68 68
0.2966603 0.4199991 2.1699200 71 71 71
0.3068441 0.4214183 2.1772523 71 71 71
0.3169177 0.4226081 2.1833997 72 72 72
0.3269660 0.4236979 2.1890297 67 67 67
0.3371554 0.4249057 2.1952701 62 62 62
0.3472185 0.4258940 2.2003760 60 60 60
0.3576250 0.4272412 2.2073364 60 60 60
0.3680423 0.4285325 2.2140079 56 56 56
0.3782332 0.4295029 2.2190213 57 57 57
0.3887314 0.4307669 2.2255521 59 59 59
0.3992845 0.4320308 2.2320819 64 64 64
0.4098764 0.4332775 2.2385230 63 63 63
0.4206252 0.4346302 2.2455113 63 63 63
0.4311361 0.4356828 2.2509499 62 62 62
0.4419605 0.4370001 2.2577558 64 64 64
0.4528568 0.4383315 2.2646341 59 59 59
0.4635309 0.4393972 2.2701402 54 54 54
0.4745453 0.4407358 2.2770562 51 51 51
0.4858523 0.4422877 2.2850742 50 50 50
0.4974101 0.4440032 2.2939370 45 45 45
0.5091882 0.4458461 2.3034580 40 40 40
0.5208122 0.4474875 2.3119385 41 41 41
0.5315389 0.4483119 2.3161976 48 48 48
0.5425339 0.4493287 2.3214512 63 63 63
0.5534253 0.4502251 2.3260825 74 74 74
0.5647548 0.4514406 2.3323622 71 71 71
0.5759239 0.4524884 2.3377757 72 72 72
0.5874943 0.4538110 2.3446088 71 71 71
0.5993258 0.4552881 2.3522401 64 64 64
0.6109092 0.4565316 2.3586650 63 63 63
0.6227606 0.4579325 2.3659024 61 61 61
0.6346425 0.4593112 2.3730257 60 60 60
0.6466214 0.4607162 2.3802845 59 59 59
0.6586332 0.4621014 2.3874412 59 59 59
0.6707474 0.4635156 2.3947475 56 56 56
0.6828187 0.4648586 2.4016860 59 59 59
0.6950322 0.4662578 2.4089153 59 59 59
0.7067211 0.4672699 2.4141440 59 59 59
0.7191253 0.4687193 2.4216325 63 63 63
0.7316769 0.4702230 2.4294012 62 62 62
0.7441628 0.4716434 2.4367402 64 64 64
0.7566419 0.4730210 2.4438570 64 64 64
0.7688655 0.4742039 2.4499686 49 49 49
0.7798074 0.4745755 2.4518883 49 49 49
0.7925538 0.4760211 2.4593570 44 44 44
0.8053805 0.4774770 2.4668791 48 48 48
0.8182911 0.4789449 2.4744625 50 50 50
1.9015210 1.0719502 5.5382175 68 68 68
1.9225022 1.0706286 5.5313892 66 66 66
1.9514427 1.0737181 5.5473509 67 67 67
1.9728525 1.0726398 5.5417805 66 66 66
1.9940051 1.0714487 5.5356264 61 61 61
2.0228617 1.0743768 5.5507545 61 61 61
2.0438132 1.0730875 5.5440931 59 59 59
2.0648007 1.0718459 5.5376787 60 60 60
2.0942390 1.0749699 5.5538187 58 58 58
2.1148562 1.0735471 5.5464678 58 58 58
2.1446514 1.0767634 5.5630846 56 56 56
2.1648715 1.0751547 5.5547733 55 55 55
2.1855443 1.0738029 5.5477896 57 57 57
2.2143009 1.0764093 5.5612555 56 56 56
2.2346103 1.0748979 5.5534468 56 56 56
2.2553763 1.0736353 5.5469236 54 54 54
2.2855115 1.0768126 5.5633392 51 51 51
2.3060577 1.0754538 5.5563183 53 53 53
2.3350129 1.0780042 5.5694952 52 52 52
2.3557966 1.0767689 5.5631132 53 53 53
2.3769293 1.0757160 5.5576735 50 50 50
2.4062684 1.0783612 5.5713396 49 49 49
2.4271808 1.0772154 5.5654202 48 48 48
2.4775758 1.0787206 5.5731964 44 44 44
2.4974065 1.0771372 5.5650158 48 48 48
2.5258956 1.0792829 5.5761013 55 55 55
2.5446734 1.0772778 5.5657425 56 56 56
2.5745690 1.0799730 5.5796671 56 56 56
2.5951612 1.0787522 5.5733595 53 53 53
-2.6623306 1.0186154 5.1504517 43 43 43
-2.6443901 1.0200729 5.1578217 40 40 40
-2.6249001 1.0209521 5.1622672 47 47 47
-2.6042871 1.0214056 5.1645598 43 43 43
-2.5858433 1.0227245 5.1712289 45 45 45
-2.5580745 1.0203464 5.1592040 46 46 46
-2.5386379 1.0212796 5.1639223 46 46 46
-2.5202417 1.0226510 5.1708570 49 49 49
-2.5004642 1.0234810 5.1750536 44 44 44
-2.4816682 1.0247308 5.1813736 45 45 45
-2.4535882 1.0221353 5.1682496 48 48 48
-2.4334869 1.0228468 5.1718473 46 46 46
-2.4146814 1.0241209 5.1782894 49 49 49
-2.3951330 1.0251002 5.1832414 48 48 48
-2.3756347 1.0261192 5.1883936 48 48 48
-2.3555706 1.0269105 5.1923947 51 51 51
-2.3276215 1.0242469 5.1789269 50 50 50
-2.3078115 1.0251483 5.1834846 50 50 50
-2.2883170 1.0262085 5.1888447 50 50 50
-2.2688684 1.0273099 5.1944141 51 51 51
-2.2509375 1.0291266 5.2035999 50 50 50
-2.2233355 1.0265139 5.1903896 48 48 48
-2.2039645 1.0276875 5.1963234 49 49 49
-2.1853232 1.0292282 5.2041140 47 47 47
-2.0484459 1.0051379 5.0823054 78 78 78
-1.9481266 0.9763428 4.9367080 74 74 74
-1.9292985 0.9773508 4.9418044 50 50 50
-1.9127417 0.9795439 4.9528937 38 38 38
-1.4572806 0.7986183 4.0380745 50 50 50
-1.4096607 0.7816553 3.9523044 62 62 62
-1.3680465 0.7676564 3.8815215 64 64 64
-1.2874854 0.7401624 3.7425029 52 52 52
-1.2489640 0.7269275 3.6755826 59 59 59
-1.2135764 0.7152069 3.6163192 74 74 74
-1.1834046 0.7063009 3.5712876 61 61 61
-1.0368556 0.6520253 3.2968531 51 51 51
-1.0113680 0.6446412 3.2595165 77 77 77
-0.9848392 0.6363807 3.2177486 91 91 91
-0.9551674 0.6258302 3.1644015 83 83 83
-0.9266754 0.6157646 3.1135066 85 85 85
-0.9022654 0.6081611 3.0750608 89 89 89
-0.8745844 0.5980989 3.0241835 82 82 82
-0.8512022 0.5907223 2.9868848 89 89 89
-0.8245976 0.5808542 2.9369881 98 98 98
-0.8031251 0.5743553 2.9041278 100 100 100
-0.7785563 0.5654066 2.8588803 94 94 94
-0.7573668 0.5586691 2.8248134 80 80 80
-0.7370456 0.5523671 2.7929482 105 105 105
-0.7141485 0.5438985 2.7501283 89 89 89
-0.6944479 0.5376250 2.7184076 93 93 93
-0.6696458 0.5271251 2.6653168 67 67 67
-0.6505191 0.5208107 2.6333885 50 50 50
-0.6363489 0.5183138 2.6207640 43 43 43
-0.5921795 0.4996940 2.5266159 77 77 77
-0.5785226 0.4971142 2.5135715 53 53 53
-0.5604792 0.4905984 2.4806259 56 56 56
-0.5435718 0.4848481 2.4515502 68 68 68
-0.5269013 0.4790903 2.4224372 90 90 90
-0.5107408 0.4735776 2.3945632 91 91 91
-0.4930656 0.4664099 2.3583205 98 98 98
-0.4775950 0.4610753 2.3313475 111 111 111
-0.4625638 0.4559497 2.3054302 110 110 110
-0.4476870 0.4507594 2.2791867 98 98 98
-0.4334070 0.4459554 2.2548962 98 98 98
-0.4193594 0.4411804 2.2307520 83 83 83
-0.3924499 0.4322636 2.1856656 45 45 45
-0.3789216 0.4274005 2.1610765 52 52 52
-0.3658911 0.4228730 2.1381841 54 54 54
-0.3530472 0.4183380 2.1152537 52 52 52
-0.3401543 0.4135083 2.0908327 50 50 50
-0.3275591 0.4087929 2.0669904 54 54 54
-0.3154584 0.4044539 2.0450506 59 59 59
-0.3049350 0.4019501 2.0323906 62 62 62
-0.2929119 0.3972674 2.0087137 65 65 65
-0.2815930 0.3932893 1.9885991 58 58 58
-0.2700820 0.3887906 1.9658520 59 59 59
-0.2600317 0.3861760 1.9526322 63 63 63
-0.2488988 0.3817304 1.9301536 71 71 71
-0.2275927 0.3734804 1.8884389 84 84 84
-0.2172147 0.3693744 1.8676775 71 71 71
-0.2090172 0.3688070 1.8648084 62 62 62
-0.2015596 0.3695518 1.8685745 69 69 69
-0.1941082 0.3703690 1.8727068 78 78 78
-0.1866740 0.3712897 1.8773620 77 77 77
-0.1791508 0.3721071 1.8814948 78 78 78
-0.1716121 0.3729666 1.8858408 78 78 78
-0.1641837 0.3741609 1.8918799 79 79 79
-0.1565355 0.3749506 1.8958728 74 74 74
-0.1491511 0.3764915 1.9036640 74 74 74
-0.1414571 0.3773817 1.9081647 83 83 83
-0.1337859 0.3784437 1.9135349 85 85 85
-0.1260266 0.3793766 1.9182521 89 89 89
-0.1181954 0.3802067 1.9224494 84 84 84
-0.1104050 0.3812995 1.9279745 80 80 80
-0.1025248 0.3822316 1.9326875 89 89 89
-0.0945908 0.3831064 1.9371107 88 88 88
-0.0865996 0.3838931 1.9410888 85 85 85
-0.0786484 0.3850401 1.9468882 85 85 85
-0.0705928 0.3858841 1.9511558 85 85 85
-0.0624985 0.3867110 1.9553368 83 83 83
-0.0544100 0.3878303 1.9609964 84 84 84
-0.0462578 0.3888152 1.9659765 87 87 87
-0.0380593 0.3897566 1.9707366 87 87 87
-0.0298275 0.3907880 1.9759514 85 85 85
-0.0215445 0.3916866 1.9804951 84 84 84
-0.0132229 0.3925800 1.9850128 78 78 78
-0.0048664 0.3937262 1.9908082 84 84 84
0.0035366 0.3946043 1.9952480 81 81 81
0.0119803 0.3955878 2.0002210 80 80 80
0.0204747 0.3967435 2.0060644 83 83 83
0.0290006 0.3976544 2.0106704 81 81 81
0.0375746 0.3986630 2.0157700 82 82 82
0.0462083 0.3998165 2.0216029 79 79 79
0.0548342 0.4005533 2.0253284 78 78 78
0.0635794 0.4018463 2.0318661 77 77 77
0.0722999 0.4026939 2.0361514 76 76 76
0.0810765 0.4036409 2.0409400 76 76 76
0.0899896 0.4050207 2.0479169 73 73 73
0.0988448 0.4059213 2.0524702 70 70 70
0.1078612 0.4072854 2.0593677 69 69 69
0.1167705 0.4080717 2.0633435 66 66 66
0.1258028 0.4091492 2.0687919 60 60 60
0.1349217 0.4103503 2.0748651 67 67 67
0.1439975 0.4112819 2.0795758 68 68 68
0.1532290 0.4125258 2.0858650 67 67 67
0.1624034 0.4134893 2.0907369 69 69 69
0.1717860 0.4148563 2.0976486 67 67 67
0.1810119 0.4157297 2.1020651 60 60 60
0.1902995 0.4166564 2.1067507 61 61 61
0.1998198 0.4179874 2.1134806 61 61 61
0.2093730 0.4192705 2.1199684 63 63 63
0.2188119 0.4202289 2.1248145 71 71 71
0.2284691 0.4215150 2.1313171 65 65 65
0.2380051 0.4224883 2.1362386 69 69 69
0.2476134 0.4235143 2.1414268 73 73 73
0.2573784 0.4247268 2.1475573 77 77 77
0.2672677 0.4260549 2.1542726 73 73 73
0.2770079 0.4270658 2.1593843 72 72 72
0.2869913 0.4283755 2.1660066 64 64 64
0.2969247 0.4295320 2.1718540 64 64 64
0.3068911 0.4306656 2.1775856 69 69 69
0.3169687 0.4318849 2.1837511 66 66 66
0.3269739 0.4329394 2.1890831 63 63 63
0.3372646 0.4343037 2.1959810 64 64 64
0.3475676 0.4356105 2.2025890 64 64 64
0.3576932 0.4366327 2.2077575 61 61 61
0.3680295 0.4378537 2.2139311 56 56 56
0.3786252 0.4393153 2.2213216 58 58 58
0.3887144 0.4401327 2.2254548 57 57 57
0.3993997 0.4415708 2.2327261 61 61 61
0.4101170 0.4429771 2.2398367 61 61 61
0.4206372 0.4441120 2.2455754 60 60 60
0.4313447 0.4453903 2.2520387 54 54 54
0.4434059 0.4479813 2.2651396 46 46 46
0.4543613 0.4493693 2.2721581 41 41 41
0.4647986 0.4501982 2.2763491 46 46 46
0.4751385 0.4509010 2.2799029 51 51 51
0.4859831 0.4520455 2.2856896 61 61 61
0.4971235 0.4534152 2.2926154 72 72 72
0.5083053 0.4547696 2.2994637 78 78 78
0.5194013 0.4559982 2.3056755 77 77 77
0.5305709 0.4572449 2.3119795 70 70 70
0.5419406 0.4586160 2.3189123 66 66 66
0.5535237 0.4601159 2.3264961 61 61 61
0.5648208 0.4613299 2.3326347 72 72 72
0.5764313 0.4627540 2.3398354 71 71 71
0.5880834 0.4641630 2.3469596 71 71 71
0.5997598 0.4655442 2.3539433 67 67 67
0.6110319 0.4665717 2.3591387 67 67 67
0.6230820 0.4681509 2.3671234 66 66 66
0.6347961 0.4694317 2.3735998 65 65 65
0.6468942 0.4709523 2.3812888 65 65 65
0.6587315 0.4722395 2.3877971 67 67 67
0.6710880 0.4738546 2.3959637 62 62 62
0.6829249 0.4750603 2.4020598 56 56 56
0.6954084 0.4766740 2.4102192 57 57 57
0.7075583 0.4780157 2.4170036 59 59 59
0.7199559 0.4794844 2.4244297 62 62 62
0.7326490 0.4811060 2.4326291 65 65 65
0.7443135 0.4820167 2.4372337 63 63 63
0.7568157 0.4834376 2.4444182 62 62 62
0.7692142 0.4847550 2.4510796 54 54 54
0.7796714 0.4848304 2.4514606 85 85 85
0.7937369 0.4871182 2.4630284 51 51 51
0.8062761 0.4884222 2.4696224 49 49 49
0.8185969 0.4895624 2.4753873 50 50 50
1.8725128 1.0785954 5.4537306 65 65 65
1.9005435 1.0814592 5.4682102 64 64 64
1.9215794 1.0803217 5.4624586 63 63 63
1.9428124 1.0793207 5.4573975 62 62 62
1.9711308 1.0822332 5.4721241 64 64 64
1.9919748 1.0810221 5.4660006 65 65 65
2.0129023 1.0798835 5.4602432 65 65 65
2.0414925 1.0828351 5.4751673 60 60 60
2.0621374 1.0815535 5.4686871 55 55 55
2.0830691 1.0804490 5.4631023 60 60 60
2.1112611 1.0830932 5.4764729 60 60 60
2.1318111 1.0818022 5.4699450 61 61 61
2.1610298 1.0848907 5.4855614 59 59 59
2.1807489 1.0831954 5.4769897 59 59 59
2.2008297 1.0817134 5.4694958 57 57 57
2.2281170 1.0837673 5.4798813 57 57 57
2.2496295 1.0829990 5.4759960 51 51 51
2.2719424 1.0826278 5.4741192 54 54 54
2.2987909 1.0844035 5.4830980 56 56 56
2.3181384 1.0826408 5.4741850 56 56 56
2.3479848 1.0857677 5.4899960 53 53 53
2.3683269 1.0844814 5.4834919 52 52 52
2.4178495 1.0859525 5.4909306 48 48 48
2.4376950 1.0844803 5.4834862 46 46 46
2.4680536 1.0876687 5.4996080 46 46 46
2.4876142 1.0860834 5.4915924 46 46 46
2.5377145 1.0877057 5.4997950 45 45 45
2.5569236 1.0860139 5.4912405 48 48 48
-2.6321390 1.0285369 5.0920444 43 43 43
-2.6081979 1.0275644 5.0872297 43 43 43
-2.5901031 1.0288982 5.0938334 40 40 40
-2.5662620 1.0279527 5.0891519 43 43 43
-2.5474293 1.0290142 5.0944076 39 39 39
-2.5278757 1.0298001 5.0982981 44 44 44
-2.5095053 1.0310857 5.1046629 44 44 44
-2.4907279 1.0322249 5.1103024 43 43 43
-2.4710045 1.0329884 5.1140828 46 46 46
-2.4437258 1.0305792 5.1021552 47 47 47
-2.4246948 1.0316362 5.1073880 45 45 45
-2.4055898 1.0326805 5.1125584 48 48 48
-2.3862858 1.0336574 5.1173949 49 49 49
-2.3666830 1.0345217 5.1216736 49 49 49
-2.3386331 1.0316753 5.1075816 51 51 51
-2.3203962 1.0331454 5.1148596 53 53 53
-2.3007979 1.0340312 5.1192451 52 52 52
-2.2814393 1.0350423 5.1242509 51 51 51
-2.2624969 1.0362636 5.1302972 50 50 50
-2.2348328 1.0334750 5.1164918 52 52 52
-2.2153735 1.0344634 5.1213851 49 49 49
-2.1967144 1.0358486 5.1282430 48 48 48
-2.1777692 1.0371250 5.1345620 51 51 51
-2.1584156 1.0382307 5.1400361 53 53 53
-2.1315234 1.0356958 5.1274862 53 53 53
-1.9490867 0.9976521 4.9391408 71 71 71
-1.9300364 0.9985719 4.9436946 45 45 45
-1.9135041 1.0008289 4.9548683 35 35 35
-1.9005195 1.0050117 4.9755764 38 38 38
-1.8842238 1.0075173 4.9879813 49 49 49
-1.8673990 1.0097934 4.9992499 48 48 48
-1.8496877 1.0116367 5.0083756 39 39 39
-1.4580750 0.8160913 4.0402761 44 44 44
-1.4116241 0.7994339 3.9578090 61 61 61
-1.3705040 0.7854330 3.8884940 68 68 68
-1.3296186 0.7712291 3.8181739 61 61 61
-1.2893494 0.7570389 3.7479215 53 53 53
-1.2507164 0.7434690 3.6807401 59 59 59
-1.2145185 0.7310238 3.6191270 79 79 79
-1.1791365 0.7187592 3.5584075 71 71 71
-1.1497253 0.7098648 3.5143735 58 58 58
-1.1082070 0.6931654 3.4316988 59 59 59
-1.0797397 0.6842954 3.3877852 54 54 54
-1.0354332 0.6650144 3.2923303 54 54 54
-1.0116906 0.6585965 3.2605562 70 70 70
-0.9856489 0.6504842 3.2203941 80 80 80
-0.9558913 0.6396587 3.1667995 83 83 83
-0.9276059 0.6295255 3.1166329 83 83 83
-0.9028931 0.6215605 3.0771999 83 83 83
-0.8752406 0.6113101 3.0264523 77 77 77
-0.8523074 0.6041012 2.9907629 94 94 94
-0.8258669 0.5941525 2.9415090 100 100 100
-0.8034734 0.5868562 2.9053872 98 98 98
-0.7789907 0.5777845 2.8604755 93 93 93
-0.7580511 0.5710968 2.8273659 76 76 76
-0.7351468 0.5626914 2.7857528 94 94 94
-0.7146505 0.5558861 2.7520614 99 99 99
-0.6950305 0.5495490 2.7206879 100 100 100
-0.6690591 0.5378930 2.6629817 76 76 76
-0.6511258 0.5324116 2.6358445 54 54 54
-0.6365730 0.5295519 2.6216869 43 43 43
-0.5930842 0.5111282 2.5304756 74 74 74
-0.5789532 0.5080916 2.5154421 49 49 49
-0.5612916 0.5017855 2.4842217 55 55 55
-0.5438895 0.4954757 2.4529836 71 71 71
-0.5273246 0.4896987 2.4243829 97 97 97
-0.5092680 0.4822807 2.3876584 93 93 93
-0.4936155 0.4768861 2.3609509 91 91 91
-0.4780122 0.4713179 2.3333840 95 95 95
-0.4628935 0.4660035 2.3070736 109 109 109
-0.4482613 0.4609611 2.2821100 102 102 102
-0.4337773 0.4558534 2.2568228 102 102 102
-0.4196233 0.4508710 2.2321563 102 102 102
-0.4057316 0.4459482 2.2077847 98 98 98
-0.3925528 0.4415962 2.1862388 70 70 70
-0.3793449 0.4370013 2.1634908 58 58 58
-0.3662933 0.4323645 2.1405349 58 58 58
-0.3532255 0.4274737 2.1163218 55 55 55
-0.3407275 0.4230369 2.0943561 54 54 54
-0.3283716 0.4185450 2.0721180 55 55 55
-0.3160102 0.4138003 2.0486281 53 53 53
-0.3043499 0.4097328 2.0284905 58 58 58
-0.2934302 0.4064559 2.0122678 59 59 59
-0.2818137 0.4019900 1.9901578 53 53 53
-0.2704675 0.3976472 1.9686577 55 55 55
-0.2601498 0.3945894 1.9535191 60 60 60
-0.2374833 0.3845646 1.9038891 92 92 92
-0.2277843 0.3817650 1.8900287 86 86 86
-0.2173997 0.3775716 1.8692683 68 68 68
-0.2091044 0.3768280 1.8655865 64 64 64
-0.2016446 0.3775906 1.8693621 73 73 73
-0.1941663 0.3783793 1.8732669 78 78 78
-0.1867235 0.3793070 1.8778600 78 78 78
-0.1792042 0.3801544 1.8820550 73 73 73
-0.1716942 0.3811012 1.8867424 75 75 75
-0.1642588 0.3823136 1.8927448 79 79 79
-0.1565881 0.3830741 1.8965100 76 76 76
-0.1492307 0.3847245 1.9046805 76 76 76
-0.1416302 0.3858999 1.9104998 80 80 80
-0.1338518 0.3867034 1.9144776 84 84 84
-0.1260794 0.3876284 1.9190571 83 83 83
-0.1182213 0.3883986 1.9228699 84 84 84
-0.1104501 0.3895888 1.9287627 87 87 87
-0.1025471 0.3904665 1.9331076 91 91 91
-0.0946156 0.3913777 1.9376190 81 81 81
-0.0867007 0.3925367 1.9433568 80 80 80
-0.0786509 0.3932627 1.9469512 80 80 80
-0.0706191 0.3942586 1.9518816 80 80 80
-0.0625196 0.3950895 1.9559953 81 81 81
-0.0544524 0.3964079 1.9625223 81 81 81
-0.0462697 0.3972083 1.9664848 88 88 88
-0.0380578 0.3980517 1.9706604 86 86 86
-0.0298363 0.3992379 1.9765332 86 86 86
-0.0215516 0.4001712 1.9811536 81 81 81
-0.0132273 0.4010837 1.9856713 80 80 80
-0.0048680 0.4022545 1.9914672 81 81 81
0.0035375 0.4031231 1.9957678 78 78 78
0.0119821 0.4040836 2.0005226 75 75 75
0.0204852 0.4054107 2.0070930 70 70 70
0.0290091 0.4062512 2.0112541 72 72 72
0.0376034 0.4074752 2.0173137 69 69 69
0.0462250 0.4084893 2.0223343 71 71 71
0.0548599 0.4092857 2.0262771 67 67 67
0.0636119 0.4106239 2.0329022 63 63 63
0.0723470 0.4115480 2.0374777 65 65 65
0.0811894 0.4128217 2.0437832 67 67 67
0.0900224 0.4138075 2.0486639 73 73 73
0.0988677 0.4146724 2.0529459 71 71 71
0.1078929 0.4160917 2.0599720 65 65 65
0.1168422 0.4170286 2.0646107 61 61 61
0.1259401 0.4183294 2.0710502 62 62 62
0.1350079 0.4193677 2.0761909 67 67 67
0.1440542 0.4202170 2.0803955 67 67 67
0.1532687 0.4214309 2.0864053 67 67 67
0.1624585 0.4224492 2.0914464 64 64 64
0.1718124 0.4237671 2.0979714 67 67 67
0.1810705 0.4247313 2.1027446 64 64 64
0.1905250 0.4260447 2.1092472 68 68 68
0.1998430 0.4269494 2.1137264 69 69 69
0.2094138 0.4282937 2.1203814 66 66 66
0.2188479 0.4292598 2.1251645 66 66 66
0.2284751 0.4305138 2.1313727 67 67 67
0.2380976 0.4316644 2.1370687 63 63 63
0.2478932 0.4330333 2.1438460 63 63 63
0.2575053 0.4339968 2.1486158 65 65 65
0.2672917 0.4351785 2.1544662 60 60 60
0.2772166 0.4365006 2.1610117 61 61 61
0.2870355 0.4375768 2.1663399 65 65 65
0.2970777 0.4389167 2.1729732 63 63 63
0.3069110 0.4398769 2.1777267 61 61 61
0.3170625 0.4412242 2.1843972 60 60 60
0.3272835 0.4425893 2.1911554 58 58 58
0.3373292 0.4436489 2.1964016 59 59 59
0.3476676 0.4450267 2.2032228 60 60 60
0.3577959 0.4460707 2.2083912 48 48 48
0.3681943 0.4473899 2.2149222 38 38 38
0.3795281 0.4497524 2.2266183 45 45 45
0.3903078 0.4513601 2.2345777 42 42 42
0.4011318 0.4529419 2.2424088 45 45 45
0.4109380 0.4533280 2.2443204 53 53 53
0.4212879 0.4542832 2.2490492 70 70 70
0.4318979 0.4554705 2.2549274 69 69 69
0.4425029 0.4566015 2.2605267 76 76 76
0.4533953 0.4579751 2.2673273 79 79 79
0.4643738 0.4593772 2.2742684 91 91 91
0.4753051 0.4606767 2.2807021 85 85 85
0.4860770 0.4617733 2.2861309 75 75 75
0.4972351 0.4631870 2.2931299 72 72 72
0.5085311 0.4646728 2.3004856 73 73 73
0.5197577 0.4660406 2.3072574 73 73 73
0.5307116 0.4671183 2.3125927 73 73 73
0.5421638 0.4685877 2.3198676 70 70 70
0.6002617 0.4758685 2.3559132 55 55 55
0.6117975 0.4771172 2.3620946 59 59 59
0.6235433 0.4784868 2.3688757 56 56 56
0.6350750 0.4796517 2.3746428 58 58 58
0.6470397 0.4811023 2.3818243 54 54 54
0.6591407 0.4826084 2.3892806 53 53 53
0.6712235 0.4840559 2.3964469 56 56 56
0.6832843 0.4854450 2.4033239 54 54 54
0.6955450 0.4869334 2.4106927 55 55 55
0.7079515 0.4884794 2.4183466 55 55 55
0.7202042 0.4898770 2.4252656 58 58 58
0.7327946 0.4914619 2.4331124 61 61 61
0.7452707 0.4929274 2.4403679 67 67 67
0.7579028 0.4944549 2.4479296 62 62 62
0.7692690 0.4951264 2.4512546 50 50 50
0.7811458 0.4961044 2.4560964 50 50 50
0.7940084 0.4976748 2.4638708 52 52 52
0.8067088 0.4991042 2.4709477 51 51 51
1.8498112 1.0882382 5.3876114 68 68 68
1.8707020 1.0871757 5.3823509 66 66 66
1.8914520 1.0860577 5.3768158 66 66 66
1.9195673 1.0891452 5.3921013 62 62 62
1.9409784 1.0884010 5.3884172 59 59 59
1.9615877 1.0872296 5.3826180 62 62 62
1.9890904 1.0898621 5.3956509 64 64 64
2.0094690 1.0885757 5.3892822 62 62 62
2.0307238 1.0877875 5.3853798 65 65 65
2.0587769 1.0906180 5.3993931 64 64 64
2.0788167 1.0891881 5.3923140 58 58 58
2.1075792 1.0923098 5.4077692 59 59 59
2.1280911 1.0911344 5.4019499 60 60 60
2.1480932 1.0897254 5.3949738 57 57 57
2.1753206 1.0919728 5.4061003 57 57 57
2.1956310 1.0907375 5.3999844 54 54 54
2.2216556 1.0923369 5.4079027 55 55 55
2.2428701 1.0915629 5.4040709 54 54 54
2.2636428 1.0905917 5.3992624 54 54 54
2.2924209 1.0934582 5.4134541 55 55 55
2.3126533 1.0922322 5.4073849 55 55 55
2.3602264 1.0931436 5.4118967 53 53 53
2.3802731 1.0918707 5.4055948 53 53 53
2.4082911 1.0942436 5.4173431 50 50 50
2.4285290 1.0930704 5.4115343 47 47 47
2.4772048 1.0944115 5.4181738 49 49 49
2.4972336 1.0931773 5.4120636 43 43 43
2.5258989 1.0957119 5.4246120 43 43 43
-2.6012173 1.0376744 5.0322237 42 42 42
-2.5833654 1.0390294 5.0387945 43 43 43
-2.5546122 1.0359858 5.0240350 39 39 39
-2.5359752 1.0370283 5.0290904 41 41 41
-2.5145276 1.0369292 5.0286098 43 43 43
-2.4957905 1.0379558 5.0335879 42 42 42
-2.4797063 1.0401126 5.0440478 45 45 45
-2.4520166 1.0373968 5.0308776 47 47 47
-2.4337258 1.0386448 5.0369291 44 44 44
-2.4148698 1.0396714 5.0419078 44 44 44
-2.3963733 1.0408722 5.0477319 45 45 45
-2.3771195 1.0417629 5.0520511 47 47 47
-2.3497260 1.0390701 5.0389924 48 48 48
-2.3307216 1.0400718 5.0438504 50 50 50
-2.3120353 1.0412353 5.0494924 50 50 50
-2.2932291 1.0423658 5.0549750 51 51 51
-2.2742927 1.0434579 5.0602708 52 52 52
-2.2467701 1.0405940 5.0463824 53 53 53
-2.2274022 1.0414882 5.0507183 52 52 52
-2.2084444 1.0425932 5.0560775 52 52 52
-2.1898162 1.0438770 5.0623031 51 51 51
-2.1707284 1.0449648 5.0675788 51 51 51
-2.1525702 1.0465261 5.0751500 50 50 50
-2.1250060 1.0434999 5.0604744 54 54 54
-2.1068027 1.0450557 5.0680194 50 50 50
-2.0868316 1.0457575 5.0714231 49 49 49
-2.0686340 1.0473719 5.0792518 44 44 44
-1.9519045 1.0199527 4.9462819 60 60 60
-1.9325577 1.0207510 4.9501529 35 35 35
-1.9199342 1.0251566 4.9715180 31 31 31
-1.4582963 0.8332554 4.0408893 42 42 42
-1.4133449 0.8171186 3.9626336 57 57 57
-1.3725930 0.8030528 3.8944211 68 68 68
-1.3264699 0.7854657 3.8091319 62 62 62
-1.2940332 0.7756511 3.7615361 49 49 49
-1.2528322 0.7602744 3.6869667 56 56 56
-1.2156864 0.7470031 3.6226068 78 78 78
-1.1804092 0.7345567 3.5622480 70 70 70
-1.1508013 0.7253630 3.5176630 61 61 61
-1.1055053 0.7059116 3.4233329 55 55 55
-1.0776478 0.6972280 3.3812215 51 51 51
-1.0387011 0.6810407 3.3027210 48 48 48
-1.0126799 0.6730035 3.2637444 67 67 67
-0.9839548 0.6629230 3.2148590 82 82 82
-0.9566247 0.6535140 3.1692297 82 82 82
-0.9285135 0.6432971 3.1196826 79 79 79
-0.9041356 0.6354102 3.0814350 75 75 75
-0.8765696 0.6250201 3.0310481 54 54 54
-0.8529907 0.6172075 2.9931605 84 84 84
-0.8270016 0.6073900 2.9455507 96 96 96
-0.8044099 0.5998064 2.9087739 97 97 97
-0.7796088 0.5903151 2.8627453 94 94 94
-0.7586568 0.5834855 2.8296249 90 90 90
-0.7358577 0.5749943 2.7884469 89 89 89
-0.7155001 0.5681660 2.7553329 89 89 89
-0.6959241 0.5617433 2.7241859 92 92 92
-0.6513892 0.5437466 2.6369104 51 51 51
-0.6369591 0.5409353 2.6232772 41 41 41
-0.5937846 0.5224153 2.5334642 75 75 75
-0.5797856 0.5194449 2.5190589 49 49 49
-0.5618641 0.5127836 2.4867551 56 56 56
-0.5448102 0.5066760 2.4571359 66 66 66
-0.5258218 0.4984975 2.4174740 91 91 91
-0.5096417 0.4927106 2.3894105 87 87 87
-0.4938541 0.4870774 2.3620923 88 88 88
-0.4784954 0.4816440 2.3357427 92 92 92
-0.4633804 0.4762326 2.3095002 106 106 106
-0.4483968 0.4707270 2.2828002 116 116 116
-0.4340224 0.4656332 2.2580981 118 118 118
-0.4199448 0.4606365 2.2338662 121 121 121
-0.4060481 0.4556135 2.2095070 105 105 105
-0.3925225 0.4507806 2.1860700 94 94 94
-0.3790241 0.4457474 2.1616611 82 82 82
-0.3667692 0.4419645 2.1433160 62 62 62
-0.3537919 0.4370979 2.1197152 58 58 58
-0.3407214 0.4318609 2.0943184 54 54 54
-0.3288353 0.4278864 2.0750439 53 53 53
-0.3165580 0.4231716 2.0521796 51 51 51
-0.3036521 0.4173279 2.0238400 46 46 46
-0.2927008 0.4139101 2.0072658 51 51 51
-0.2820865 0.4107796 1.9920843 55 55 55
-0.2707323 0.4063464 1.9705851 58 58 58
-0.2377833 0.3930892 1.9062941 91 91 91
-0.2174046 0.3854629 1.8693106 68 68 68
-0.2091758 0.3848264 1.8662237 61 61 61
-0.2016654 0.3855133 1.8695548 71 71 71
-0.1942325 0.3864104 1.8739051 76 76 76
-0.1868297 0.3874461 1.8789279 73 73 73
-0.1793633 0.3884357 1.8837268 70 70 70
-0.1719294 0.3895905 1.8893273 74 74 74
-0.1643142 0.3904268 1.8933828 83 83 83
-0.1566826 0.3913078 1.8976552 75 75 75
-0.1492697 0.3928591 1.9051783 67 67 67
-0.1416621 0.3940452 1.9109304 69 69 69
-0.1338917 0.3948943 1.9150484 77 77 77
-0.1261061 0.3958046 1.9194629 83 83 83
-0.1182752 0.3966880 1.9237465 80 80 80
-0.1105082 0.3979317 1.9297779 89 89 89
-0.1025936 0.3987991 1.9339846 95 95 95
-0.0946614 0.3997420 1.9385574 96 96 96
-0.0867195 0.4008183 1.9437764 88 88 88
-0.0786832 0.4016377 1.9477503 94 94 94
-0.0706319 0.4025624 1.9522350 85 85 85
-0.0626036 0.4038795 1.9586221 79 79 79
-0.0544403 0.4045943 1.9620883 81 81 81
-0.0462834 0.4056208 1.9670665 78 78 78
-0.0381018 0.4068318 1.9729393 83 83 83
-0.0298428 0.4076617 1.9769641 81 81 81
-0.0215603 0.4086903 1.9819523 77 77 77
-0.0132386 0.4098065 1.9873655 78 78 78
-0.0048699 0.4108168 1.9922649 73 73 73
0.0035398 0.4117959 1.9970127 66 66 66
0.0119982 0.4130765 2.0032229 62 62 62
0.0204920 0.4140104 2.0077522 59 59 59
0.0290218 0.4149151 2.0121393 56 56 56
0.0376144 0.4161041 2.0179052 57 57 57
0.0462319 0.4170795 2.0226357 58 58 58
0.0549290 0.4183568 2.0288301 58 58 58
0.0636328 0.4193346 2.0335720 64 64 64
0.0723658 0.4202493 2.0380075 63 63 63
0.0812251 0.4216257 2.0446827 71 71 71
0.0900680 0.4226609 2.0497026 72 72 72
0.0990010 0.4239003 2.0557132 72 72 72
0.1079247 0.4249036 2.0605788 68 68 68
0.1168555 0.4257834 2.0648453 74 74 74
0.1260038 0.4272788 2.0720975 70 70 70
0.1350100 0.4281296 2.0762236 68 68 68
0.1442009 0.4294266 2.0825133 66 66 66
0.1533399 0.4304292 2.0873752 66 66 66
0.1625287 0.4314550 2.0923502 68 68 68
0.1718867 0.4328013 2.0988791 68 68 68
0.1810862 0.4336362 2.1029277 64 64 64
0.1905955 0.4351003 2.1100280 70 70 70
0.1998952 0.4359767 2.1142778 70 70 70
0.2094968 0.4374085 2.1212215 64 64 64
0.2189398 0.4384056 2.1260571 60 60 60
0.2286035 0.4397488 2.1325710 61 61 61
0.2382795 0.4410129 2.1387010 62 62 62
0.2478905 0.4420690 2.1438227 64 64 64
0.2577617 0.4434985 2.1507549 61 61 61
0.2673600 0.4443772 2.1550164 51 51 51
0.2773165 0.4457739 2.1617899 55 55 55
0.2871097 0.4468277 2.1669002 55 55 55
0.2971232 0.4481486 2.1733060 59 59 59
0.3072513 0.4495581 2.1801414 62 62 62
0.3176425 0.4512597 2.1883931 53 53 53
0.3282795 0.4532044 2.1978240 48 48 48
0.3386166 0.4546396 2.2047844 43 43 43
0.3486276 0.4555720 2.2093058 48 48 48
0.3586406 0.4564584 2.2136045 65 65 65
0.3686536 0.4572999 2.2176852 78 78 78
0.3790076 0.4585122 2.2235646 76 76 76
0.3895267 0.4598610 2.2301054 84 84 84
0.4001344 0.4612483 2.2368331 87 87 87
0.4104367 0.4622277 2.2415829 83 83 83
0.4212475 0.4637228 2.2488332 80 80 80
0.4320778 0.4651731 2.2558665 76 76 76
0.4425742 0.4662091 2.2608907 78 78 78
0.4533677 0.4675078 2.2671888 86 86 86
0.4645233 0.4691186 2.2750006 74 74 74
0.4755342 0.4705210 2.2818015 68 68 68
0.4865687 0.4718906 2.2884433 66 66 66
0.4974711 0.4730815 2.2942185 64 64 64
0.5087571 0.4745846 2.3015079 68 68 68
0.6019624 0.4871797 2.3625882 39 39 39
0.6117337 0.4870272 2.3618484 60 60 60
0.6236703 0.4885758 2.3693583 65 65 65
0.6356587 0.4901155 2.3768251 61 61 61
0.6477255 0.4916669 2.3843486 57 57 57
0.6597401 0.4931318 2.3914530 57 57 57
0.6713559 0.4942591 2.3969200 56 56 56
0.6835725 0.4957887 2.4043376 53 53 53
0.6958265 0.4973003 2.4116681 57 57 57
0.7080491 0.4987462 2.4186802 56 56 56
0.7204722 0.5002903 2.4261682 54 54 54
0.7331483 0.5019644 2.4342868 55 55 55
0.7454644 0.5033492 2.4410021 57 57 57
0.7581425 0.5049373 2.4487040 57 57 57
0.7695835 0.5056698 2.4522564 50 50 50
0.7816243 0.5067719 2.4576008 50 50 50
0.7942128 0.5081955 2.4645050 51 51 51
0.8071256 0.5097873 2.4722240 52 52 52
1.8214296 1.0939121 5.3049498 59 59 59
1.8433051 1.0936184 5.3035250 62 62 62
1.8700052 1.0961597 5.3158493 63 63 63
1.8899539 1.0947301 5.3089166 63 63 63
1.9104400 1.0936418 5.3036385 65 65 65
1.9382739 1.0967362 5.3186445 66 66 66
1.9587209 1.0956278 5.3132696 63 63 63
1.9863222 1.0985011 5.3272038 66 66 66
2.0070374 1.0975446 5.3225651 63 63 63
2.0265040 1.0959338 5.3147535 62 62 62
2.0544643 1.0989015 5.3291459 61 61 61
2.0749557 1.0978532 5.3240619 60 60 60
2.0946910 1.0964315 5.3171673 58 58 58
2.1225064 1.0992246 5.3307123 61 61 61
2.1425502 1.0979764 5.3246593 61 61 61
2.1708620 1.1009473 5.3390665 57 57 57
2.1904774 1.0994921 5.3320098 54 54 54
2.2102473 1.0981432 5.3254681 56 56 56
2.2369466 1.1002296 5.3355865 56 56 56
2.2579157 1.0994842 5.3319716 55 55 55
2.2793899 1.0989971 5.3296094 62 62 62
2.3051775 1.1005788 5.3372793 67 67 67
2.3256319 1.0996082 5.3325729 59 59 59
2.3536172 1.1021830 5.3450594 50 50 50
2.3724055 1.1004429 5.3366203 46 46 46
2.4189744 1.1011531 5.3400650 44 44 44
2.4379933 1.0995747 5.3324099 44 44 44
2.4660819 1.1020782 5.3445511 42 42 42
2.4856396 1.1007584 5.3381510 41 41 41
-2.5700822 1.0462208 4.9719911 40 40 40
-2.5430870 1.0437464 4.9602323 39 39 39
-2.5247798 1.0448265 4.9653649 40 40 40
-2.5065336 1.0459501 4.9707046 40 40 40
-2.4878795 1.0469209 4.9753184 43 43 43
-2.4702282 1.0483338 4.9820333 42 42 42
-2.4418738 1.0451897 4.9670916 42 42 42
-2.4219849 1.0456462 4.9692607 42 42 42
-2.4040167 1.0469469 4.9754424 44 44 44
-2.3871558 1.0487571 4.9840446 43 43 43
-2.3687873 1.0499313 4.9896245 44 44 44
-2.3405120 1.0466959 4.9742494 45 45 45
-2.3229432 1.0482335 4.9815564 48 48 48
-2.3037574 1.0490628 4.9854975 49 49 49
-2.2851470 1.0501719 4.9907680 49 49 49
-2.2671859 1.0516026 4.9975677 50 50 50
-2.2387857 1.0481728 4.9812684 51 51 51
-2.2201447 1.0492905 4.9865794 52 52 52
-2.2013366 1.0503498 4.9916139 53 53 53
-2.1827741 1.0515478 4.9973068 52 52 52
-2.1633179 1.0523344 5.0010457 52 52 52
-2.1450257 1.0537086 5.0075755 49 49 49
-2.1181030 1.0508280 4.9938865 49 49 49
-2.0995326 1.0520750 4.9998126 52 52 52
-2.0815084 1.0536238 5.0071731 50 50 50
-2.0630803 1.0549978 5.0137029 49 49 49
-2.0441151 1.0561228 5.0190487 43 43 43
-2.0184026 1.0537486 5.0077662 42 42 42
-1.4592227 0.8508357 4.0434566 41 41 41
-1.4147583 0.8346628 3.9665968 52 52 52
-1.3749280 0.8208694 3.9010460 69 69 69
-1.3247306 0.8004776 3.8041377 83 83 83
-1.2550976 0.7772251 3.6936336 48 48 48
-1.2166827 0.7629041 3.6255755 73 73 73
-1.1818047 0.7504647 3.5664594 68 68 68
-1.1472471 0.7379107 3.5067985 62 62 62
-1.1022390 0.7182193 3.4132185 49 49 49
-1.0386305 0.6949208 3.3024964 46 46 46
-1.0129476 0.6869480 3.2646070 62 62 62
-0.9823627 0.6753854 3.2096572 82 82 82
-0.9569911 0.6671338 3.1704433 85 85 85
-0.9288132 0.6566645 3.1206894 87 87 87
-0.9046893 0.6488014 3.0833218 84 84 84
-0.8781686 0.6389653 3.0365770 54 54 54
-0.8508683 0.6282624 2.9857132 76 76 76
-0.8273950 0.6201061 2.9469519 87 87 87
-0.8055636 0.6129504 2.9129455 94 94 94
-0.7802684 0.6028968 2.8651674 89 89 89
-0.7594466 0.5960377 2.8325706 96 96 96
-0.7363741 0.5871648 2.7904038 79 79 79
-0.7160611 0.5802397 2.7574935 83 83 83
-0.6963375 0.5735716 2.7258043 91 91 91
-0.6713635 0.5622823 2.6721537 68 68 68
-0.6520035 0.5553896 2.6393971 50 50 50
-0.6372388 0.5522399 2.6244290 41 41 41
-0.5947064 0.5339264 2.5373971 77 77 77
-0.5803186 0.5305550 2.5213747 51 51 51
-0.5624855 0.5238490 2.4895055 52 52 52
-0.5431142 0.5154281 2.4494870 52 52 52
-0.5266562 0.5094991 2.4213104 63 63 63
-0.5103393 0.5034748 2.3926809 69 69 69
-0.4944590 0.4976470 2.3649852 86 86 86
-0.4788055 0.4918122 2.3372562 94 94 94
-0.4636994 0.4863063 2.3110902 112 112 112
-0.4487470 0.4807286 2.2845831 115 115 115
-0.4344068 0.4755763 2.2600980 115 115 115
-0.4202277 0.4703732 2.2353711 123 123 123
-0.4063880 0.4653201 2.2113566 110 110 110
-0.3928139 0.4603406 2.1876926 91 91 91
-0.3793984 0.4553121 2.1637955 96 96 96
-0.3665610 0.4507467 2.1420989 80 80 80
-0.3412295 0.4413497 2.0974417 55 55 55
-0.3290955 0.4369822 2.0766857 55 55 55
-0.3168018 0.4321581 2.0537596 55 55 55
-0.3048639 0.4275618 2.0319169 50 50 50
-0.2823594 0.4195857 1.9940116 51 51 51
-0.2709451 0.4149821 1.9721339 60 60 60
-0.2597842 0.4104875 1.9507740 58 58 58
-0.2378358 0.4012164 1.9067147 85 85 85
-0.2176515 0.3937925 1.8714340 67 67 67
-0.2092387 0.3928142 1.8667848 64 64 64
-0.2017905 0.3936413 1.8707150 71 71 71
-0.1943366 0.3945240 1.8749101 72 72 72
-0.1869474 0.3956184 1.8801110 72 72 72
-0.1794948 0.3966698 1.8851078 74 74 74
-0.1719470 0.3975984 1.8895205 78 78 78
-0.1643242 0.3984354 1.8934982 74 74 74
-0.1567182 0.3994008 1.8980863 64 64 64
-0.1494527 0.4013844 1.9075129 59 59 59
-0.1417206 0.4022695 1.9117191 72 72 72
-0.1339311 0.4030885 1.9156115 87 87 87
-0.1261195 0.4039418 1.9196664 84 84 84
-0.1184365 0.4053525 1.9263709 75 75 75
-0.1105170 0.4061014 1.9299299 79 79 79
-0.1026165 0.4070452 1.9344151 80 80 80
-0.0947191 0.4081653 1.9397380 81 81 81
-0.0867488 0.4091536 1.9444349 81 81 81
-0.0787154 0.4100193 1.9485489 84 84 84
-0.0706605 0.4109613 1.9530255 81 81 81
-0.0626202 0.4122482 1.9591414 72 72 72
-0.0544766 0.4131431 1.9633943 73 73 73
-0.0462921 0.4139933 1.9674346 74 74 74
-0.0381187 0.4153359 1.9738151 72 72 72
-0.0298541 0.4161556 1.9777108 72 72 72
-0.0215635 0.4171095 1.9822437 71 71 71
-0.0132474 0.4184654 1.9886876 68 68 68
-0.0048717 0.4193680 1.9929773 72 72 72
0.0035396 0.4202034 1.9969469 66 66 66
0.0119988 0.4215418 2.0033076 65 65 65
0.0204913 0.4224630 2.0076854 65 65 65
0.0290472 0.4237697 2.0138955 66 66 66
0.0376295 0.4247836 2.0187142 63 63 63
0.0462440 0.4257202 2.0231650 66 66 66
0.0549412 0.4270074 2.0292821 66 66 66
0.0636423 0.4279740 2.0338755 66 66 66
0.0724336 0.4292451 2.0399163 67 67 67
0.0812400 0.4303268 2.0450568 77 77 77
0.0900722 0.4313243 2.0497975 68 68 68
0.0990160 0.4326348 2.0560255 66 66 66
0.1079296 0.4336129 2.0606735 66 66 66
0.1168781 0.4345748 2.0652449 64 64 64
0.1259913 0.4359733 2.0718908 60 60 60
0.1350394 0.4369801 2.0766757 66 66 66
0.1442637 0.4383994 2.0834208 74 74 74
0.1533796 0.4393451 2.0879152 69 69 69
0.1627071 0.4407617 2.0946469 69 69 69
0.1719133 0.4417204 2.0992033 66 66 66
0.1813080 0.4430462 2.1055036 70 70 70
0.1906098 0.4440315 2.1101861 75 75 75
0.2001049 0.4453591 2.1164958 70 70 70
0.2095511 0.4464693 2.1217713 70 70 70
0.2191458 0.4477919 2.1280570 55 55 55
0.2286474 0.4488279 2.1329803 55 55 55
0.2383661 0.4501953 2.1394789 54 54 54
0.2479630 0.4512413 2.1444497 53 53 53
0.2578531 0.4527286 2.1515179 61 61 61
0.2675003 0.4537027 2.1561470 51 51 51
0.2779838 0.4559847 2.1669917 49 49 49
0.2880111 0.4573969 2.1737032 45 45 45
0.2977665 0.4583035 2.1780114 52 52 52
0.3077109 0.4594379 2.1834025 69 69 69
0.3175436 0.4603445 2.1877112 84 84 84
0.3277027 0.4616598 2.1939621 92 92 92
0.3379472 0.4630199 2.2004256 95 95 95
0.3480199 0.4640782 2.2054548 94 94 94
0.3584252 0.4655134 2.2122755 82 82 82
0.3688795 0.4669377 2.2190442 75 75 75
0.3790554 0.4679480 2.2238455 71 71 71
0.3896508 0.4694147 2.2308159 70 70 70
0.4002117 0.4707718 2.2372651 75 75 75
0.4105944 0.4718615 2.2424440 79 79 79
0.4213826 0.4733578 2.2495546 73 73 73
0.4321208 0.4747332 2.2560911 73 73 73
0.4430237 0.4762263 2.2631869 68 68 68
0.4540055 0.4777396 2.2703786 71 71 71
0.4647217 0.4789167 2.2759724 63 63 63
0.4756894 0.4802999 2.2825460 64 64 64
0.4869108 0.4818795 2.2900527 67 67 67
0.6024832 0.4975727 2.3646321 38 38 38
0.6121048 0.4972885 2.3632812 57 57 57
0.6238015 0.4986721 2.3698568 58 58 58
0.6358690 0.5003039 2.3776114 59 59 59
0.6479630 0.5019056 2.3852232 56 56 56
0.6598827 0.5033252 2.3919699 51 51 51
0.6721407 0.5049564 2.3997219 55 55 55
0.6842138 0.5064023 2.4065931 55 55 55
0.6963376 0.5078430 2.4134395 53 53 53
0.7090148 0.5096399 2.4219792 53 53 53
0.7208657 0.5108002 2.4274933 53 53 53
0.7333813 0.5123925 2.4350603 56 56 56
0.7458692 0.5139216 2.4423275 51 51 51
0.7585959 0.5155715 2.4501684 54 54 54
0.7701340 0.5163800 2.4540107 46 46 46
0.7823799 0.5176355 2.4599769 47 47 47
0.7952746 0.5192816 2.4677997 49 49 49
0.8074009 0.5203900 2.4730675 51 51 51
1.7962254 1.1008362 5.2315421 57 57 57
1.8210624 1.1025168 5.2395291 55 55 55
1.8423102 1.1020101 5.2371206 54 54 54
1.8628070 1.1010716 5.2326608 60 60 60
1.8893923 1.1037116 5.2452073 60 60 60
1.9096596 1.1026427 5.2401266 61 61 61
1.9363428 1.1052603 5.2525668 65 65 65
1.9564033 1.1040812 5.2469630 64 64 64
1.9762737 1.1028223 5.2409806 62 62 62
2.0036948 1.1057583 5.2549334 62 62 62
2.0238707 1.1046754 5.2497873 62 62 62
2.0710325 1.1062168 5.2571125 54 54 54
2.0906994 1.1048945 5.2508287 57 57 57
2.1183465 1.1077731 5.2645087 56 56 56
2.1383736 1.1066484 5.2591639 53 53 53
2.1582339 1.1054616 5.2535233 53 53 53
2.1851919 1.1078973 5.2650986 54 54 54
2.2050557 1.1067234 5.2595201 55 55 55
2.2297256 1.1079612 5.2654023 55 55 55
2.2514820 1.1077409 5.2643557 57 57 57
2.2710876 1.1064771 5.2583499 56 56 56
2.2992263 1.1093550 5.2720261 51 51 51
2.3182445 1.1078193 5.2647281 48 48 48
2.3652663 1.1090475 5.2705650 42 42 42
2.3838990 1.1073785 5.2626333 42 42 42
2.4111984 1.1097291 5.2738037 44 44 44
2.4296510 1.1080022 5.2655973 44 44 44
2.4567666 1.1102214 5.2761436 43 43 43
-2.5312147 1.0510482 4.8967996 42 42 42
-2.5130239 1.0520775 4.9015946 41 41 41
-2.4955678 1.0534341 4.9079156 44 44 44
-2.4766722 1.0542006 4.9114861 40 40 40
-2.4600856 1.0559713 4.9197359 42 42 42
-2.4318690 1.0527374 4.9046693 42 42 42
-2.4136028 1.0537925 4.9095845 43 43 43
-2.3956060 1.0549845 4.9151378 42 42 42
-2.3769994 1.0559263 4.9195261 44 44 44
-2.3590076 1.0571603 4.9252753 46 46 46
-2.3316872 1.0541985 4.9114766 45 45 45
-2.3140249 1.0555894 4.9179568 47 47 47
-2.2924154 1.0551887 4.9160895 48 48 48
-2.2745991 1.0565425 4.9223967 49 49 49
-2.2547927 1.0569884 4.9244742 48 48 48
-2.2314630 1.0557755 4.9188237 47 47 47
-2.2130125 1.0568701 4.9239230 47 47 47
-2.1947339 1.0580682 4.9295049 47 47 47
-2.1755631 1.0588551 4.9331713 48 48 48
-2.1559663 1.0594478 4.9359326 48 48 48
-2.1301599 1.0569708 4.9243927 50 50 50
-2.1122701 1.0584120 4.9311070 48 48 48
-2.0934887 1.0594306 4.9358525 48 48 48
-2.0748782 1.0605570 4.9411006 51 51 51
-2.0570807 1.0621262 4.9484110 50 50 50
-2.0304530 1.0591214 4.9344115 50 50 50
-2.0116408 1.0601732 4.9393125 46 46 46
-1.9937621 1.0617442 4.9466319 44 44 44
-1.9736065 1.0621232 4.9483972 42 42 42
-1.9542748 1.0629582 4.9522882 40 40 40
-1.9359905 1.0643873 4.9589458 32 32 32
-1.9100221 1.0615768 4.9458518 29 29 29
-1.8914461 1.0628582 4.9518218 32 32 32
-1.8713740 1.0633183 4.9539647 30 30 30
-1.8527490 1.0646200 4.9600301 30 30 30
-1.8331317 1.0653750 4.9635472 32 32 32
-1.4601072 0.8684129 4.0459070 43 43 43
-1.4173194 0.8529309 3.9737773 55 55 55
-1.3764507 0.8382472 3.9053664 69 69 69
-1.3269138 0.8178651 3.8104069 74 74 74
-1.2999206 0.8110488 3.7786500 54 54 54
-1.2555532 0.7930887 3.6949744 45 45 45
-1.2190139 0.7796840 3.6325223 59 59 59
-1.1828071 0.7661536 3.5694845 68 68 68
-1.1485747 0.7535697 3.5108566 65 65 65
-1.1034132 0.7333931 3.4168544 51 51 51
-1.0587435 0.7130136 3.3219073 53 53 53
-1.0349503 0.7063357 3.2907948 45 45 45
-0.9826301 0.6891078 3.2105308 70 70 70
-0.9571077 0.6805863 3.1708295 78 78 78
-0.9292778 0.6701593 3.1222503 85 85 85
-0.9052970 0.6622483 3.0853932 87 87 87
-0.8785703 0.6520685 3.0379660 54 54 54
-0.8515944 0.6413999 2.9882610 70 70 70
-0.8284007 0.6333021 2.9505336 54 54 54
-0.8033295 0.6235002 2.9048672 86 86 86
-0.7810107 0.6155641 2.8678930 97 97 97
-0.7604537 0.6087887 2.8363268 87 87 87
-0.7366523 0.5991580 2.7914577 76 76 76
-0.7168367 0.5925090 2.7604804 76 76 76
-0.6946385 0.5836387 2.7191534 83 83 83
-0.6720708 0.5741549 2.6749687 66 66 66
-0.6527846 0.5671986 2.6425598 52 52 52
-0.6375186 0.5635543 2.6255813 39 39 39
-0.5949690 0.5448670 2.5385177 78 78 78
-0.5810867 0.5419037 2.5247118 51 51 51
-0.5613248 0.5332444 2.4843681 50 50 50
-0.5441573 0.5267671 2.4541910 46 46 46
-0.5270491 0.5200973 2.4231164 54 54 54
-0.5108430 0.5140716 2.3950427 62 62 62
-0.4946845 0.5078516 2.3660641 78 78 78
-0.4792374 0.5021209 2.3393648 94 94 94
-0.4638961 0.4962625 2.3120706 107 107 107
-0.4490040 0.4906434 2.2858915 118 118 118
-0.4346563 0.4853856 2.2613957 105 105 105
-0.4207427 0.4803877 2.2381105 106 106 106
-0.4066043 0.4748978 2.2125335 109 109 109
-0.3930093 0.4697996 2.1887813 99 99 99
-0.3796985 0.4648042 2.1655073 106 106 106
-0.3666694 0.4599158 2.1427326 93 93 93
-0.3539369 0.4551617 2.1205835 86 86 86
-0.3427069 0.4521437 2.1065226 69 69 69
-0.3294181 0.4461765 2.0787218 58 58 58
-0.3172750 0.4414772 2.0568278 60 60 60
-0.3052882 0.4367372 2.0347445 56 56 56
-0.2933395 0.4317792 2.0116453 52 52 52
-0.2827275 0.4285522 1.9966108 47 47 47
-0.2711991 0.4236954 1.9739830 57 57 57
-0.2601176 0.4192511 1.9532772 56 56 56
-0.2275192 0.4052032 1.8878287 88 88 88
-0.2178202 0.4019955 1.8728840 69 69 69
-0.2093015 0.4008066 1.8673451 63 63 63
-0.2018895 0.4017269 1.8716325 70 70 70
-0.1944108 0.4025840 1.8756260 74 74 74
-0.1870107 0.4036834 1.8807477 73 73 73
-0.1795688 0.4047861 1.8858851 76 76 76
-0.1720116 0.4057187 1.8902304 79 79 79
-0.1644509 0.4067335 1.8949583 75 75 75
-0.1567709 0.4075419 1.8987243 71 71 71
-0.1494795 0.4095019 1.9078557 69 69 69
-0.1417680 0.4104683 1.9123586 74 74 74
-0.1339872 0.4113388 1.9164140 79 79 79
-0.1262155 0.4123506 1.9211280 74 74 74
-0.1184631 0.4135685 1.9268020 79 79 79
-0.1105576 0.4143923 1.9306400 79 79 79
-0.1026467 0.4153250 1.9349854 75 75 75
-0.0947648 0.4165463 1.9406756 76 76 76
-0.0867810 0.4175081 1.9451567 76 76 76
-0.0787505 0.4184225 1.9494169 78 78 78
-0.0707403 0.4196706 1.9552313 76 76 76
-0.0626481 0.4206977 1.9600170 73 73 73
-0.0544868 0.4215017 1.9637625 70 70 70
-0.0463439 0.4227622 1.9696352 68 68 68
-0.0381246 0.4237240 1.9741161 74 74 74
-0.0298682 0.4246969 1.9786489 73 73 73
-0.0215898 0.4259881 1.9846647 76 76 76
-0.0132513 0.4269766 1.9892699 72 72 72
-0.0048737 0.4279539 1.9938232 71 71 71
0.0035446 0.4292246 1.9997431 71 71 71
0.0120044 0.4301933 2.0042565 71 71 71
0.0204987 0.4310864 2.0084174 69 69 69
0.0290579 0.4324224 2.0146418 68 68 68
0.0376488 0.4335191 2.0197513 65 65 65
0.0462491 0.4342999 2.0233889 66 66 66
0.0549694 0.4357879 2.0303218 68 68 68
0.0636632 0.4366942 2.0345442 64 64 64
0.0724731 0.4380864 2.0410302 66 66 66
0.0812641 0.4390809 2.0456634 71 71 71
0.0901116 0.4401608 2.0506945 62 62 62
0.0990176 0.4413118 2.0560575 61 61 61
0.1079799 0.4425086 2.0616333 62 62 62
0.1170059 0.4437685 2.0675030 60 60 60
0.1260024 0.4447497 2.0720747 68 68 68
0.1350747 0.4458537 2.0772178 73 73 73
0.1443117 0.4473336 2.0841129 75 75 75
0.1534464 0.4483449 2.0888243 70 70 70
0.1627036 0.4495851 2.0946021 68 68 68
0.1719460 0.4506585 2.0996032 65 65 65
0.1812305 0.4517316 2.1046028 67 67 67
0.1903833 0.4523919 2.1076791 61 61 61
0.2001965 0.4544924 2.1174650 56 56 56
0.2096980 0.4557360 2.1232591 60 60 60
0.2193224 0.4571339 2.1297722 53 53 53
0.2293755 0.4592804 2.1397724 48 48 48
0.2389216 0.4602875 2.1444643 51 51 51
0.2485227 0.4613233 2.1492903 62 62 62
0.2581303 0.4622979 2.1538310 71 71 71
0.2679999 0.4636594 2.1601739 80 80 80
0.2776751 0.4646062 2.1645851 80 80 80
0.2876922 0.4660468 2.1712966 88 88 88
0.2974567 0.4670017 2.1757455 89 89 89
0.3075950 0.4684687 2.1825805 90 90 90
0.3177392 0.4698593 2.1890593 87 87 87
0.3277765 0.4710177 2.1944561 94 94 94
0.3380349 0.4724216 2.2009969 101 101 101
0.3481099 0.4735010 2.2060256 92 92 92
0.3584951 0.4749350 2.2127066 79 79 79
0.3688900 0.4763089 2.2191076 73 73 73
0.3793660 0.4777169 2.2256675 78 78 78
0.3898298 0.4790419 2.2318406 71 71 71
0.4004743 0.4805214 2.2387333 74 74 74
0.4110474 0.4818489 2.2449183 71 71 71
0.4215647 0.4830527 2.2505269 68 68 68
0.4323604 0.4845155 2.2573421 62 62 62
0.4432048 0.4859687 2.2641122 63 63 63
0.4540784 0.4873919 2.2707431 61 61 61
0.4649094 0.4887117 2.2768917 57 57 57
0.4758731 0.4901145 2.2834277 62 62 62
0.4869584 0.4915846 2.2902765 60 60 60
0.6017786 0.5069507 2.3618667 58 58 58
0.6122046 0.5073370 2.3636665 61 61 61
0.6238834 0.5087324 2.3701680 58 58 58
0.6358805 0.5103394 2.3776543 58 58 58
0.6480916 0.5120655 2.3856964 61 61 61
0.6600346 0.5135303 2.3925209 62 62 62
0.6721947 0.5151172 2.3999145 64 64 64
0.6843733 0.5166712 2.4071543 60 60 60
0.6968132 0.5183741 2.4150879 58 58 58
0.7090715 0.5198947 2.4221725 55 55 55
0.7214724 0.5214753 2.4295366 55 55 55
0.7342119 0.5232529 2.4378183 55 55 55
0.7459549 0.5242810 2.4426081 50 50 50
0.7588822 0.5261022 2.4510932 41 41 41
0.7702178 0.5267858 2.4542780 48 48 48
0.7826973 0.5282232 2.4609745 51 51 51
0.7955758 0.5298888 2.4687345 49 49 49
0.8083742 0.5314587 2.4760485 51 51 51
1.7763388 1.1104654 5.1736221 55 55 55
1.7960093 1.1091399 5.1674466 55 55 55
1.8228371 1.1122131 5.1817651 55 55 55
1.8422137 1.1107211 5.1748137 60 60 60
1.8615327 1.1092297 5.1678648 56 56 56
1.8883591 1.1121945 5.1816778 58 58 58
1.9077790 1.1107792 5.1750836 58 58 58
1.9275932 1.1096227 5.1696959 62 62 62
1.9545904 1.1125809 5.1834779 62 62 62
1.9740733 1.1112436 5.1772475 61 61 61
2.0009744 1.1140658 5.1903963 59 59 59
2.0203488 1.1126816 5.1839476 58 58 58
2.0400510 1.1115057 5.1784687 57 57 57
2.0670455 1.1142857 5.1914210 55 55 55
2.0865254 1.1129992 5.1854267 53 53 53
2.1062191 1.1118520 5.1800823 52 52 52
2.1342659 1.1150928 5.1951809 51 51 51
2.1531265 1.1135169 5.1878390 55 55 55
2.1806259 1.1163954 5.2012496 53 53 53
2.1996124 1.1149017 5.1942906 50 50 50
2.2184944 1.1133851 5.1872249 54 54 54
2.2436929 1.1150371 5.1949215 53 53 53
2.2638912 1.1141963 5.1910038 50 50 50
2.2918875 1.1171727 5.2048712 51 51 51
2.3114302 1.1160110 5.1994591 48 48 48
2.3295896 1.1142095 5.1910663 46 46 46
2.3567886 1.1167250 5.2027855 47 47 47
2.3761566 1.1155176 5.1971602 48 48 48
2.4033444 1.1179699 5.2085848 48 48 48
2.4220312 1.1164590 5.2015457 46 46 46
-2.5013480 1.0590525 4.8390203 43 43 43
-2.4847946 1.0606970 4.8465343 41 41 41
-2.4659774 1.0613945 4.8497214 42 42 42
-2.4489183 1.0628666 4.8564477 44 44 44
-2.4207594 1.0595053 4.8410897 42 42 42
-2.4037113 1.0609914 4.8478799 42 42 42
-2.3854187 1.0619488 4.8522544 42 42 42
-2.3683348 1.0634656 4.8591847 46 46 46
-2.3493884 1.0641651 4.8623815 45 45 45
-2.3230026 1.0614778 4.8501019 44 44 44
-2.3053875 1.0627857 4.8560786 45 45 45
-2.2865498 1.0635487 4.8595643 46 46 46
-2.2685282 1.0647085 4.8648639 47 47 47
-2.2500248 1.0656611 4.8692164 46 46 46
-2.2239366 1.0630059 4.8570848 48 48 48
-2.2039595 1.0632495 4.8581977 48 48 48
-2.1839797 1.0634965 4.8593259 47 47 47
-2.1688972 1.0661553 4.8714747 47 47 47
-2.1509309 1.0674338 4.8773170 48 48 48
-2.1239271 1.0642089 4.8625813 47 47 47
-2.1051502 1.0650834 4.8665771 47 47 47
-2.0874784 1.0665395 4.8732305 47 47 47
-2.0693066 1.0677668 4.8788381 48 48 48
-2.0504696 1.0686721 4.8829741 47 47 47
-2.0245266 1.0658545 4.8701005 48 48 48
-2.0063298 1.0670992 4.8757873 47 47 47
-1.9903209 1.0695453 4.8869643 46 46 46
-1.9709471 1.0702155 4.8900266 41 41 41
-1.9507350 1.0704398 4.8910518 45 45 45
-1.9323453 1.0716797 4.8967166 37 37 37
-1.9075789 1.0693717 4.8861709 36 36 36
-1.8895750 1.0708456 4.8929057 36 36 36
-1.8699298 1.0714116 4.8954921 36 36 36
-1.8505815 1.0721624 4.8989224 36 36 36
-1.8306882 1.0726107 4.9009709 37 37 37
-1.8111112 1.0732567 4.9039226 36 36 36
-1.4612124 0.8861445 4.0489697 44 44 44
-1.4195297 0.8710444 3.9799743 61 61 61
-1.3780681 0.8557203 3.9099555 65 65 65
-1.3373659 0.8405023 3.8404212 67 67 67
-1.2985256 0.8260957 3.7745948 47 47 47
-1.2580261 0.8102630 3.7022519 40 40 40
-1.2216278 0.7967069 3.6403117 52 52 52
-1.1841815 0.7821136 3.5736320 59 59 59
-1.1490133 0.7686682 3.5121973 66 66 66
-1.1087561 0.7514227 3.4333992 57 57 57
-1.0596281 0.7276295 3.3246832 56 56 56
-1.0328517 0.7187524 3.2841220 36 36 36
-0.9575913 0.6943082 3.1724317 67 67 67
-0.9293993 0.6834150 3.1226585 80 80 80
-0.9018328 0.6726753 3.0735867 85 85 85
-0.8786569 0.6649450 3.0382655 50 50 50
-0.8522972 0.6545410 2.9907272 66 66 66
-0.8298495 0.6468737 2.9556940 51 51 51
-0.8041942 0.6364341 2.9079938 77 77 77
-0.7822240 0.6286329 2.8723483 96 96 96
-0.7610222 0.6212135 2.8384473 96 96 96
-0.7376179 0.6117303 2.7951169 87 87 87
-0.7175534 0.6047539 2.7632403 77 77 77
-0.6951100 0.5955092 2.7209992 75 75 75
-0.6730556 0.5862929 2.6788883 67 67 67
-0.6531100 0.5786303 2.6438766 53 53 53
-0.6379715 0.5750345 2.6274467 40 40 40
-0.5814471 0.5528930 2.5262775 51 51 51
-0.5621789 0.5445482 2.4881485 54 54 54
-0.5445020 0.5374566 2.4557459 47 47 47
-0.5279184 0.5311902 2.4271133 51 51 51
-0.5112486 0.5245876 2.3969443 59 59 59
-0.4952053 0.5183743 2.3685548 69 69 69
-0.4799032 0.5126971 2.3426147 78 78 78
-0.4644131 0.5065763 2.3146474 91 91 91
-0.4493440 0.5006617 2.2876225 94 94 94
-0.4349601 0.4952678 2.2629766 106 106 106
-0.4207149 0.4897933 2.2379627 97 97 97
-0.4069042 0.4845851 2.2141652 108 108 108
-0.3933846 0.4794870 2.1908712 102 102 102
-0.3800054 0.4743191 2.1672578 97 97 97
-0.3669584 0.4693211 2.1444211 95 95 95
-0.3541168 0.4643401 2.1216617 94 94 94
-0.3414948 0.4593962 2.0990720 88 88 88
-0.3178380 0.4509494 2.0604773 62 62 62
-0.3055788 0.4457415 2.0366814 63 63 63
-0.2936742 0.4407646 2.0139410 60 60 60
-0.2825543 0.4367041 1.9953877 51 51 51
-0.2716354 0.4327146 1.9771588 49 49 49
-0.2603914 0.4279380 1.9553334 53 53 53
-0.2277656 0.4136116 1.8898734 84 84 84
-0.2178551 0.4099590 1.8731840 68 68 68
-0.2093984 0.4088705 1.8682101 65 65 65
-0.2019511 0.4097444 1.8722036 69 69 69
-0.1946109 0.4109159 1.8775561 75 75 75
-0.1871106 0.4118343 1.8817524 77 77 77
-0.1796306 0.4128807 1.8865336 72 72 72
-0.1720499 0.4137818 1.8906510 75 75 75
-0.1644996 0.4148473 1.8955195 78 78 78
-0.1569825 0.4161095 1.9012870 74 74 74
-0.1495482 0.4177391 1.9087328 67 67 67
-0.1417934 0.4186078 1.9127018 73 73 73
-0.1340369 0.4195757 1.9171245 73 73 73
-0.1263454 0.4208847 1.9231055 79 79 79
-0.1184756 0.4217382 1.9270055 75 75 75
-0.1105947 0.4226756 1.9312885 76 76 76
-0.1026891 0.4236596 1.9357845 77 77 77
-0.0947897 0.4248413 1.9411842 73 73 73
-0.0868135 0.4258700 1.9458843 72 72 72
-0.0787859 0.4268347 1.9502922 76 76 76
-0.0707512 0.4279816 1.9555327 73 73 73
-0.0626594 0.4290404 1.9603708 72 72 72
-0.0545068 0.4299405 1.9644834 75 75 75
-0.0463612 0.4312291 1.9703714 68 68 68
-0.0381498 0.4323347 1.9754226 72 72 72
-0.0298817 0.4332352 1.9795376 75 75 75
-0.0215971 0.4345035 1.9853327 74 74 74
-0.0132543 0.4354641 1.9897220 68 68 68
-0.0048748 0.4364584 1.9942647 74 74 74
0.0035459 0.4378175 2.0004752 76 76 76
0.0120089 0.4388084 2.0050027 72 72 72
0.0205101 0.4397995 2.0095310 66 66 66
0.0290696 0.4410951 2.0154512 64 64 64
0.0376502 0.4420528 2.0198269 65 65 65
0.0463131 0.4434449 2.0261877 67 67 67
0.0549882 0.4445022 2.0310187 72 72 72
0.0636777 0.4453751 2.0350070 68 68 68
0.0724918 0.4468082 2.0415552 67 67 67
0.0812734 0.4477587 2.0458980 63 63 63
0.0901790 0.4491441 2.0522285 62 62 62
0.0990570 0.4501614 2.0568767 64 64 64
0.1080041 0.4513036 2.0620956 63 63 63
0.1170653 0.4527169 2.0685532 63 63 63
0.1260530 0.4536697 2.0729067 66 66 66
0.1352472 0.4551936 2.0798697 64 64 64
0.1443437 0.4562235 2.0845757 59 59 59
0.1536557 0.4577770 2.0916736 53 53 53
0.1628706 0.4588884 2.0967522 51 51 51
0.1724244 0.4607909 2.1054449 49 49 49
0.1817894 0.4620271 2.1110933 48 48 48
0.1911232 0.4630724 2.1158698 59 59 59
0.2004633 0.4640390 2.1202862 73 73 73
0.2100399 0.4654473 2.1267209 77 77 77
0.2194993 0.4664910 2.1314898 84 84 84
0.2291382 0.4678192 2.1375585 81 81 81
0.2385268 0.4685551 2.1409211 86 86 86
0.2484438 0.4702374 2.1486077 90 90 90
0.2581199 0.4713616 2.1537445 87 87 87
0.2680347 0.4728303 2.1604552 91 91 91
0.2777371 0.4738400 2.1650686 88 88 88
0.2876505 0.4751340 2.1709814 84 84 84
0.2977607 0.4766632 2.1779685 83 83 83
0.3076435 0.4777478 2.1829243 84 84 84
0.3178425 0.4792462 2.1897707 88 88 88
0.3279169 0.4804774 2.1953964 94 94 94
0.3382359 0.4819894 2.2023053 90 90 90
0.3485887 0.4834676 2.2090592 87 87 87
0.3586735 0.4845069 2.2138081 75 75 75
0.3690964 0.4859385 2.2203491 70 70 70
0.3795156 0.4872946 2.2265453 68 68 68
0.3899050 0.4885478 2.2322717 70 70 70
0.4006035 0.4901200 2.2394552 64 64 64
0.4112723 0.4915844 2.2461467 61 61 61
0.4220636 0.4931259 2.2531900 58 58 58
0.4324720 0.4941621 2.2579246 61 61 61
0.4433605 0.4956905 2.2649078 61 61 61
0.4542681 0.4971752 2.2716918 68 68 68
0.4652798 0.4987102 2.2787056 68 68 68
0.4759966 0.4998734 2.2840204 63 63 63
0.4871459 0.5014356 2.2911584 59 59 59
0.5776494 0.5131710 2.3447797 71 71 71
0.5892740 0.5146880 2.3517113 68 68 68
0.6010247 0.5162630 2.3589079 65 65 65
0.6127274 0.5177462 2.3656850 66 66 66
0.6246539 0.5193679 2.3730950 62 62 62
0.6364970 0.5208703 2.3799598 63 63 63
0.6480335 0.5220791 2.3854825 68 68 68
0.6601741 0.5237301 2.3930266 72 72 72
0.6724180 0.5254121 2.4007120 67 67 67
0.6847648 0.5271235 2.4085314 59 59 59
0.6972360 0.5288791 2.4165533 58 58 58
0.7093746 0.5303355 2.4232082 51 51 51
0.7218660 0.5320106 2.4308617 47 47 47
0.7343942 0.5336655 2.4384234 51 51 51
0.7470514 0.5353672 2.4461987 46 46 46
0.7596840 0.5370051 2.4536827 44 44 44
0.7707139 0.5374813 2.4558585 46 46 46
0.7830833 0.5388666 2.4621885 51 51 51
0.7958734 0.5405014 2.4696581 53 53 53
0.8086302 0.5420716 2.4768326 51 51 51
1.7503479 1.1157150 5.0979228 54 54 54
1.7766870 1.1187637 5.1118526 53 53 53
1.7959086 1.1173110 5.1052151 53 53 53
1.8156723 1.1162261 5.1002579 56 56 56
1.8409837 1.1185373 5.1108184 55 55 55
1.8602207 1.1171470 5.1044655 58 58 58
1.8799361 1.1160725 5.0995564 58 58 58
1.9056046 1.1185166 5.1107240 54 54 54
1.9247084 1.1170958 5.1042318 55 55 55
1.9523450 1.1206043 5.1202626 57 57 57
1.9710022 1.1189382 5.1126504 57 57 57
1.9902406 1.1176345 5.1066937 58 58 58
2.0169556 1.1205125 5.1198435 55 55 55
2.0359650 1.1190940 5.1133618 59 59 59
2.0822699 1.1208053 5.1211810 57 57 57
2.1013024 1.1194397 5.1149416 54 54 54
2.1287293 1.1225286 5.1290555 54 54 54
2.1476843 1.1211326 5.1226768 57 57 57
2.1673734 1.1201440 5.1181598 53 53 53
2.1933830 1.1224091 5.1285095 50 50 50
2.2118437 1.1208050 5.1211801 51 51 51
2.2350407 1.1216085 5.1248512 50 50 50
2.2582102 1.1223829 5.1283898 50 50 50
2.2774727 1.1212193 5.1230731 51 51 51
2.3036373 1.1234436 5.1332364 50 50 50
2.3222818 1.1219932 5.1266088 50 50 50
2.3492942 1.1245750 5.1384058 49 49 49
2.3673210 1.1228478 5.1305141 48 48 48
2.3945992 1.1255001 5.1426330 47 47 47
-2.4732466 1.0673311 4.7846560 41 41 41
-2.4557142 1.0684817 4.7898140 43 43 43
-2.4378972 1.0695263 4.7944970 42 42 42
-2.4132893 1.0675845 4.7857919 42 42 42
-2.3947170 1.0683023 4.7890100 42 42 42
-2.3766878 1.0692767 4.7933779 43 43 43
-2.3585830 1.0702335 4.7976670 43 43 43
-2.3406086 1.0712665 4.8022981 42 42 42
-2.3140728 1.0683650 4.7892909 43 43 43
-2.2967165 1.0696877 4.7952204 42 42 42
-2.2786286 1.0706900 4.7997136 44 44 44
-2.2606680 1.0717708 4.8045588 45 45 45
-2.2425494 1.0727955 4.8091521 46 46 46
-2.2163057 1.0699166 4.7962465 45 45 45
-2.1984413 1.0710669 4.8014026 46 46 46
-2.1800025 1.0719560 4.8053889 44 44 44
-2.1619933 1.0730753 4.8104062 46 46 46
-2.1436574 1.0740520 4.8147845 47 47 47
-2.1176441 1.0711639 4.8018379 46 46 46
-2.0991144 1.0720420 4.8057742 45 45 45
-2.0815520 1.0734361 4.8120236 47 47 47
-2.0631135 1.0744014 4.8163509 48 48 48
-2.0386183 1.0722003 4.8064842 46 46 46
-2.0189919 1.0725416 4.8080134 50 50 50
-2.0016582 1.0741198 4.8150887 49 49 49
-1.9829416 1.0749811 4.8189492 48 48 48
-1.9667219 1.0772276 4.8290200 45 45 45
-1.9495854 1.0790137 4.8370271 42 42 42
-1.9225372 1.0752939 4.8203521 46 46 46
-1.9055020 1.0771548 4.8286939 41 41 41
-1.8858429 1.0775566 4.8304954 37 37 37
-1.8675538 1.0787586 4.8358836 39 39 39
-1.8483342 1.0794437 4.8389544 38 38 38
-1.8293514 1.0802839 4.8427215 39 39 39
-1.8031921 1.0768573 4.8273606 40 40 40
-1.7841176 1.0776318 4.8308320 40 40 40
-1.4617523 0.9035525 4.0504656 45 45 45
-1.4209906 0.8887414 3.9840703 58 58 58
-1.3794516 0.8730840 3.9138808 63 63 63
-1.3364652 0.8561202 3.8378351 71 71 71
-1.3016078 0.8440117 3.7835546 45 45 45
-1.2596517 0.8269423 3.7070355 43 43 43
-1.2228028 0.8128390 3.6438129 55 55 55
-1.1862036 0.7985448 3.5797346 58 58 58
-1.1507037 0.7846316 3.5173643 61 61 61
-1.1122875 0.7683406 3.4443347 53 53 53
-1.0339783 0.7334005 3.2877045 39 39 39
-1.0157212 0.7302422 3.2735462 47 47 47
-0.9299095 0.6969655 3.1243725 77 77 77
-0.9020898 0.6858318 3.0744627 84 84 84
-0.8794445 0.6783648 3.0409892 47 47 47
-0.8527048 0.6674717 2.9921572 73 73 73
-0.8304953 0.6598508 2.9579942 51 51 51
-0.8052153 0.6495208 2.9116864 85 85 85
-0.7830466 0.6414193 2.8753691 97 97 97
-0.7589971 0.6314982 2.8308942 95 95 95
-0.7385123 0.6242732 2.7985060 89 89 89
-0.7181371 0.6169078 2.7654881 80 80 80
-0.6959257 0.6076957 2.7241921 77 77 77
-0.6744182 0.5987995 2.6843119 63 63 63
-0.6540036 0.5905864 2.6474941 53 53 53
-0.6382914 0.5864082 2.6287639 40 40 40
-0.5819624 0.5640456 2.5285165 51 51 51
-0.5624835 0.5553412 2.4894965 60 60 60
-0.5453572 0.5486729 2.4596031 50 50 50
-0.5283113 0.5418282 2.4289198 50 50 50
-0.5117047 0.5351723 2.3990827 55 55 55
-0.4959213 0.5291263 2.3719797 59 59 59
-0.4802152 0.5229155 2.3441377 65 65 65
-0.4648363 0.5168076 2.3167567 82 82 82
-0.4496391 0.5106437 2.2891250 84 84 84
-0.4351027 0.5049762 2.2637184 91 91 91
-0.4210135 0.4995850 2.2395511 106 106 106
-0.4070430 0.4940906 2.2149205 118 118 118
-0.3935159 0.4888890 2.1916027 106 106 106
-0.3801584 0.4836528 2.1681299 99 99 99
-0.3671562 0.4786220 2.1455774 102 102 102
-0.3543330 0.4735760 2.1229575 103 103 103
-0.3417203 0.4685571 2.1004584 91 91 91
-0.3293413 0.4636000 2.0782368 82 82 82
-0.3186069 0.4607504 2.0654621 80 80 80
-0.3060597 0.4550451 2.0398867 70 70 70
-0.2939565 0.4496892 2.0158768 62 62 62
-0.2823615 0.4448149 1.9940263 58 58 58
-0.2719926 0.4416321 1.9797585 53 53 53
-0.2607175 0.4367298 1.9577824 51 51 51
-0.2381810 0.4259553 1.9094822 75 75 75
-0.2279679 0.4219556 1.8915522 81 81 81
-0.2181236 0.4183731 1.8754925 69 69 69
-0.2094944 0.4169395 1.8690660 66 66 66
-0.2021741 0.4181006 1.8742707 72 72 72
-0.1946768 0.4189754 1.8781923 78 78 78
-0.1871748 0.4199136 1.8823985 77 77 77
-0.1796839 0.4209611 1.8870938 74 74 74
-0.1721286 0.4219477 1.8915166 83 83 83
-0.1644148 0.4226227 1.8945425 87 87 87
-0.1570539 0.4243202 1.9021523 72 72 72
-0.1496044 0.4259481 1.9094498 66 66 66
-0.1418473 0.4268356 1.9134282 72 72 72
-0.1340768 0.4277876 1.9176958 70 70 70
-0.1263495 0.4290083 1.9231679 73 73 73
-0.1185294 0.4300598 1.9278820 69 69 69
-0.1106239 0.4309331 1.9317969 69 69 69
-0.1027944 0.4322654 1.9377692 71 71 71
-0.0948356 0.4332371 1.9421250 72 72 72
-0.0868424 0.4342204 1.9465330 72 72 72
-0.0788898 0.4356330 1.9528654 70 70 70
-0.0707801 0.4364062 1.9563315 67 67 67
-0.0626805 0.4374542 1.9610298 73 73 73
-0.0545353 0.4384538 1.9655105 68 68 68
-0.0463835 0.4397499 1.9713207 69 69 69
-0.0381554 0.4407303 1.9757158 72 72 72
-0.0299160 0.4420911 1.9818161 73 73 73
-0.0216034 0.4430053 1.9859143 72 72 72
-0.0132562 0.4439195 1.9900123 67 67 67
-0.0048798 0.4453221 1.9962999 71 71 71
0.0035468 0.4463691 2.0009935 68 68 68
0.0120097 0.4472939 2.0051391 62 62 62
0.0205230 0.4485545 2.0107901 58 58 58
0.0290814 0.4497776 2.0162733 58 58 58
0.0376723 0.4508351 2.0210140 61 61 61
0.0463118 0.4519769 2.0261323 61 61 61
0.0549942 0.4531164 2.0312407 65 65 65
0.0637557 0.4545123 2.0374980 59 59 59
0.0725236 0.4556173 2.0424516 57 57 57
0.0813206 0.4566509 2.0470850 58 58 58
0.0902123 0.4579672 2.0529857 57 57 57
0.0991076 0.4590694 2.0579269 56 56 56
0.1081889 0.4607866 2.0656245 50 50 50
0.1172113 0.4620152 2.0711324 46 46 46
0.1264038 0.4636979 2.0786753 52 52 52
0.1354576 0.4646864 2.0831068 59 59 59
0.1445682 0.4657373 2.0878179 68 68 68
0.1537969 0.4670262 2.0935957 78 78 78
0.1629970 0.4680933 2.0983794 79 79 79
0.1723564 0.4694843 2.1046147 83 83 83
0.1814083 0.4699423 2.1066680 81 81 81
0.1910938 0.4719224 2.1155443 83 83 83
0.2004804 0.4730206 2.1204677 82 82 82
0.2100366 0.4744080 2.1266870 82 82 82
0.2195181 0.4755203 2.1316731 77 77 77
0.2291672 0.4768935 2.1378288 76 76 76
0.2386682 0.4778663 2.1421900 76 76 76
0.2484823 0.4793722 2.1489406 85 85 85
0.2582039 0.4806000 2.1544447 89 89 89
0.2680760 0.4820151 2.1607881 90 90 90
0.2780030 0.4834323 2.1671414 90 90 90
0.2877634 0.4844790 2.1718335 86 86 86
0.2978788 0.4860403 2.1788325 83 83 83
0.3077563 0.4871317 2.1837249 82 82 82
0.3179475 0.4886418 2.1904945 80 80 80
0.3282924 0.4902961 2.1979103 84 84 84
0.3382457 0.4912907 2.2023692 80 80 80
0.3486787 0.4929104 2.2096300 79 79 79
0.3590438 0.4943523 2.2160935 72 72 72
0.3691785 0.4954118 2.2208433 66 66 66
0.3797081 0.4969357 2.2276745 65 65 65
0.3902944 0.4984584 2.2345009 63 63 63
0.4007186 0.4997072 2.2400990 61 61 61
0.4113276 0.5011237 2.2464485 60 60 60
0.4219690 0.5025148 2.2526851 63 63 63
0.4329554 0.5042467 2.2604485 61 61 61
0.4434907 0.5053898 2.2655730 58 58 58
0.4543912 0.5068921 2.2723074 61 61 61
0.4654371 0.5084912 2.2794759 61 61 61
0.4762998 0.5098295 2.2854753 63 63 63
0.4870940 0.5110428 2.2909145 56 56 56
0.4983081 0.5126409 2.2980783 55 55 55
0.5098645 0.5145235 2.3065176 66 66 66
0.5321482 0.5172751 2.3188527 56 56 56
0.5431823 0.5184736 2.3242254 57 57 57
0.5546485 0.5200347 2.3312235 58 58 58
0.5662127 0.5216318 2.3383832 60 60 60
0.5776728 0.5230799 2.3448746 64 64 64
0.5892825 0.5246125 2.3517451 66 66 66
0.6012547 0.5264118 2.3598106 65 65 65
0.6129586 0.5279213 2.3665774 62 62 62
0.6247386 0.5294469 2.3734167 61 61 61
0.6370028 0.5313284 2.3818510 61 61 61
0.6490967 0.5330115 2.3893962 58 58 58
0.6611738 0.5346297 2.3966501 58 58 58
0.6731116 0.5360881 2.4031880 58 58 58
0.6848990 0.5373854 2.4090035 60 60 60
0.6974158 0.5392086 2.4171765 56 56 56
0.7097903 0.5408708 2.4246280 54 54 54
0.7221373 0.5424652 2.4317753 53 53 53
0.7347147 0.5441856 2.4394877 52 52 52
0.7474220 0.5459534 2.4474123 46 46 46
0.7600579 0.5476215 2.4548905 46 46 46
0.7713434 0.5482850 2.4578645 47 47 47
0.7840426 0.5499224 2.4652045 50 50 50
0.7961202 0.5510867 2.4704239 50 50 50
0.8090662 0.5528142 2.4781682 48 48 48
1.7307673 1.1244910 5.0408936 55 55 55
1.7499930 1.1231872 5.0350490 56 56 56
1.7696035 1.1221585 5.0304379 53 53 53
1.7952219 1.1249191 5.0428128 52 52 52
1.8144768 1.1236740 5.0372314 54 54 54
1.8405249 1.1266161 5.0504203 56 56 56
1.8595145 1.1252197 5.0441604 56 56 56
1.8784457 1.1238198 5.0378852 56 56 56
1.9040563 1.1264027 5.0494637 56 56 56
1.9231266 1.1251022 5.0436335 53 53 53
1.9418689 1.1236403 5.0370803 53 53 53
1.9688060 1.1269006 5.0516953 57 57 57
1.9874468 1.1253933 5.0449386 58 58 58
2.0131717 1.1278868 5.0561161 56 56 56
2.0317016 1.1263392 5.0491786 58 58 58
2.0509264 1.1252049 5.0440941 56 56 56
2.0771415 1.1278898 5.0561299 58 58 58
2.0962365 1.1266930 5.0507650 55 55 55
2.1227221 1.1294529 5.0631371 54 54 54
2.1423225 1.1285307 5.0590034 56 56 56
2.1610804 1.1271874 5.0529809 53 53 53
2.1880376 1.1301049 5.0660601 53 53 53
2.2057962 1.1282612 5.0577950 57 57 57
2.2333696 1.1314249 5.0719771 55 55 55
2.2508292 1.1294535 5.0631399 51 51 51
2.2693744 1.1280588 5.0568871 52 52 52
2.2963231 1.1308284 5.0693030 52 52 52
2.3144190 1.1292275 5.0621266 51 51 51
2.3414447 1.1319730 5.0744343 50 50 50
2.3591785 1.1302173 5.0665641 49 49 49
-2.4453921 1.0752599 4.7307701 42 42 42
-2.4274125 1.0761333 4.7346120 44 44 44
-2.4105964 1.0775410 4.7408061 42 42 42
-2.3837347 1.0744444 4.7271824 41 41 41
-2.3665540 1.0756960 4.7326889 43 43 43
-2.3493502 1.0769584 4.7382426 42 42 42
-2.3319745 1.0781629 4.7435422 43 43 43
-2.3050907 1.0749543 4.7294250 42 42 42
-2.2884624 1.0765139 4.7362866 45 45 45
-2.2706435 1.0775359 4.7407837 43 43 43
-2.2529714 1.0786464 4.7456694 44 44 44
-2.2348998 1.0795839 4.7497940 45 45 45
-2.2092824 1.0768602 4.7378106 43 43 43
-2.1915388 1.0779598 4.7426486 46 46 46
-2.1734538 1.0789102 4.7468300 46 46 46
-2.1560311 1.0802101 4.7525492 45 45 45
-2.1381414 1.0812981 4.7573361 44 44 44
-2.1115463 1.0779626 4.7426610 48 48 48
-2.0937459 1.0790962 4.7476482 49 49 49
-2.0762286 1.0803987 4.7533789 48 48 48
-2.0578327 1.0812651 4.7571902 48 48 48
-2.0394342 1.0821471 4.7610712 47 47 47
-2.0142562 1.0794137 4.7490449 46 46 46
-1.9958568 1.0802944 4.7529197 47 47 47
-1.9783599 1.0816864 4.7590442 48 48 48
-1.9610325 1.0832006 4.7657061 46 46 46
-1.9445145 1.0851977 4.7744927 44 44 44
-1.9186649 1.0819745 4.7603116 46 46 46
-1.9000636 1.0828137 4.7640042 44 44 44
-1.8827085 1.0843887 4.7709336 44 44 44
-1.8656585 1.0861753 4.7787938 40 40 40
-1.8456082 1.0862352 4.7790570 44 44 44
-1.8268973 1.0870932 4.7828326 37 37 37
-1.8007187 1.0834773 4.7669234 39 39 39
-1.7823876 1.0845548 4.7716646 38 38 38
-1.7640064 1.0856261 4.7763772 38 38 38
-1.4624207 0.9210541 4.0523176 46 46 46
-1.4233189 0.9070258 3.9905982 58 58 58
-1.3399436 0.8745745 3.8478239 61 61 61
-1.2614709 0.8437915 3.7123895 43 43 43
-1.2246352 0.8294458 3.6492734 58 58 58
-1.1874841 0.8145186 3.5835989 62 62 62
-1.1529669 0.8010365 3.5242822 62 62 62
-1.1143686 0.7843299 3.4507790 53 53 53
-1.0844524 0.7733728 3.4025714 43 43 43
-1.0411524 0.7524493 3.3105154 40 40 40
-1.0153425 0.7437691 3.2723255 65 65 65
-0.9854674 0.7318308 3.2198009 61 61 61
-0.9022034 0.6988847 3.0748498 79 79 79
-0.8799777 0.6916075 3.0428326 49 49 49
-0.8535620 0.6807731 2.9951651 72 72 72
-0.8315228 0.6731564 2.9616539 49 49 49
-0.8056508 0.6621571 2.9132609 84 84 84
-0.7836698 0.6540647 2.8776572 95 95 95
-0.7597663 0.6440880 2.8337631 97 97 97
-0.7390856 0.6365681 2.8006783 93 93 93
-0.7187410 0.6290983 2.7678137 80 80 80
-0.6964751 0.6196724 2.7263432 77 77 77
-0.6754254 0.6110302 2.6883206 63 63 63
-0.6522435 0.6001313 2.6403689 50 50 50
-0.6385339 0.5977206 2.6297629 39 39 39
-0.5632668 0.5666274 2.4929636 62 62 62
-0.5460274 0.5597318 2.4626257 59 59 59
-0.5291977 0.5529970 2.4329946 51 51 51
-0.5125933 0.5462361 2.4032490 54 54 54
-0.4965819 0.5398470 2.3751390 58 58 58
-0.4807098 0.5333495 2.3465524 60 60 60
-0.4650505 0.5268198 2.3178244 70 70 70
-0.4501814 0.5209242 2.2918854 86 86 86
-0.4354956 0.5149868 2.2657628 84 84 84
-0.4212659 0.5093343 2.2408938 100 100 100
-0.4073572 0.5038195 2.2166305 106 106 106
-0.3937411 0.4984159 2.1928568 98 98 98
-0.3804409 0.4931619 2.1697412 101 101 101
-0.3669336 0.4873740 2.1442764 97 97 97
-0.3545661 0.4828459 2.1243539 106 106 106
-0.3420758 0.4779113 2.1026435 99 99 99
-0.3296293 0.4727770 2.0800543 88 88 88
-0.3186113 0.4694667 2.0654902 94 94 94
-0.3065732 0.4644251 2.0433090 78 78 78
-0.2950045 0.4598237 2.0230644 65 65 65
-0.2828128 0.4539480 1.9972135 64 64 64
-0.2610623 0.4455742 1.9603716 60 60 60
-0.2496493 0.4400286 1.9359729 58 58 58
-0.2387499 0.4350442 1.9140431 71 71 71
-0.2281439 0.4302641 1.8930123 79 79 79
-0.2177153 0.4254840 1.8719819 67 67 67
-0.2096336 0.4251036 1.8703083 63 63 63
-0.2022334 0.4261293 1.8748211 71 71 71
-0.1947669 0.4270931 1.8790610 78 78 78
-0.1873370 0.4282223 1.8840292 77 77 77
-0.1797881 0.4291674 1.8881872 79 79 79
-0.1721749 0.4300397 1.8920254 81 81 81
-0.1642793 0.4302569 1.8929808 68 68 68
-0.1570643 0.4323701 1.9022783 63 63 63
-0.1496431 0.4341123 1.9099433 63 63 63
-0.1418896 0.4350341 1.9139990 67 67 67
-0.1342463 0.4364251 1.9201189 70 70 70
-0.1264163 0.4373491 1.9241841 69 69 69
-0.1185559 0.4382875 1.9283125 64 64 64
-0.1106863 0.4393271 1.9328865 63 63 63
-0.1028327 0.4406009 1.9384906 61 61 61
-0.0948604 0.4415425 1.9426334 62 62 62
-0.0868649 0.4425431 1.9470360 62 62 62
-0.0788928 0.4438850 1.9529397 62 62 62
-0.0708140 0.4448692 1.9572699 71 71 71
-0.0626898 0.4457900 1.9613210 72 72 72
-0.0546004 0.4472757 1.9678575 68 68 68
-0.0463904 0.4481296 1.9716146 63 63 63
-0.0381699 0.4492314 1.9764621 63 63 63
-0.0299204 0.4505146 1.9821074 67 67 67
-0.0216091 0.4514978 1.9864333 68 68 68
-0.0132629 0.4525383 1.9910113 65 65 65
-0.0048818 0.4539244 1.9971095 66 66 66
0.0035471 0.4548440 2.0011556 63 63 63
0.0120147 0.4559396 2.0059757 61 61 61
0.0205335 0.4572676 2.0118186 62 62 62
0.0290827 0.4582992 2.0163572 60 60 60
0.0377096 0.4598120 2.0230129 55 55 55
0.0463355 0.4607566 2.0271688 56 56 56
0.0550202 0.4619000 2.0321996 52 52 52
0.0638957 0.4641213 2.0419724 45 45 45
0.0726515 0.4650488 2.0460529 44 44 44
0.0814554 0.4660550 2.0504801 51 51 51
0.0903030 0.4670936 2.0550497 61 61 61
0.0991996 0.4681819 2.0598378 73 73 73
0.1082319 0.4696835 2.0664439 83 83 83
0.1171924 0.4706731 2.0707979 77 77 77
0.1263303 0.4721886 2.0774655 75 75 75
0.1354399 0.4734088 2.0828342 71 71 71
0.1446190 0.4747084 2.0885520 74 74 74
0.1538046 0.4758787 2.0937009 77 77 77
0.1629720 0.4768689 2.0980573 71 71 71
0.1723829 0.4784328 2.1049383 79 79 79
0.1816592 0.4794882 2.1095815 78 78 78
0.1911492 0.4809829 2.1161575 84 84 84
0.2005467 0.4821220 2.1211693 84 84 84
0.2101333 0.4835988 2.1276665 85 85 85
0.2195758 0.4846368 2.1322331 77 77 77
0.2292573 0.4860997 2.1386695 75 75 75
0.2389348 0.4874437 2.1445827 78 78 78
0.2485794 0.4886251 2.1497808 89 89 89
0.2584538 0.4901592 2.1565299 88 88 88
0.2682005 0.4913550 2.1617913 90 90 90
0.2781695 0.4928660 2.1684394 84 84 84
0.2879265 0.4939173 2.1730642 81 81 81
0.2980056 0.4954391 2.1797600 72 72 72
0.3081733 0.4970128 2.1866837 75 75 75
0.3180928 0.4981065 2.1914954 70 70 70
0.3283453 0.4996450 2.1982641 68 68 68
0.3383215 0.5006902 2.2028627 65 65 65
0.3488147 0.5024241 2.2104917 74 74 74
0.3591381 0.5038296 2.2166753 71 71 71
0.3692750 0.5049089 2.2214234 67 67 67
0.3798567 0.5065278 2.2285461 59 59 59
0.3903872 0.5080020 2.2350321 64 64 64
0.4009954 0.5095053 2.2416461 71 71 71
0.4114639 0.5107660 2.2471929 56 56 56
0.4221908 0.5122834 2.2538688 57 57 57
0.4329739 0.5138009 2.2605453 58 58 58
0.4438998 0.5154186 2.2676625 59 59 59
0.4544060 0.5164911 2.2723813 59 59 59
0.4654545 0.5181230 2.2795610 62 62 62
0.4765289 0.5197170 2.2865744 62 62 62
0.4875998 0.5212442 2.2932932 59 59 59
0.4984365 0.5224663 2.2986703 51 51 51
0.5095809 0.5239583 2.3052344 58 58 58
0.5210556 0.5257277 2.3130190 53 53 53
0.5323042 0.5272080 2.3195322 53 53 53
0.5436875 0.5287660 2.3263869 58 58 58
0.5551838 0.5303768 2.3334734 58 58 58
0.5663587 0.5316297 2.3389859 56 56 56
0.5780891 0.5333523 2.3465645 56 56 56
0.5897434 0.5349478 2.3535843 56 56 56
0.6017949 0.5368448 2.3619306 60 60 60
0.6136144 0.5384765 2.3691096 60 60 60
0.6253961 0.5400233 2.3759148 62 62 62
0.6373594 0.5416756 2.3831842 60 60 60
0.6492659 0.5432291 2.3900194 59 59 59
0.6613286 0.5448638 2.3972113 58 58 58
0.6735856 0.5466069 2.4048805 55 55 55
0.6856658 0.5481571 2.4117005 59 59 59
0.6981280 0.5499628 2.4196451 55 55 55
0.7104903 0.5516388 2.4270194 56 56 56
0.7228057 0.5532315 2.4340265 56 56 56
0.7349508 0.5546510 2.4402719 54 54 54
0.7475034 0.5563346 2.4476788 52 52 52
0.7602592 0.5581214 2.4555404 47 47 47
0.7716805 0.5588938 2.4589384 48 48 48
0.7842919 0.5604962 2.4659884 50 50 50
0.7969522 0.5620911 2.4730055 49 49 49
0.8102217 0.5640690 2.4817073 48 48 48
1.7065476 1.1297151 4.9703536 56 56 56
1.7308325 1.1318896 4.9799209 57 57 57
1.7497616 1.1305516 4.9740338 55 55 55
1.7694166 1.1297085 4.9703250 52 52 52
1.7945452 1.1323392 4.9818988 54 54 54
1.8132548 1.1309055 4.9755912 53 53 53
1.8322529 1.1296823 4.9702096 54 54 54
1.8573613 1.1322117 4.9813380 57 57 57
1.8762217 1.1309183 4.9756474 56 56 56
1.9020371 1.1337996 4.9883237 56 56 56
1.9202279 1.1321224 4.9809446 54 54 54
1.9388268 1.1307195 4.9747729 54 54 54
1.9649872 1.1337093 4.9879270 49 49 49
1.9836786 1.1323721 4.9820437 52 52 52
2.0024405 1.1311028 4.9764590 57 57 57
2.0279114 1.1336102 4.9874907 52 52 52
2.0462992 1.1321473 4.9810548 55 55 55
2.0722666 1.1348649 4.9930110 54 54 54
2.0915611 1.1339104 4.9888120 53 53 53
2.1152799 1.1353495 4.9951429 51 51 51
2.1354733 1.1348867 4.9931068 50 50 50
2.1545620 1.1338515 4.9885526 52 52 52
2.1812105 1.1367764 5.0014210 53 53 53
2.1993816 1.1352694 4.9947906 52 52 52
2.2254691 1.1378384 5.0060935 53 53 53
2.2441242 1.1365949 5.0006223 55 55 55
2.2618144 1.1348902 4.9931226 49 49 49
2.2885523 1.1377150 5.0055504 51 51 51
2.3062360 1.1360283 4.9981294 50 50 50
2.3333845 1.1389920 5.0111690 52 52 52
-2.4167931 1.0824008 4.6754432 40 40 40
-2.3940275 1.0810238 4.6694951 43 43 43
-2.3737488 1.0807562 4.6683393 44 44 44
-2.3569770 1.0820942 4.6741190 43 43 43
-2.3397303 1.0832349 4.6790462 42 42 42
-2.3220878 1.0842102 4.6832590 44 44 44
-2.2968459 1.0816234 4.6720858 44 44 44
-2.2800183 1.0829887 4.6779833 43 43 43
-2.2621677 1.0838878 4.6818662 42 42 42
-2.2453277 1.0852910 4.6879277 42 42 42
-2.2270532 1.0860196 4.6910748 44 44 44
-2.2017787 1.0833173 4.6794019 44 44 44
-2.1843085 1.0844406 4.6842542 42 42 42
-2.1665158 1.0854229 4.6884975 44 44 44
-2.1494284 1.0867798 4.6943583 45 45 45
-2.1313062 1.0876338 4.6980476 44 44 44
-2.1059701 1.0847882 4.6857557 47 47 47
-2.0883403 1.0858955 4.6905389 48 48 48
-2.0709598 1.0871551 4.6959796 49 49 49
-2.0527232 1.0879850 4.6995645 50 50 50
-2.0348680 1.0890355 4.7041020 50 50 50
-2.0101442 1.0863943 4.6926937 49 49 49
-1.9920304 1.0873086 4.6966429 47 47 47
-1.9741619 1.0883765 4.7012553 48 48 48
-1.9564178 1.0895354 4.7062612 47 47 47
-1.9384727 1.0906049 4.7108812 48 48 48
-1.9144766 1.0882570 4.7007389 47 47 47
-1.8965709 1.0893581 4.7054954 49 49 49
-1.8793162 1.0908604 4.7119846 41 41 41
-1.8619373 1.0923219 4.7182975 42 42 42
-1.8436955 1.0933033 4.7225366 39 39 39
-1.8176445 1.0896248 4.7066474 42 42 42
-1.7986319 1.0901309 4.7088337 45 45 45
-1.7809650 1.0914730 4.7146306 39 39 39
-1.7625687 1.0923934 4.7186065 39 39 39
-1.7435156 1.0929232 4.7208948 40 40 40
-1.4631587 0.9386159 4.0543628 45 45 45
-1.4257501 0.9254320 3.9974148 58 58 58
-1.3417771 0.8920195 3.8530889 58 58 58
-1.2256645 0.8455447 3.6523404 55 55 55
-1.1887096 0.8304867 3.5872972 59 59 59
-1.1545696 0.8170324 3.5291812 56 56 56
-1.1159348 0.8000045 3.4556291 48 48 48
-1.0385830 0.7645183 3.3023458 49 49 49
-1.0172931 0.7590237 3.2786121 66 66 66
-0.9862804 0.7460235 3.2224576 76 76 76
-0.9572565 0.7341853 3.1713223 57 57 57
-0.8795496 0.7040962 3.0413520 43 43 43
-0.8536295 0.6934584 2.9954021 69 69 69
-0.8314614 0.6855948 2.9614351 46 46 46
-0.8059080 0.6746575 2.9141912 84 84 84
-0.7845373 0.6669371 2.8808427 101 101 101
-0.7606744 0.6568219 2.8371501 100 100 100
-0.7397017 0.6489189 2.8030131 96 96 96
-0.7167954 0.6390355 2.7603216 86 86 86
-0.6972579 0.6318786 2.7294073 80 80 80
-0.6530113 0.6119851 2.6434770 50 50 50
-0.6388137 0.6090770 2.6309152 38 38 38
-0.5952397 0.5879536 2.5396726 75 75 75
-0.5819923 0.5854009 2.5286462 51 51 51
-0.5642121 0.5781086 2.4971471 61 61 61
-0.5466682 0.5707856 2.4655154 64 64 64
-0.5295831 0.5636671 2.4347668 61 61 61
-0.5132538 0.5570874 2.4063456 49 49 49
-0.4973164 0.5506762 2.3786523 51 51 51
-0.4815471 0.5441909 2.3506391 54 54 54
-0.4657025 0.5373463 2.3210738 59 59 59
-0.4505553 0.5310297 2.2937894 67 67 67
-0.4362391 0.5254368 2.2696309 74 74 74
-0.4214744 0.5190408 2.2420030 84 84 84
-0.4073957 0.5132153 2.2168398 90 90 90
-0.3939523 0.5079355 2.1940331 95 95 95
-0.3805674 0.5024787 2.1704626 92 92 92
-0.3676205 0.4973456 2.1482904 104 104 104
-0.3548463 0.4921927 2.1260324 103 103 103
-0.3422041 0.4869606 2.1034322 105 105 105
-0.3299396 0.4820017 2.0820124 104 104 104
-0.3177366 0.4768641 2.0598202 105 105 105
-0.3067781 0.4733578 2.0446746 86 86 86
-0.2949127 0.4682090 2.0224342 78 78 78
-0.2837781 0.4639482 2.0040300 74 74 74
-0.2716972 0.4578314 1.9776084 69 69 69
-0.2613850 0.4544020 1.9627949 62 62 62
-0.2282389 0.4384294 1.8938010 79 79 79
-0.2178160 0.4335786 1.8728478 67 67 67
-0.2097718 0.4332761 1.8715413 66 66 66
-0.2022791 0.4341334 1.8752445 71 71 71
-0.1948480 0.4351982 1.8798440 74 74 74
-0.1874015 0.4363172 1.8846776 74 74 74
-0.1798838 0.4373626 1.8891928 78 78 78
-0.1723610 0.4384916 1.8940699 73 73 73
-0.1647640 0.4395325 1.8985661 72 72 72
-0.1570623 0.4403862 1.9022534 68 68 68
-0.1497178 0.4423871 1.9108965 57 57 57
-0.1419487 0.4432900 1.9147967 62 62 62
-0.1343020 0.4447069 1.9209168 63 63 63
-0.1264354 0.4455308 1.9244756 63 63 63
-0.1186184 0.4466542 1.9293282 58 58 58
-0.1108120 0.4479865 1.9350832 63 63 63
-0.1028791 0.4489779 1.9393656 68 68 68
-0.0948907 0.4498781 1.9432538 62 62 62
-0.0869372 0.4511290 1.9486573 61 61 61
-0.0789102 0.4522201 1.9533703 63 63 63
-0.0708250 0.4531928 1.9575717 67 67 67
-0.0627039 0.4541629 1.9617622 67 67 67
-0.0546207 0.4557434 1.9685891 62 62 62
-0.0464146 0.4566813 1.9726403 63 63 63
-0.0381740 0.4576156 1.9766762 60 60 60
-0.0299348 0.4590927 1.9830567 61 61 61
-0.0216099 0.4598916 1.9865072 58 58 58
-0.0132636 0.4609602 1.9911233 62 62 62
-0.0048825 0.4624182 1.9974209 61 61 61
0.0035498 0.4636385 2.0026920 60 60 60
0.0120319 0.4650606 2.0088351 63 63 63
0.0205458 0.4660314 2.0130284 55 55 55
0.0291198 0.4673980 2.0189314 55 55 55
0.0377478 0.4688177 2.0250635 57 57 57
0.0463792 0.4697476 2.0290806 61 61 61
0.0551054 0.4711986 2.0353482 76 76 76
0.0638142 0.4721290 2.0393670 76 76 76
0.0725896 0.4732733 2.0443099 76 76 76
0.0814496 0.4746680 2.0503342 75 75 75
0.0903072 0.4757816 2.0551445 78 78 78
0.0993127 0.4774115 2.0621848 80 80 80
0.1082634 0.4785369 2.0670459 85 85 85
0.1172343 0.4795772 2.0715396 83 83 83
0.1263583 0.4810561 2.0779276 74 74 74
0.1354809 0.4823379 2.0834641 78 78 78
0.1446638 0.4836654 2.0891986 75 75 75
0.1538509 0.4848536 2.0943310 78 78 78
0.1632171 0.4864465 2.1012118 80 80 80
0.1724457 0.4874867 2.1057048 82 82 82
0.1818675 0.4889443 2.1120009 83 83 83
0.1911727 0.4899668 2.1164174 87 87 87
0.2007092 0.4914647 2.1228876 84 84 84
0.2102102 0.4927512 2.1284449 81 81 81
0.2198106 0.4941560 2.1345129 78 78 78
0.2293175 0.4952484 2.1392317 70 70 70
0.2390314 0.4966882 2.1454506 73 73 73
0.2486296 0.4977911 2.1502147 79 79 79
0.2584468 0.4992397 2.1564717 78 78 78
0.2682245 0.5005160 2.1619849 75 75 75
0.2782980 0.5022421 2.1694407 68 68 68
0.2882396 0.5036281 2.1754274 65 65 65
0.2981912 0.5049455 2.1811180 64 64 64
0.3082821 0.5064127 2.1874561 62 62 62
0.3182072 0.5075304 2.1922836 63 63 63
0.3284289 0.5090446 2.1988244 67 67 67
0.3386880 0.5105319 2.2052488 67 67 67
0.3489648 0.5119659 2.2114429 68 68 68
0.3592100 0.5132800 2.2171192 68 68 68
0.3697561 0.5149466 2.2243180 65 65 65
0.3799085 0.5159959 2.2288504 61 61 61
0.3904382 0.5174946 2.2353239 61 61 61
0.4011245 0.5191252 2.2423677 61 61 61
0.4118701 0.5207558 2.2494111 63 63 63
0.4222735 0.5218902 2.2543108 58 58 58
0.4330317 0.5234033 2.2608469 59 59 59
0.4438593 0.5249333 2.2674558 58 58 58
0.4547833 0.5265104 2.2742679 59 59 59
0.4655594 0.5278547 2.2800746 55 55 55
0.4765465 0.5293790 2.2866588 59 59 59
0.4877740 0.5311046 2.2941124 58 58 58
0.4988581 0.5326099 2.3006148 59 59 59
0.5099213 0.5340359 2.3067744 57 57 57
0.5215095 0.5359481 2.3150344 49 49 49
0.5330456 0.5377374 2.3227632 49 49 49
0.5442923 0.5391755 2.3289750 55 55 55
0.5557628 0.5407804 2.3359072 56 56 56
0.5673432 0.5424344 2.3430519 60 60 60
0.5790256 0.5441276 2.3503659 54 54 54
0.5906037 0.5456676 2.3570178 60 60 60
0.6024348 0.5473864 2.3644423 59 59 59
0.6138092 0.5486411 2.3698618 58 58 58
0.6256794 0.5502916 2.3769910 60 60 60
0.6376333 0.5519624 2.3842084 60 60 60
0.6496201 0.5536095 2.3913231 58 58 58
0.6616670 0.5552567 2.3984380 53 53 53
0.6738549 0.5569708 2.4058421 58 58 58
0.6860794 0.5586638 2.4131551 60 60 60
0.6984087 0.5603915 2.4206178 56 56 56
0.7107525 0.5620809 2.4279149 55 55 55
0.7230245 0.5636663 2.4347632 56 56 56
0.7357073 0.5655230 2.4427836 55 55 55
0.7485409 0.5674428 2.4510763 53 53 53
0.7611077 0.5691108 2.4582810 47 47 47
0.7718735 0.5694054 2.4595535 49 49 49
0.7845797 0.5711046 2.4668934 50 50 50
0.7971673 0.5726742 2.4736731 49 49 49
0.8104791 0.5747167 2.4824960 48 48 48
1.6628023 1.1351202 4.9031653 58 58 58
1.6868358 1.1373837 4.9129429 56 56 56
1.7066379 1.1367738 4.9103084 56 56 56
1.7315071 1.1395134 4.9221416 52 52 52
1.7504773 1.1383518 4.9171243 56 56 56
1.7686837 1.1367265 4.9101038 52 52 52
1.7936445 1.1394297 4.9217801 53 53 53
1.8124985 1.1382358 4.9166236 54 54 54
1.8309892 1.1368436 4.9106097 54 54 54
1.8562756 1.1396545 4.9227519 54 54 54
1.8747222 1.1382506 4.9166870 54 54 54
1.8997682 1.1408404 4.9278741 55 55 55
1.9186831 1.1397321 4.9230866 53 53 53
1.9366791 1.1381077 4.9160695 53 53 53
1.9614471 1.1404550 4.9262090 51 51 51
1.9801466 1.1392617 4.9210544 50 50 50
1.9984426 1.1378634 4.9150147 53 53 53
2.0231900 1.1401293 4.9248023 54 54 54
2.0419703 1.1390207 4.9200139 55 55 55
2.0654893 1.1405512 4.9266248 54 54 54
2.0853577 1.1400554 4.9244828 48 48 48
2.1042643 1.1390488 4.9201350 50 50 50
2.1295691 1.1414914 4.9306855 50 50 50
2.1473191 1.1398764 4.9237094 51 51 51
2.1736207 1.1427882 4.9362874 50 50 50
2.1915934 1.1413075 4.9298911 52 52 52
2.2095711 1.1398572 4.9236269 56 56 56
2.2353816 1.1424370 4.9347706 50 50 50
2.2539358 1.1412948 4.9298368 50 50 50
2.2796423 1.1437622 4.9404950 50 50 50
2.2977984 1.1424309 4.9347444 49 49 49
-2.3899159 1.0898603 4.6234479 45 45 45
-2.3648391 1.0872947 4.6125636 45 45 45
-2.3474746 1.0882620 4.6166673 45 45 45
-2.3302114 1.0892926 4.6210399 45 45 45
-2.3141191 1.0908929 4.6278286 45 45 45
-2.2971876 1.0921212 4.6330395 44 44 44
-2.2715690 1.0892053 4.6206694 46 46 46
-2.2545195 1.0903833 4.6256666 44 44 44
-2.2369864 1.0913459 4.6297503 43 43 43
-2.2199624 1.0925760 4.6349683 44 44 44
-2.1945000 1.0896380 4.6225047 44 44 44
-2.1774483 1.0908610 4.6276932 46 46 46
-2.1598854 1.0918477 4.6318789 44 44 44
-2.1426210 1.0930047 4.6367874 43 43 43
-2.1252570 1.0941316 4.6415677 45 45 45
-2.0998793 1.0911156 4.6287732 44 44 44
-2.0834026 1.0927113 4.6355429 48 48 48
-2.0651646 1.0934049 4.6384850 45 45 45
-2.0478799 1.0946212 4.6436448 47 47 47
-2.0303607 1.0957345 4.6483674 48 48 48
-2.0048180 1.0924971 4.6346335 51 51 51
-1.9873227 1.0936245 4.6394167 48 48 48
-1.9698561 1.0947903 4.6443620 46 46 46
-1.9520323 1.0957791 4.6485562 47 47 47
-1.9341364 1.0967468 4.6526618 47 47 47
-1.9100147 1.0941681 4.6417222 45 45 45
-1.8928354 1.0955540 4.6476016 47 47 47
-1.8750790 1.0966315 4.6521730 46 46 46
-1.8573396 1.0977417 4.6568828 42 42 42
-1.8404962 1.0994109 4.6639638 40 40 40
-1.8157557 1.0963480 4.6509705 39 39 39
-1.7969346 1.0968313 4.6530204 44 44 44
-1.7779831 1.0972447 4.6547747 41 41 41
-1.7599822 1.0982608 4.6590848 39 39 39
-1.7420602 1.0993494 4.6637030 39 39 39
-1.7239112 1.1003180 4.6678119 40 40 40
-1.4641110 0.9563349 4.0570016 44 44 44
-1.4272839 0.9433026 4.0017152 58 58 58
-1.3427811 0.9089473 3.8559721 51 51 51
-1.2585541 0.8730780 3.7038057 71 71 71
-1.2266874 0.8616650 3.6553886 65 65 65
-1.1908367 0.8471273 3.5937164 65 65 65
-1.1552854 0.8324305 3.5313690 57 57 57
-1.1183316 0.8163262 3.4630508 48 48 48
-1.0835600 0.8014097 3.3997715 42 42 42
-1.0401165 0.7795935 3.3072219 48 48 48
-0.9877825 0.7607693 3.2273650 83 83 83
-0.9571377 0.7474659 3.1709290 76 76 76
-0.9325513 0.7385837 3.1332488 56 56 56
-0.8538262 0.7062526 2.9960921 69 69 69
-0.8320314 0.6985617 2.9634655 46 46 46
-0.8064035 0.6873689 2.9159830 85 85 85
-0.7830657 0.6778116 2.8754389 99 99 99
-0.7611347 0.6691908 2.8388672 99 99 99
-0.7404957 0.6614484 2.8060222 98 98 98
-0.7175741 0.6513824 2.7633200 90 90 90
-0.6979076 0.6439878 2.7319503 85 85 85
-0.6539239 0.6240034 2.6471717 49 49 49
-0.6392385 0.6205838 2.6326649 38 38 38
-0.5965918 0.6000231 2.5454414 75 75 75
-0.5825579 0.5966434 2.5311038 52 52 52
-0.5652162 0.5896866 2.5015912 63 63 63
-0.5476676 0.5822451 2.4700229 54 54 54
-0.5307547 0.5752041 2.4401534 61 61 61
-0.5141942 0.5682741 2.4107544 57 57 57
-0.4980700 0.5615565 2.3822567 55 55 55
-0.4819790 0.5546004 2.3527474 54 54 54
-0.4645383 0.5457664 2.3152714 55 55 55
-0.4493556 0.5392628 2.2876816 58 58 58
-0.4346502 0.5330591 2.2613640 63 63 63
-0.4077917 0.5230715 2.2189946 93 93 93
-0.3942088 0.5175242 2.1954613 92 92 92
-0.3808830 0.5120557 2.1722627 92 92 92
-0.3677439 0.5065749 2.1490116 101 101 101
-0.3551386 0.5015709 2.1277840 102 102 102
-0.3424276 0.4961545 2.1048059 107 107 107
-0.3300629 0.4909649 2.0827906 102 102 102
-0.3179468 0.4858714 2.0611827 101 101 101
-0.3070689 0.4824370 2.0466130 93 93 93
-0.2952488 0.4772808 2.0247393 86 86 86
-0.2835614 0.4720384 2.0024998 83 83 83
-0.2726530 0.4678108 1.9845654 73 73 73
-0.2615824 0.4630283 1.9642769 64 64 64
-0.2285939 0.4471097 1.8967464 78 78 78
-0.2178914 0.4416291 1.8734963 67 67 67
-0.2098677 0.4413698 1.8723963 66 66 66
-0.2024029 0.4423118 1.8763922 70 70 70
-0.1949647 0.4433907 1.8809694 73 73 73
-0.1874432 0.4443639 1.8850977 74 74 74
-0.1799238 0.4454283 1.8896134 84 84 84
-0.1724327 0.4466646 1.8948581 89 89 89
-0.1647816 0.4475866 1.8987691 82 82 82
-0.1572978 0.4490801 1.9051054 66 66 66
-0.1497337 0.4504932 1.9110997 59 59 59
-0.1421068 0.4518674 1.9169295 61 61 61
-0.1343065 0.4528224 1.9209807 62 62 62
-0.1264821 0.4538136 1.9251859 60 60 60
-0.1186448 0.4548916 1.9297588 59 59 59
-0.1108578 0.4563349 1.9358819 61 61 61
-0.1028904 0.4572066 1.9395797 64 64 64
-0.0949099 0.4581650 1.9436457 62 62 62
-0.0869627 0.4594809 1.9492279 61 61 61
-0.0789337 0.4605944 1.9539516 63 63 63
-0.0708377 0.4615310 1.9579251 61 61 61
-0.0627789 0.4629889 1.9641097 58 58 58
-0.0546249 0.4640806 1.9687407 54 54 54
-0.0464217 0.4650708 1.9729416 59 59 59
-0.0382251 0.4665748 1.9793216 54 54 54
-0.0299504 0.4676996 1.9840934 51 51 51
-0.0216347 0.4688059 1.9887868 48 48 48
-0.0132910 0.4703250 1.9952309 53 53 53
-0.0048870 0.4712753 1.9992625 69 69 69
0.0035514 0.4722950 2.0035884 79 79 79
0.0120367 0.4737225 2.0096440 76 76 76
0.0205494 0.4746042 2.0133843 86 86 86
0.0291271 0.4760317 2.0194404 82 82 82
0.0377373 0.4772246 2.0245008 83 83 83
0.0463831 0.4783446 2.0292521 86 86 86
0.0551099 0.4798204 2.0355127 92 92 92
0.0638398 0.4809220 2.0401859 84 84 84
0.0726837 0.4825192 2.0469618 75 75 75
0.0814911 0.4835602 2.0513780 73 73 73
0.0903432 0.4846414 2.0559645 70 70 70
0.0993282 0.4861836 2.0625069 69 69 69
0.1082843 0.4873478 2.0674460 76 76 76
0.1172605 0.4884218 2.0720019 77 77 77
0.1264537 0.4901881 2.0794952 74 74 74
0.1355109 0.4912325 2.0839260 75 75 75
0.1447033 0.4926100 2.0897694 76 76 76
0.1538959 0.4938297 2.0949435 75 75 75
0.1632372 0.4953685 2.1014714 76 76 76
0.1724896 0.4964927 2.1062407 76 76 76
0.1819216 0.4979984 2.1126285 76 76 76
0.1912621 0.4991251 2.1174080 74 74 74
0.2007474 0.5005121 2.1232920 68 68 68
0.2102294 0.5017727 2.1286399 69 69 69
0.2198776 0.5033106 2.1351640 68 68 68
0.2293233 0.5042821 2.1392851 67 67 67
0.2391418 0.5059689 2.1464412 69 69 69
0.2487531 0.5071102 2.1512830 68 68 68
0.2585625 0.5085609 2.1574368 71 71 71
0.2685003 0.5101569 2.1642075 70 70 70
0.2783048 0.5114031 2.1694942 65 65 65
0.2883323 0.5129667 2.1761274 62 62 62
0.2981496 0.5140714 2.1808138 57 57 57
0.3083842 0.5158079 2.1881804 60 60 60
0.3184596 0.5171850 2.1940222 67 67 67
0.3284535 0.5183557 2.1989889 71 71 71
0.3388107 0.5200197 2.2060480 71 71 71
0.3491791 0.5216116 2.2128010 69 69 69
0.3592573 0.5226983 2.2174110 67 67 67
0.3697581 0.5243291 2.2243295 66 66 66
0.3802521 0.5258699 2.2308660 64 64 64
0.3904358 0.5269175 2.2353101 60 60 60
0.4012146 0.5286999 2.2428715 62 62 62
0.4119368 0.5303274 2.2497756 67 67 67
0.4223417 0.5314823 2.2546747 61 61 61
0.4331283 0.5330560 2.2613509 63 63 63
0.4440300 0.5347007 2.2683282 56 56 56
0.4553547 0.5367745 2.2771258 57 57 57
0.4664073 0.5384485 2.2842274 49 49 49
0.4774875 0.5400861 2.2911742 54 54 54
0.4883354 0.5414011 2.2967529 53 53 53
0.4995104 0.5430206 2.3036232 55 55 55
0.5108072 0.5447081 2.3107820 53 53 53
0.5220957 0.5463239 2.3176365 52 52 52
0.5330676 0.5475550 2.3228593 54 54 54
0.5445508 0.5492573 2.3300810 58 58 58
0.5560959 0.5509608 2.3373072 57 57 57
0.5676821 0.5526448 2.3444514 59 59 59
0.5792481 0.5542520 2.3512692 56 56 56
0.5909003 0.5558860 2.3582015 52 52 52
0.6026293 0.5575371 2.3652055 53 53 53
0.6142796 0.5590627 2.3716779 53 53 53
0.6264477 0.5610033 2.3799100 55 55 55
0.6382548 0.5625643 2.3865323 57 57 57
0.6504088 0.5643780 2.3942263 57 57 57
0.6619190 0.5655861 2.3993516 54 54 54
0.6740471 0.5672778 2.4065282 51 51 51
0.6863818 0.5690907 2.4142187 56 56 56
0.6988363 0.5709484 2.4220998 54 54 54
0.7110605 0.5725673 2.4289672 51 51 51
0.7234736 0.5742900 2.4362752 47 47 47
0.7359858 0.5760421 2.4437082 50 50 50
0.7486918 0.5778953 2.4515703 49 49 49
0.7615302 0.5797989 2.4596455 44 44 44
0.7722546 0.5800635 2.4607680 50 50 50
0.7849016 0.5817460 2.4679055 52 52 52
0.7977675 0.5835446 2.4755356 49 49 49
0.8105980 0.5852712 2.4828603 52 52 52
1.6445267 1.1430933 4.8492751 59 59 59
1.6644036 1.1427004 4.8476086 53 53 53
1.6879712 1.1448202 4.8566012 56 56 56
1.7066879 1.1436387 4.8515887 54 54 54
1.7248770 1.1421357 4.8452125 53 53 53
1.7496629 1.1449848 4.8572993 52 52 52
1.7680831 1.1436505 4.8516393 56 56 56
1.7929372 1.1464609 4.8635612 58 58 58
1.8113704 1.1451483 4.8579931 57 57 57
1.8294604 1.1436505 4.8516393 52 52 52
1.8545349 1.1465039 4.8637438 51 51 51
1.8726302 1.1450274 4.8574796 50 50 50
1.8911411 1.1438340 4.8524175 51 51 51
1.9160248 1.1464796 4.8636403 50 50 50
1.9334986 1.1446823 4.8560162 51 51 51
1.9590784 1.1476713 4.8686962 52 52 52
1.9768313 1.1460607 4.8618636 51 51 51
1.9945588 1.1444685 4.8551092 52 52 52
2.0193198 1.1469035 4.8654389 49 49 49
2.0373039 1.1454792 4.8593965 51 51 51
2.0626712 1.1481932 4.8709102 54 54 54
2.0806105 1.1467596 4.8648286 51 51 51
2.0981050 1.1451112 4.8578353 53 53 53
2.1235666 1.1478009 4.8692460 51 51 51
2.1416287 1.1464779 4.8636336 51 51 51
2.1667945 1.1489470 4.8741078 50 50 50
2.1848290 1.1476235 4.8684936 52 52 52
2.2030776 1.1464362 4.8634567 50 50 50
2.2282374 1.1488342 4.8736291 50 50 50
2.2452521 1.1470271 4.8659635 49 49 49
2.2715116 1.1499330 4.8782907 49 49 49
-2.3638511 1.0972583 4.5730238 45 45 45
-2.3382547 1.0943041 4.5607119 45 45 45
-2.3222623 1.0958329 4.5670834 47 47 47
-2.3053541 1.0969516 4.5717454 51 51 51
-2.2880781 1.0979127 4.5757513 45 45 45
-2.2626977 1.0949682 4.5634794 46 46 46
-2.2457156 1.0960721 4.5680799 43 43 43
-2.2291465 1.0973985 4.5736079 43 43 43
-2.2116981 1.0983113 4.5774121 44 44 44
-2.1952834 1.0997581 4.5834422 44 44 44
-2.1704526 1.0969770 4.5718517 45 45 45
-2.1525249 1.0976663 4.5747242 44 44 44
-2.1327236 1.0974038 4.5736299 44 44 44
-2.1149790 1.0982046 4.5769677 45 45 45
-2.0938745 1.0972594 4.5730286 45 45 45
-2.0772169 1.0986487 4.5788183 47 47 47
-2.0598819 1.0997024 4.5832100 48 48 48
-2.0421548 1.1005646 4.5868034 49 49 49
-2.0250676 1.1017915 4.5919170 46 46 46
-2.0001264 1.0987278 4.5791483 48 48 48
-1.9833213 1.1001172 4.5849390 49 49 49
-1.9658495 1.1011606 4.5892873 48 48 48
-1.9478350 1.1019176 4.5924425 46 46 46
-1.9307379 1.1032141 4.5978460 49 49 49
-1.9062903 1.1002944 4.5856767 47 47 47
-1.8885826 1.1012447 4.5896378 49 49 49
-1.8714153 1.1025331 4.5950074 44 44 44
-1.8544308 1.1039573 4.6009431 45 45 45
-1.8370098 1.1051490 4.6059098 45 45 45
-1.8130592 1.1023961 4.5944366 44 44 44
-1.7948649 1.1031214 4.5974593 43 43 43
-1.7771840 1.1041816 4.6018782 43 43 43
-1.7590280 1.1049668 4.6051497 42 42 42
-1.7407852 1.1057143 4.6082659 39 39 39
-1.7225273 1.1064689 4.6114106 37 37 37
-1.6983236 1.1033781 4.5985289 40 40 40
-1.4663677 0.9749435 4.0632548 43 43 43
-1.4292932 0.9615293 4.0073485 58 58 58
-1.3864617 0.9438749 3.9337704 54 54 54
-1.3451675 0.9268520 3.8628247 51 51 51
-1.2625971 0.8915516 3.7157037 84 84 84
-1.2294365 0.8790451 3.6635807 62 62 62
-1.1568824 0.8484935 3.5362511 63 63 63
-1.1203660 0.8324413 3.4693508 50 50 50
-1.0844543 0.8164197 3.4025776 42 42 42
-1.0422891 0.7951974 3.3141298 52 52 52
-1.0196049 0.7884629 3.2860627 75 75 75
-0.9889097 0.7752627 3.2310483 86 86 86
-0.9586391 0.7620310 3.1759028 86 86 86
-0.9329869 0.7521477 3.1347125 73 73 73
-0.9090609 0.7433919 3.0982211 48 48 48
-0.8286244 0.7081468 2.9513304 42 42 42
-0.8067063 0.6999281 2.9170778 77 77 77
-0.7853349 0.6919366 2.8837717 99 99 99
-0.7616731 0.6816439 2.8408749 102 102 102
-0.7412922 0.6740053 2.8090401 91 91 91
-0.7185044 0.6638948 2.7669024 85 85 85
-0.6986482 0.6562039 2.7348495 82 82 82
-0.6548923 0.6361070 2.6510916 48 48 48
-0.6394655 0.6319098 2.6335993 37 37 37
-0.5969793 0.6111537 2.5470946 75 75 75
-0.5830255 0.6078044 2.5331357 43 43 43
-0.5658227 0.6008797 2.5042756 62 62 62
-0.5483931 0.5934461 2.4732950 59 59 59
-0.5315139 0.5863315 2.4436433 65 65 65
-0.5128761 0.5769573 2.4045746 67 67 67
-0.4964814 0.5697792 2.3746583 59 59 59
-0.4805733 0.5628754 2.3458855 59 59 59
-0.4651680 0.5562828 2.3184097 58 58 58
-0.4499273 0.5496082 2.2905922 57 57 57
-0.4351660 0.5432390 2.2640474 60 60 60
-0.4206166 0.5368547 2.2374396 59 59 59
-0.4067803 0.5311084 2.2134910 73 73 73
-0.3930795 0.5252734 2.1891723 87 87 87
-0.3810603 0.5214587 2.1732740 103 103 103
-0.3679568 0.5159357 2.1502557 108 108 108
-0.3552088 0.5106446 2.1282043 90 90 90
-0.3426383 0.5053411 2.1061013 88 88 88
-0.3303169 0.5001324 2.0843930 93 93 93
-0.3183179 0.4951405 2.0635884 105 105 105
-0.3060828 0.4894904 2.0400405 99 99 99
-0.2954030 0.4860727 2.0257964 89 89 89
-0.2838357 0.4809476 2.0044367 87 87 87
-0.2723696 0.4756847 1.9825027 84 84 84
-0.2289468 0.4558107 1.8996742 70 70 70
-0.2180591 0.4498755 1.8749382 66 66 66
-0.2098904 0.4493143 1.8725994 66 66 66
-0.2024716 0.4503773 1.8770293 68 68 68
-0.1950318 0.4514781 1.8816173 72 72 72
-0.1875216 0.4525023 1.8858856 76 76 76
-0.1800757 0.4537794 1.8912084 83 83 83
-0.1724512 0.4547039 1.8950614 84 84 84
-0.1647992 0.4556423 1.8989723 82 82 82
-0.1571089 0.4565649 1.9028175 67 67 67
-0.1498291 0.4588443 1.9123170 60 60 60
-0.1421388 0.4600545 1.9173611 63 63 63
-0.1343720 0.4611480 1.9219182 59 59 59
-0.1265495 0.4621783 1.9262124 60 60 60
-0.1187533 0.4634524 1.9315221 57 57 57
-0.1109079 0.4647085 1.9367573 60 60 60
-0.1029295 0.4655624 1.9403160 63 63 63
-0.0950279 0.4669415 1.9460636 57 57 57
-0.0870022 0.4679134 1.9501144 49 49 49
-0.0789603 0.4689921 1.9546101 45 45 45
-0.0709759 0.4707035 1.9617426 48 48 48
-0.0628730 0.4719773 1.9670513 51 51 51
-0.0546716 0.4727868 1.9704249 61 61 61
-0.0464786 0.4739708 1.9753597 75 75 75
-0.0382309 0.4749939 1.9796234 88 88 88
-0.0299460 0.4759958 1.9837992 91 91 91
-0.0216275 0.4770337 1.9881250 85 85 85
-0.0132866 0.4785827 1.9945804 94 94 94
-0.0048881 0.4798119 1.9997036 106 106 106
0.0035551 0.4812499 2.0056965 89 89 89
0.0120385 0.4822694 2.0099456 101 101 101
0.0205630 0.4834130 2.0147116 103 103 103
0.0291474 0.4848844 2.0208442 96 96 96
0.0377526 0.4859585 2.0253208 102 102 102
0.0464485 0.4875883 2.0321131 105 105 105
0.0551362 0.4886367 2.0364823 101 101 101
0.0638679 0.4897407 2.0410836 89 89 89
0.0726655 0.4910282 2.0464494 75 75 75
0.0815150 0.4923553 2.0519805 76 76 76
0.0993572 0.4950256 2.0631094 64 64 64
0.1083279 0.4962659 2.0682786 68 68 68
0.1174400 0.4979203 2.0751734 72 72 72
0.1264333 0.4988768 2.0791600 66 66 66
0.1356551 0.5005524 2.0861430 63 63 63
0.1447889 0.5017188 2.0910044 66 66 66
0.1539466 0.5028296 2.0956337 68 68 68
0.1632908 0.5043958 2.1021614 66 66 66
0.1725045 0.5054184 2.1064231 67 67 67
0.1819513 0.5069903 2.1129744 71 71 71
0.1912994 0.5081530 2.1178203 72 72 72
0.2008469 0.5097183 2.1243439 69 69 69
0.2102986 0.5109172 2.1293409 74 74 74
0.2199562 0.5124977 2.1359272 72 72 72
0.2296299 0.5139896 2.1421452 76 76 76
0.2391956 0.5151362 2.1469240 73 73 73
0.2489945 0.5166831 2.1533709 80 80 80
0.2586461 0.5178262 2.1581349 78 78 78
0.2685525 0.5193843 2.1646285 69 69 69
0.2784255 0.5207775 2.1704352 65 65 65
0.2884097 0.5222835 2.1767116 62 62 62
0.2983967 0.5237013 2.1826205 67 67 67
0.3083326 0.5249475 2.1878142 70 70 70
0.3185627 0.5266075 2.1947327 69 69 69
0.3285597 0.5277994 2.1996999 68 68 68
0.3388864 0.5294408 2.2065411 69 69 69
0.3492472 0.5310464 2.2132325 69 69 69
0.3593146 0.5321339 2.2177649 67 67 67
0.3698175 0.5337948 2.2246871 68 68 68
0.3803883 0.5354691 2.2316651 68 68 68
0.3905636 0.5365193 2.2360420 62 62 62
0.4015701 0.5386350 2.2448592 61 61 61
0.4122338 0.5402038 2.2513976 56 56 56
0.4232553 0.5421603 2.2595520 53 53 53
0.4340496 0.5437462 2.2661614 51 51 51
0.4446167 0.5449852 2.2713249 56 56 56
0.4556326 0.5467104 2.2785151 56 56 56
0.4665715 0.5482740 2.2850316 57 57 57
0.4778376 0.5501509 2.2928543 60 60 60
0.4888304 0.5516450 2.2990808 59 59 59
0.4996410 0.5528793 2.3042254 54 54 54
0.5110355 0.5547004 2.3118148 51 51 51
0.5222945 0.5563089 2.3185186 50 50 50
0.5335316 0.5578355 2.3248811 53 53 53
0.5452278 0.5597782 2.3329778 53 53 53
0.5561658 0.5608876 2.3376012 55 55 55
0.5677603 0.5626088 2.3447745 58 58 58
0.5793621 0.5642782 2.3517320 57 57 57
0.5910913 0.5660133 2.3589635 55 55 55
0.6029589 0.5678214 2.3664994 57 57 57
0.6146011 0.5693618 2.3729188 50 50 50
0.6266778 0.5712489 2.3807838 55 55 55
0.6386434 0.5729769 2.3879855 55 55 55
0.6505324 0.5745835 2.3946812 53 53 53
0.6627492 0.5764261 2.4023609 52 52 52
0.6748754 0.5781357 2.4094856 51 51 51
0.6870575 0.5798416 2.4165955 49 49 49
0.6995256 0.5817356 2.4244888 51 51 51
0.7113256 0.5830274 2.4298728 51 51 51
0.7237809 0.5848120 2.4373105 46 46 46
0.7363661 0.5866500 2.4449708 50 50 50
0.7491662 0.5886062 2.4531236 47 47 47
0.7620302 0.5905586 2.4612606 41 41 41
0.7729144 0.5909449 2.4628704 60 60 60
0.7844228 0.5917918 2.4664001 51 51 51
0.7986493 0.5946403 2.4782717 49 49 49
0.8111133 0.5961199 2.4844384 51 51 51
1.6276579 1.1516074 4.7995334 60 60 60
1.6460555 1.1503203 4.7941694 55 55 55
1.6642627 1.1489329 4.7883873 54 54 54
1.6885828 1.1517483 4.8001208 57 57 57
1.7067391 1.1503427 4.7942629 55 55 55
1.7247751 1.1488899 4.7882075 56 56 56
1.7495099 1.1518811 4.8006744 54 54 54
1.7672327 1.1502399 4.7938342 56 56 56
1.7915874 1.1529037 4.8049359 58 58 58
1.8099127 1.1516713 4.7997994 53 53 53
1.8280877 1.1503714 4.7943826 51 51 51
1.8525728 1.1530274 4.8054519 52 52 52
1.8710074 1.1519010 4.8007569 49 49 49
1.8884944 1.1502215 4.7937574 50 50 50
1.9128733 1.1527307 4.8042150 53 53 53
1.9307292 1.1512976 4.7982421 54 54 54
1.9557440 1.1541189 4.8100009 54 54 54
1.9735305 1.1526605 4.8039227 54 54 54
1.9910215 1.1510609 4.7972560 56 56 56
2.0163345 1.1539700 4.8093801 54 54 54
2.0334432 1.1521727 4.8018894 55 55 55
2.0578735 1.1545182 4.8116651 57 57 57
2.0759423 1.1532841 4.8065214 56 56 56
2.0932157 1.1516360 4.7996531 55 55 55
2.1181471 1.1541924 4.8103070 55 55 55
2.1359174 1.1528352 4.8046508 54 54 54
2.1607363 1.1552722 4.8148074 54 54 54
2.1786380 1.1539998 4.8095045 55 55 55
2.2034254 1.1563646 4.8193603 55 55 55
2.2210946 1.1549846 4.8136086 53 53 53
2.2380288 1.1532508 4.8063827 53 53 53
-2.3123846 1.1012164 4.5102530 46 46 46
-2.2955120 1.1022472 4.5144749 44 44 44
-2.2792239 1.1035784 4.5199270 44 44 44
-2.2623267 1.1046346 4.5242529 44 44 44
-2.2379301 1.1020159 4.5135269 43 43 43
-2.2209914 1.1030562 4.5177879 44 44 44
-2.2042320 1.1042043 4.5224900 43 43 43
-2.1875904 1.1054319 4.5275183 43 43 43
-2.1631017 1.1026810 4.5162511 47 47 47
-2.1456878 1.1035198 4.5196867 47 47 47
-2.1293409 1.1049273 4.5254517 45 45 45
-2.1123700 1.1060336 4.5299821 45 45 45
-2.0957692 1.1073555 4.5353966 43 43 43
-2.0713065 1.1045094 4.5237398 46 46 46
-2.0540509 1.1054894 4.5277534 46 46 46
-2.0369556 1.1065748 4.5321989 46 46 46
-2.0156095 1.1053497 4.5271811 49 49 49
-2.0027356 1.1087916 4.5412784 46 46 46
-1.9784592 1.1059263 4.5295429 49 49 49
-1.9602590 1.1064346 4.5316243 49 49 49
-1.9428520 1.1074051 4.5355997 45 45 45
-1.9268913 1.1092274 4.5430632 46 46 46
-1.9029702 1.1064578 4.5317202 48 48 48
-1.8850614 1.1071634 4.5346098 47 47 47
-1.8684027 1.1086252 4.5405970 43 43 43
-1.8506299 1.1094493 4.5439720 45 45 45
-1.8333848 1.1106102 4.5487270 45 45 45
-1.8164647 1.1119947 4.5543976 45 45 45
-1.7927324 1.1091940 4.5429268 42 42 42
-1.7752576 1.1102463 4.5472364 42 42 42
-1.7573972 1.1110778 4.5506415 41 41 41
-1.7391764 1.1116971 4.5531783 40 40 40
-1.7213560 1.1125891 4.5568323 39 39 39
-1.6972141 1.1093693 4.5436444 39 39 39
-1.6795596 1.1103648 4.5477219 40 40 40
-1.4678926 0.9931098 4.0674806 42 42 42
-1.4306531 0.9793590 4.0111613 58 58 58
-1.3885961 0.9619420 3.9398263 55 55 55
-1.3467377 0.9442423 3.8673339 53 53 53
-1.2807246 0.9089655 3.7228506 73 73 73
-1.2292019 0.8943235 3.6628814 60 60 60
-1.1920588 0.8783367 3.5974042 70 70 70
-1.1581179 0.8643277 3.5400276 67 67 67
-1.1226456 0.8487949 3.4764097 54 54 54
-1.0852836 0.8314035 3.4051797 42 42 42
-1.0435454 0.8101482 3.3181243 50 50 50
-1.0208061 0.8032653 3.2899342 74 74 74
-0.9902547 0.7899607 3.2354426 91 91 91
-0.9601173 0.7766193 3.1808000 87 87 87
-0.9345737 0.7666683 3.1400437 85 85 85
-0.9053808 0.7533946 3.0856788 67 67 67
-0.8289648 0.7208884 2.9525433 40 40 40
-0.8052754 0.7109660 2.9119036 75 75 75
-0.7830552 0.7020534 2.8754003 96 96 96
-0.7623047 0.6941988 2.8432307 96 96 96
-0.7404299 0.6850532 2.8057728 96 96 96
-0.7187979 0.6758387 2.7680330 86 86 86
-0.6993363 0.6683944 2.7375431 75 75 75
-0.6745597 0.6555350 2.6848750 60 60 60
-0.6555877 0.6479738 2.6539068 48 48 48
-0.6397137 0.6432652 2.6346219 37 37 37
-0.6290711 0.6437436 2.6365809 63 63 63
-0.5980283 0.6229876 2.5515704 76 76 76
-0.5833036 0.6187816 2.5343440 45 45 45
-0.5663604 0.6120211 2.5066552 54 54 54
-0.5491160 0.6046720 2.4765551 68 68 68
-0.5324143 0.5976470 2.4477830 68 68 68
-0.5135368 0.5878536 2.4076722 68 68 68
-0.4975487 0.5810393 2.3797631 59 59 59
-0.4812202 0.5735389 2.3490436 62 62 62
-0.4659881 0.5670574 2.3224971 62 62 62
-0.4506683 0.5601885 2.2943642 61 61 61
-0.4360161 0.5538663 2.2684708 51 51 51
-0.4214482 0.5473699 2.2418633 52 52 52
-0.4069048 0.5406080 2.2141685 57 57 57
-0.3936652 0.5353013 2.1924338 75 75 75
-0.3799357 0.5290573 2.1668601 88 88 88
-0.3678611 0.5248666 2.1496964 95 95 95
-0.3554268 0.5199380 2.1295104 83 83 83
-0.3428285 0.5145079 2.1072702 80 80 80
-0.3305100 0.5092198 2.0856118 86 86 86
-0.3184259 0.5040136 2.0642889 100 100 100
-0.3064643 0.4987139 2.0425830 99 99 99
-0.2840162 0.4897115 2.0057118 93 93 93
-0.2726044 0.4844621 1.9842117 89 89 89
-0.2480165 0.4695927 1.9233110 62 62 62
-0.2099788 0.4574036 1.8733881 63 63 63
-0.2025416 0.4584509 1.8776777 66 66 66
-0.1950911 0.4595523 1.8821886 73 73 73
-0.1875269 0.4604679 1.8859389 80 80 80
-0.1800601 0.4617144 1.8910440 84 84 84
-0.1724372 0.4626577 1.8949072 91 91 91
-0.1647729 0.4635760 1.8986686 90 90 90
-0.1569368 0.4640801 1.9007332 73 73 73
-0.1499236 0.4672030 1.9135234 60 60 60
-0.1421754 0.4682605 1.9178547 61 61 61
-0.1343826 0.4692896 1.9220697 59 59 59
-0.1266307 0.4706028 1.9274480 57 57 57
-0.1188978 0.4721713 1.9338723 52 52 52
-0.1109626 0.4731087 1.9377115 50 50 50
-0.1029724 0.4739419 1.9411242 52 52 52
-0.0950960 0.4754883 1.9474576 69 69 69
-0.0870644 0.4764774 1.9515086 87 87 87
-0.0789664 0.4772716 1.9547616 97 97 97
-0.0709285 0.4786566 1.9604342 99 99 99
-0.0628072 0.4797696 1.9649926 99 99 99
-0.0546431 0.4808447 1.9693959 102 102 102
-0.0464838 0.4823556 1.9755841 107 107 107
-0.0382477 0.4835547 1.9804951 92 92 92
-0.0299561 0.4845248 1.9844687 77 77 77
-0.0216594 0.4861349 1.9910632 92 92 92
-0.0132911 0.4871570 1.9952494 109 109 109
-0.0048885 0.4882805 1.9998509 106 106 106
0.0035563 0.4898738 2.0063763 99 99 99
0.0120452 0.4910198 2.0110700 103 103 103
0.0205676 0.4920192 2.0151634 102 102 102
0.1084173 0.5054040 2.0699835 69 69 69
0.1174216 0.5065919 2.0748487 81 81 81
0.1264752 0.5078130 2.0798500 74 74 74
0.1356663 0.5093917 2.0863156 72 72 72
0.1447962 0.5105622 2.0911098 76 76 76
0.1540881 0.5121372 2.0975604 79 79 79
0.1633000 0.5132893 2.1022792 75 75 75
0.1725779 0.5145198 2.1073189 75 75 75
0.1819920 0.5160159 2.1134470 81 81 81
0.1915189 0.5176771 2.1202505 78 78 78
0.2008858 0.5187770 2.1247549 77 77 77
0.2104900 0.5203696 2.1312783 77 77 77
0.2199761 0.5215517 2.1361198 80 80 80
0.2295566 0.5228561 2.1414621 76 76 76
0.2392016 0.5242027 2.1469774 74 74 74
0.2490272 0.5258327 2.1536531 76 76 76
0.2587316 0.5271010 2.1588480 76 76 76
0.2686518 0.5287079 2.1654291 70 70 70
0.2785333 0.5301353 2.1712756 64 64 64
0.2884367 0.5315121 2.1769147 69 69 69
0.2984350 0.5329738 2.1829009 70 70 70
0.3083810 0.5342572 2.1881576 73 73 73
0.3185720 0.5358782 2.1947966 67 67 67
0.3288175 0.5374968 2.2014260 56 56 56
0.3389527 0.5388510 2.2069726 67 67 67
0.3493153 0.5404848 2.2136641 73 73 73
0.3600906 0.5426555 2.2225542 61 61 61
0.3702901 0.5438703 2.2275298 51 51 51
0.3809600 0.5456988 2.2350190 53 53 53
0.3915285 0.5472974 2.2415662 55 55 55
0.4022319 0.5490046 2.2485585 60 60 60
0.4126870 0.5503021 2.2538729 62 62 62
0.4233236 0.5517778 2.2599168 61 61 61
0.4342602 0.5535709 2.2672606 57 57 57
0.4451271 0.5551999 2.2739322 56 56 56
0.4558215 0.5565495 2.2794600 55 55 55
0.4667517 0.5581253 2.2859139 53 53 53
0.4779317 0.5599300 2.2933059 53 53 53
0.4890415 0.5615826 2.3000739 52 52 52
0.5002304 0.5632598 2.3069434 50 50 50
0.5111097 0.5645311 2.3121502 56 56 56
0.5226035 0.5664209 2.3198905 56 56 56
0.5337161 0.5678357 2.3256850 53 53 53
0.5452964 0.5696880 2.3332715 52 52 52
0.5568034 0.5713995 2.3402810 55 55 55
0.5684937 0.5732361 2.3478036 54 54 54
0.5800828 0.5749096 2.3546574 51 51 51
0.5913805 0.5762427 2.3601179 52 52 52
0.6031917 0.5780239 2.3674128 51 51 51
0.6149461 0.5796935 2.3742511 52 52 52
0.6269944 0.5815822 2.3819869 52 52 52
0.6389253 0.5833042 2.3890393 52 52 52
0.6510521 0.5851488 2.3965943 49 49 49
0.6629454 0.5867304 2.4030721 44 44 44
0.6751140 0.5885043 2.4103372 47 47 47
0.6873999 0.5903263 2.4177999 50 50 50
0.6997076 0.5921135 2.4251196 50 50 50
0.7122819 0.5940716 2.4331391 49 49 49
0.7248355 0.5959570 2.4408615 46 46 46
0.7371767 0.5976174 2.4476621 51 51 51
0.7500072 0.5996233 2.4558775 43 43 43
0.7625780 0.6013696 2.4630296 42 42 42
0.7734253 0.6017281 2.4644983 48 48 48
0.7862550 0.6035991 2.4721611 49 49 49
0.7991371 0.6054607 2.4797857 51 51 51
0.8119892 0.6072518 2.4871213 49 49 49
1.6043596 1.1550729 4.7308331 69 69 69
1.6226940 1.1539243 4.7261286 62 62 62
1.6468394 1.1568856 4.7382574 61 61 61
1.6644205 1.1552200 4.7314353 59 59 59
1.6883615 1.1579558 4.7426400 63 63 63
1.7063675 1.1566045 4.7371058 61 61 61
1.7243255 1.1552525 4.7315679 57 57 57
1.7483023 1.1579176 4.7424836 62 62 62
1.7664720 1.1567198 4.7375779 54 54 54
1.7844486 1.1554239 4.7322702 52 52 52
1.8086885 1.1581671 4.7435060 50 50 50
1.8257215 1.1562860 4.7358017 51 51 51
1.8505136 1.1593065 4.7481728 52 52 52
1.8680757 1.1577816 4.7419267 54 54 54
1.8858342 1.1564093 4.7363057 58 58 58
1.9100929 1.1590098 4.7469573 56 56 56
1.9276634 1.1575403 4.7409387 58 58 58
1.9521575 1.1602159 4.7518969 56 56 56
1.9697680 1.1587875 4.7460470 57 57 57
1.9866410 1.1569585 4.7385554 57 57 57
2.0115924 1.1598234 4.7502894 56 56 56
2.0286636 1.1581334 4.7433677 54 54 54
2.0536635 1.1609583 4.7549376 56 56 56
2.0705514 1.1591873 4.7476845 56 56 56
2.0879009 1.1577063 4.7416182 55 55 55
2.1125882 1.1602833 4.7521729 55 55 55
2.1296821 1.1586806 4.7456088 53 53 53
2.1546290 1.1613405 4.7565031 54 54 54
2.1718414 1.1598209 4.7502789 57 57 57
2.1969261 1.1624947 4.7612300 54 54 54
2.2143018 1.1610779 4.7554269 52 52 52
-2.2860546 1.1074803 4.4588966 45 45 45
-2.2704599 1.1090474 4.4652061 41 41 41
-2.2535038 1.1099702 4.4689212 43 43 43
-2.2375214 1.1113923 4.4746466 42 42 42
-2.2128820 1.1085019 4.4630098 44 44 44
-2.1963882 1.1096772 4.4677420 42 42 42
-2.1797438 1.1107962 4.4722471 44 44 44
-2.1638198 1.1123050 4.4783220 45 45 45
-2.1389422 1.1091974 4.4658098 45 45 45
-2.1227024 1.1105536 4.4712706 46 46 46
-2.1055558 1.1114554 4.4749012 45 45 45
-2.0897379 1.1130813 4.4814472 46 46 46
-2.0654981 1.1102102 4.4698877 47 47 47
-2.0480719 1.1109822 4.4729958 48 48 48
-2.0317190 1.1123561 4.4785271 47 47 47
-2.0144086 1.1132265 4.4820318 48 48 48
-1.9978460 1.1145309 4.4872832 49 49 49
-1.9737087 1.1115940 4.4754591 47 47 47
-1.9566002 1.1125972 4.4794979 45 45 45
-1.9400357 1.1139324 4.4848733 45 45 45
-1.9230723 1.1150625 4.4894238 48 48 48
-1.9058201 1.1160460 4.4933834 45 45 45
-1.8820196 1.1131760 4.4818287 45 45 45
-1.8650106 1.1143057 4.4863768 45 45 45
-1.8456037 1.1140110 4.4851904 44 44 44
-1.8272705 1.1143651 4.4866161 43 43 43
-1.8136760 1.1176468 4.4998283 47 47 47
-1.7899439 1.1146846 4.4879022 44 44 44
-1.7725734 1.1156632 4.4918423 42 42 42
-1.7554101 1.1167947 4.4963980 43 43 43
-1.7378632 1.1177043 4.5000596 40 40 40
-1.7202308 1.1185783 4.5035787 40 40 40
-1.6785659 1.1161299 4.4937210 41 41 41
-1.6609015 1.1169944 4.4972014 41 41 41
-1.4703462 1.0119507 4.0742793 44 44 44
-1.4328557 0.9978078 4.0173368 53 53 53
-1.3898069 0.9794092 3.9432614 54 54 54
-1.3489462 0.9621259 3.8736761 50 50 50
-1.2297517 0.9101767 3.6645200 67 67 67
-1.1948125 0.8955709 3.6057146 68 68 68
-1.1595035 0.8803077 3.5442629 69 69 69
-1.1242979 0.8647256 3.4815264 57 57 57
-1.0862513 0.8465170 3.4082158 44 44 44
-1.0449178 0.8252244 3.3224881 50 50 50
-0.9911880 0.8043618 3.2384920 101 101 101
-0.9611101 0.7908495 3.1840894 92 92 92
-0.9319079 0.7776850 3.1310871 87 87 87
-0.9063595 0.7672352 3.0890141 86 86 86
-0.8781690 0.7542114 3.0365784 60 60 60
-0.8070114 0.7248044 2.9181809 70 70 70
-0.7831916 0.7143031 2.8759012 86 86 86
-0.7624764 0.7063478 2.8438714 87 87 87
-0.7421920 0.6985434 2.8124499 99 99 99
-0.7193055 0.6879968 2.7699876 87 87 87
-0.6983737 0.6790026 2.7337751 73 73 73
-0.6752663 0.6675555 2.6876874 57 57 57
-0.6561356 0.6597161 2.6561248 49 49 49
-0.6400645 0.6547341 2.6360664 35 35 35
-0.5837312 0.6299302 2.5362017 45 45 45
-0.5654983 0.6216438 2.5028398 50 50 50
-0.5494608 0.6155018 2.4781106 60 60 60
-0.5309365 0.6062816 2.4409888 71 71 71
-0.5146559 0.5993097 2.4129188 71 71 71
-0.4985483 0.5922621 2.3845441 63 63 63
-0.4821956 0.5846273 2.3538048 65 65 65
-0.4666508 0.5776716 2.3258004 59 59 59
-0.4514024 0.5707920 2.2981017 57 57 57
-0.4364612 0.5640075 2.2707863 50 50 50
-0.4215614 0.5569733 2.2424655 43 43 43
-0.4074244 0.5506473 2.2169957 56 56 56
-0.3935838 0.5444341 2.1919808 59 59 59
-0.3805185 0.5390204 2.1701841 72 72 72
-0.3685080 0.5348707 2.1534767 91 91 91
-0.3555493 0.5291005 2.1302447 81 81 81
-0.3430536 0.5237378 2.1086540 73 73 73
-0.3306572 0.5182453 2.0865402 81 81 81
-0.3185674 0.5129464 2.0652061 86 86 86
-0.3065795 0.5075182 2.0433512 84 84 84
-0.2946942 0.5019507 2.0209355 90 90 90
-0.2843106 0.4986858 2.0077906 94 94 94
-0.2724302 0.4925144 1.9829433 99 99 99
-0.2615840 0.4878811 1.9642889 97 97 97
-0.2369361 0.4717896 1.8995020 52 52 52
-0.2278928 0.4696603 1.8909291 52 52 52
-0.2180208 0.4656069 1.8746092 62 62 62
-0.2099663 0.4652757 1.8732760 73 73 73
-0.2024362 0.4661264 1.8767011 82 82 82
-0.1948820 0.4669884 1.8801715 89 89 89
-0.1874394 0.4682024 1.8850591 93 93 93
-0.1797842 0.4689694 1.8881472 91 91 91
-0.1721265 0.4698004 1.8914932 94 94 94
-0.1644191 0.4705700 1.8945917 95 95 95
-0.1566691 0.4712903 1.8974917 75 75 75
-0.1501702 0.4760541 1.9166715 49 49 49
-0.1423938 0.4770795 1.9208000 59 59 59
-0.1345105 0.4778491 1.9238985 68 68 68
-0.1267222 0.4790767 1.9288409 76 76 76
-0.1188384 0.4800865 1.9329067 85 85 85
-0.1109244 0.4811143 1.9370447 93 93 93
-0.1029791 0.4821589 1.9412506 99 99 99
-0.0950812 0.4836250 1.9471533 101 101 101
-0.0870638 0.4847032 1.9514943 103 103 103
-0.0790080 0.4857702 1.9557903 108 108 108
-0.0709891 0.4873394 1.9621079 110 110 110
-0.0628448 0.4883482 1.9661696 103 103 103
-0.0546820 0.4894983 1.9708000 92 92 92
-0.0465098 0.4909607 1.9766881 77 77 77
-0.0382664 0.4921461 1.9814607 76 76 76
-0.0299773 0.4932426 1.9858754 88 88 88
-0.0216763 0.4949173 1.9926177 95 95 95
-0.0132975 0.4958092 1.9962088 86 86 86
-0.0048919 0.4970625 2.0012548 95 95 95
0.0035571 0.4984441 2.0068176 108 108 108
0.1084644 0.5143569 2.0708847 71 71 71
0.1174601 0.5155102 2.0755284 82 82 82
0.1265034 0.5166985 2.0803125 79 79 79
0.1356971 0.5183070 2.0867889 76 76 76
0.1448240 0.5194802 2.0915122 73 73 73
0.1541341 0.5211377 2.0981855 71 71 71
0.1633251 0.5222347 2.1026022 72 72 72
0.1725987 0.5234693 2.1075730 70 70 70
0.1820635 0.5251344 2.1142769 72 72 72
0.1915434 0.5266854 2.1205215 70 70 70
0.2009304 0.5278541 2.1252270 72 72 72
0.2105515 0.5295119 2.1319013 72 72 72
0.2200053 0.5306301 2.1364033 71 71 71
0.2297037 0.5322273 2.1428342 72 72 72
0.2392655 0.5333990 2.1475515 72 72 72
0.2490580 0.5349807 2.1539197 79 79 79
0.2589633 0.5366849 2.1607809 75 75 75
0.2686758 0.5378873 2.1656222 69 69 69
0.2786424 0.5395028 2.1721263 80 80 80
0.2884623 0.5407402 2.1771083 76 76 76
0.2985527 0.5423928 2.1837621 65 65 65
0.3088278 0.5442720 2.1913280 60 60 60
0.3191108 0.5460554 2.1985083 50 50 50
0.3292961 0.5475758 2.2046299 49 49 49
0.3396174 0.5492328 2.2113008 55 55 55
0.3498103 0.5505989 2.2168012 59 59 59
0.3603365 0.5524049 2.2240725 63 63 63
0.3707200 0.5539061 2.2301164 58 58 58
0.3810220 0.5552142 2.2353830 62 62 62
0.3917315 0.5570385 2.2427282 57 57 57
0.4023609 0.5586657 2.2492795 56 56 56
0.4130560 0.5603072 2.2558885 50 50 50
0.4235674 0.5616310 2.2612178 50 50 50
0.4345308 0.5634827 2.2686734 51 51 51
0.4453346 0.5650522 2.2749925 50 50 50
0.4563629 0.5668343 2.2821674 50 50 50
0.4669809 0.5680437 2.2870367 49 49 49
0.4780309 0.5697190 2.2937818 44 44 44
0.4893203 0.5716075 2.3013852 49 49 49
0.5005339 0.5733357 2.3083432 55 55 55
0.5114874 0.5747057 2.3138590 57 57 57
0.5226878 0.5762967 2.3202646 52 52 52
0.5339988 0.5779489 2.3269167 55 55 55
0.5455729 0.5798211 2.3344545 55 55 55
0.5570515 0.5815273 2.3413239 56 56 56
0.5685719 0.5832168 2.3481264 55 55 55
0.5804329 0.5851920 2.3560784 54 54 54
0.5920158 0.5868250 2.3626530 55 55 55
0.6038733 0.5886716 2.3700879 54 54 54
0.6156647 0.5903947 2.3770256 50 50 50
0.6270822 0.5917098 2.3823202 48 48 48
0.6389769 0.5934266 2.3892326 45 45 45
0.6511455 0.5953405 2.3969383 46 46 46
0.6632746 0.5971604 2.4042652 47 47 47
0.6754605 0.5989758 2.4115741 45 45 45
0.6880209 0.6010646 2.4199841 46 46 46
0.7002953 0.6028461 2.4271567 46 46 46
0.7125471 0.6045570 2.4340453 42 42 42
0.7250860 0.6064596 2.4417052 42 42 42
0.7376662 0.6083428 2.4492877 52 52 52
0.7501220 0.6100730 2.4562533 43 43 43
0.7629482 0.6120530 2.4642255 42 42 42
0.7737042 0.6123416 2.4653871 49 49 49
0.7864384 0.6141673 2.4727376 49 49 49
0.7992097 0.6159737 2.4800107 47 47 47
0.8123146 0.6179873 2.4881179 49 49 49
1.5869523 1.1622736 4.6795034 64 64 64
1.6050764 1.1611096 4.6748166 64 64 64
1.6231962 1.1599708 4.6702318 58 58 58
1.6463091 1.1623846 4.6799502 61 61 61
1.6643797 1.1612233 4.6752748 60 60 60
1.6875778 1.1636246 4.6849432 63 63 63
1.7057133 1.1625202 4.6804957 56 56 56
1.7235976 1.1612716 4.6754689 57 57 57
1.7469171 1.1636719 4.6851330 58 58 58
1.7652445 1.1627302 4.6813416 55 55 55
1.7825300 1.1611307 4.6749020 53 53 53
1.8070574 1.1642320 4.6873879 51 51 51
1.8243904 1.1626812 4.6811442 52 52 52
1.8478422 1.1650213 4.6905661 51 51 51
1.8656244 1.1637751 4.6855483 52 52 52
1.8831648 1.1624058 4.6800356 50 50 50
1.9072989 1.1650927 4.6908536 52 52 52
1.9244488 1.1635020 4.6844492 57 57 57
1.9490736 1.1664169 4.6961846 58 58 58
1.9660441 1.1647384 4.6894274 57 57 57
1.9829009 1.1630268 4.6825356 56 56 56
2.0074944 1.1658421 4.6938701 55 55 55
2.0248601 1.1644456 4.6882482 53 53 53
2.0491064 1.1669948 4.6985116 53 53 53
2.0661314 1.1654221 4.6921797 52 52 52
2.0833154 1.1639680 4.6863251 52 52 52
2.1073170 1.1663144 4.6957722 55 55 55
2.1244450 1.1648483 4.6898699 53 53 53
2.1486900 1.1672755 4.6996422 52 52 52
2.1654582 1.1656338 4.6930323 52 52 52
2.1899829 1.1681592 4.7031999 52 52 52
-2.2775955 1.1129615 4.4061565 44 44 44
-2.2603271 1.1136080 4.4087162 45 45 45
-2.2448163 1.1151382 4.4147739 44 44 44
-2.2292030 1.1166428 4.4207306 42 42 42
-2.2052920 1.1139811 4.4101934 42 42 42
-2.1888905 1.1150999 4.4146223 43 43 43
-2.1718884 1.1159292 4.4179058 47 47 47
-2.1564863 1.1176022 4.4245291 45 45 45
-2.1397254 1.1185941 4.4284554 45 45 45
-2.1156223 1.1157310 4.4171209 50 50 50
-2.0983553 1.1164546 4.4199858 46 46 46
-2.0830247 1.1182305 4.4270163 49 49 49
-2.0659072 1.1190708 4.4303427 46 46 46
-2.0420685 1.1162522 4.4191837 47 47 47
-2.0260835 1.1177143 4.4249725 50 50 50
-2.0088053 1.1184837 4.4280186 48 48 48
-1.9930649 1.1201316 4.4345427 46 46 46
-1.9760126 1.1210666 4.4382439 46 46 46
-1.9522641 1.1181841 4.4268322 44 44 44
-1.9362242 1.1197038 4.4328489 44 44 44
-1.9188824 1.1204927 4.4359722 44 44 44
-1.9020371 1.1215903 4.4403172 46 46 46
-1.8788894 1.1189560 4.4298882 47 47 47
-1.8613118 1.1196195 4.4325151 44 44 44
-1.8445493 1.1207917 4.4371557 45 45 45
-1.8278326 1.1220161 4.4420033 44 44 44
-1.8104627 1.1228607 4.4453468 45 45 45
-1.7933990 1.1239148 4.4495201 46 46 46
-1.7697042 1.1207917 4.4371557 46 46 46
-1.7530110 1.1220834 4.4422693 42 42 42
-1.7354945 1.1228703 4.4453850 42 42 42
-1.7184346 1.1239731 4.4497509 40 40 40
-1.7007091 1.1246601 4.4524708 40 40 40
-1.6776707 1.1218100 4.4411869 40 40 40
-1.6590496 1.1218824 4.4414740 44 44 44
-1.6427121 1.1235183 4.4479504 39 39 39
-1.4341381 1.0156568 4.0209322 52 52 52
-1.3915155 0.9972622 3.9481091 53 53 53
-1.3499984 0.9792241 3.8766971 45 45 45
-1.2611079 0.9374515 3.7113214 93 93 93
-1.2280982 0.9243851 3.6595924 118 118 118
-1.1965503 0.9121007 3.6109588 71 71 71
-1.1607907 0.8962476 3.5481975 67 67 67
-1.1258264 0.8806025 3.4862595 55 55 55
-1.0877773 0.8620988 3.4130039 42 42 42
-1.0457230 0.8398819 3.3250484 51 51 51
-1.0203203 0.8306167 3.2883682 75 75 75
-0.9930501 0.8195551 3.2445760 101 101 101
-0.9625881 0.8055135 3.1889858 93 93 93
-0.9332712 0.7920457 3.1356676 88 88 88
-0.9080072 0.7816799 3.0946300 96 96 96
-0.8797642 0.7684098 3.0420945 91 91 91
-0.8561917 0.7588868 3.0043929 55 55 55
-0.7832257 0.7264624 2.8760264 81 81 81
-0.7622895 0.7181640 2.8431740 82 82 82
-0.7399626 0.7082695 2.8040018 92 92 92
-0.7200866 0.7004375 2.7729955 87 87 87
-0.7002521 0.6923880 2.7411280 67 67 67
-0.6758257 0.6794517 2.6899140 54 54 54
-0.6567367 0.6715315 2.6585581 50 50 50
-0.6403868 0.6661856 2.6373940 35 35 35
-0.5839738 0.6408914 2.5372555 47 47 47
-0.5657664 0.6324979 2.5040262 48 48 48
-0.5478922 0.6241649 2.4710360 53 53 53
-0.5312916 0.6169876 2.4426215 65 65 65
-0.5152237 0.6101573 2.4155810 73 73 73
-0.4992433 0.6031573 2.3878682 71 71 71
-0.4830281 0.5955796 2.3578687 68 68 68
-0.4675225 0.5885768 2.3301446 63 63 63
-0.4521062 0.5813880 2.3016849 56 56 56
-0.4368813 0.5741354 2.2729719 51 51 51
-0.4222906 0.5674095 2.2463443 42 42 42
-0.4079040 0.5606555 2.2196057 45 45 45
-0.3941305 0.5544466 2.1950254 66 66 66
-0.3803619 0.5479463 2.1692905 64 64 64
-0.3675121 0.5424818 2.1476572 70 70 70
-0.3546023 0.5366503 2.1245706 77 77 77
-0.3431692 0.5328094 2.1093645 70 70 70
-0.3305923 0.5269407 2.0861309 80 80 80
-0.3187091 0.5218873 2.0661247 77 77 77
-0.3065378 0.5160647 2.0430734 72 72 72
-0.2949246 0.5108721 2.0225158 87 87 87
-0.2729941 0.5019132 1.9870484 99 99 99
-0.2362799 0.4784708 1.8942411 54 54 54
-0.2268670 0.4754843 1.8824174 58 58 58
-0.2175640 0.4725198 1.8706810 70 70 70
-0.2096803 0.4725308 1.8707250 79 79 79
-0.2021236 0.4733082 1.8738025 85 85 85
-0.1944595 0.4738873 1.8760951 96 96 96
-0.1869888 0.4750070 1.8805279 90 90 90
-0.1793901 0.4758861 1.8840082 87 87 87
-0.1717833 0.4768241 1.8877218 88 88 88
-0.1641039 0.4776420 1.8909596 89 89 89
-0.1564176 0.4785225 1.8944457 66 66 66
-0.1500199 0.4836519 1.9147527 72 72 72
-0.1422891 0.4848229 1.9193885 86 86 86
-0.1344938 0.4859016 1.9236591 86 86 86
-0.1267747 0.4874122 1.9296396 91 91 91
-0.1189015 0.4884968 1.9339330 90 90 90
-0.1109912 0.4895775 1.9382117 95 95 95
-0.1031202 0.4910173 1.9439118 95 95 95
-0.0951207 0.4920405 1.9479625 104 104 104
-0.0871166 0.4932317 1.9526784 98 98 98
-0.0791236 0.4947410 1.9586537 97 97 97
-0.0710161 0.4958021 1.9628545 91 91 91
-0.0628853 0.4969597 1.9674375 82 82 82
-0.0547513 0.4984396 1.9732964 77 77 77
-0.0465237 0.4994458 1.9772799 78 78 78
-0.0382864 0.5007640 1.9824983 87 87 87
-0.0300073 0.5021180 1.9878589 96 96 96
-0.0216811 0.5034317 1.9930598 98 98 98
-0.0133025 0.5044158 1.9969555 105 105 105
-0.0048957 0.5058941 2.0028083 111 111 111
0.1083890 0.5227256 2.0694432 71 71 71
0.1174496 0.5242160 2.0753438 79 79 79
0.1266297 0.5259958 2.0823898 81 81 81
0.1357091 0.5271537 2.0869739 79 79 79
0.1449668 0.5288209 2.0935745 75 75 75
0.1541634 0.5300867 2.0985856 73 73 73
0.1633175 0.5310768 2.1025054 73 73 73
0.1727480 0.5328175 2.1093965 73 73 73
0.1820432 0.5339906 2.1140409 72 72 72
0.1915529 0.5356541 2.1206264 74 74 74
0.2009499 0.5368683 2.1254334 73 73 73
0.2105494 0.5384965 2.1318793 71 71 71
0.2201623 0.5400245 2.1379285 78 78 78
0.2297788 0.5414405 2.1435347 77 77 77
0.2395598 0.5431224 2.1501932 71 71 71
0.2492079 0.5443911 2.1552160 67 67 67
0.2591533 0.5461974 2.1623669 63 63 63
0.2689620 0.5476024 2.1679292 51 51 51
0.2789954 0.5493575 2.1748776 49 49 49
0.2891461 0.5512245 2.1822691 53 53 53
0.2990587 0.5525365 2.1874633 56 56 56
0.3091868 0.5541561 2.1938748 60 60 60
0.3192651 0.5555951 2.1995721 58 58 58
0.3294247 0.5570902 2.2054911 56 56 56
0.3397878 0.5588379 2.2124100 55 55 55
0.3502665 0.5606772 2.2196918 54 54 54
0.3604533 0.5619658 2.2247934 54 54 54
0.3709742 0.5636966 2.2316456 54 54 54
0.3814788 0.5653176 2.2380629 50 50 50
0.3918371 0.5666487 2.2433329 52 52 52
0.4026524 0.5685625 2.2509093 46 46 46
0.4133033 0.5701613 2.2572389 49 49 49
0.4241055 0.5718921 2.2640910 50 50 50
0.4345886 0.5731259 2.2689755 51 51 51
0.4454627 0.5748110 2.2756469 50 50 50
0.4564254 0.5765371 2.2824800 52 52 52
0.4674847 0.5783113 2.2895041 54 54 54
0.4782622 0.5796720 2.2948914 46 46 46
0.4894650 0.5814843 2.3020656 51 51 51
0.5006781 0.5832378 2.3090081 59 59 59
0.5119162 0.5849532 2.3157992 58 58 58
0.5232425 0.5867031 2.3227270 55 55 55
0.5342814 0.5880725 2.3281481 54 54 54
0.5457668 0.5898749 2.3352842 55 55 55
0.5573950 0.5917652 2.3427677 55 55 55
0.5689216 0.5934835 2.3495703 53 53 53
0.5805742 0.5952723 2.3566520 52 52 52
0.5924127 0.5971882 2.3642371 51 51 51
0.6041132 0.5989040 2.3710296 51 51 51
0.6159864 0.6007323 2.3782678 46 46 46
0.6279151 0.6025552 2.3854847 48 48 48
0.6398634 0.6043392 2.3925474 45 45 45
0.6520838 0.6063207 2.4003923 44 44 44
0.6641707 0.6081195 2.4075134 44 44 44
0.6760450 0.6096724 2.4136612 42 42 42
0.6886653 0.6118420 2.4222505 49 49 49
0.7004811 0.6132438 2.4278004 47 47 47
0.7128583 0.6150898 2.4351084 47 47 47
0.7254019 0.6170248 2.4427688 46 46 46
0.7379256 0.6188889 2.4501488 51 51 51
0.7505689 0.6208005 2.4577167 50 50 50
0.7634172 0.6228272 2.4657404 41 41 41
0.7745903 0.6234511 2.4682105 47 47 47
0.7872040 0.6252027 2.4751449 47 47 47
0.8001360 0.6271578 2.4828851 48 48 48
0.8127370 0.6288065 2.4894121 51 51 51
1.5641978 1.1650586 4.6124063 75 75 75
1.5878197 1.1681277 4.6245565 75 75 75
1.6059729 1.1671476 4.6206770 66 66 66
1.6291932 1.1698297 4.6312947 66 66 66
1.6465021 1.1682538 4.6250558 67 67 67
1.6637142 1.1666468 4.6186943 66 66 66
1.6875504 1.1696686 4.6306567 64 64 64
1.7051070 1.1683183 4.6253109 59 59 59
1.7221115 1.1666245 4.6186056 59 59 59
1.7462560 1.1697515 4.6309853 55 55 55
1.7630363 1.1679308 4.6237774 53 53 53
1.7810435 1.1669540 4.6199098 54 54 54
1.8044288 1.1694838 4.6299253 51 51 51
1.8218243 1.1681190 4.6245217 53 53 53
1.8455448 1.1707956 4.6351185 52 52 52
1.8624730 1.1691521 4.6286125 49 49 49
1.8801811 1.1680274 4.6241593 50 50 50
1.9038002 1.1705602 4.6341867 56 56 56
1.9209586 1.1691095 4.6284432 55 55 55
1.9449644 1.1718132 4.6391478 56 56 56
1.9618564 1.1702200 4.6328402 53 53 53
1.9794741 1.1690868 4.6283536 53 53 53
2.0027449 1.1712819 4.6370440 51 51 51
2.0197062 1.1697803 4.6310987 54 54 54
2.0442736 1.1726704 4.6425409 50 50 50
2.0605171 1.1707760 4.6350408 52 52 52
2.0846245 1.1733437 4.6452060 55 55 55
2.1024661 1.1723695 4.6413498 54 54 54
2.1188345 1.1705993 4.6343417 52 52 52
2.1431863 1.1732320 4.6447639 51 51 51
2.1594112 1.1714083 4.6375442 53 53 53
-2.2363133 1.1201708 4.3618774 43 43 43
-2.2203360 1.1213912 4.3666296 41 41 41
-2.2043040 1.1226043 4.3713531 43 43 43
-2.1802721 1.1197292 4.3601580 43 43 43
-2.1639626 1.1208050 4.3643475 45 45 45
-2.1484532 1.1223172 4.3702354 44 44 44
-2.1317809 1.1232429 4.3738403 44 44 44
-2.1085763 1.1207128 4.3639879 48 48 48
-2.0913277 1.1213315 4.3663969 50 50 50
-2.0763388 1.1231837 4.3736095 45 45 45
-2.0598204 1.1242343 4.3777008 50 50 50
-2.0416715 1.1244060 4.3783693 47 47 47
-2.0206890 1.1230059 4.3729172 51 51 51
-2.0040135 1.1239958 4.3767719 50 50 50
-1.9876982 1.1252079 4.3814917 47 47 47
-1.9711516 1.1263107 4.3857861 45 45 45
-1.9481592 1.1237164 4.3756838 45 45 45
-1.9316982 1.1248758 4.3801985 44 44 44
-1.9145434 1.1256497 4.3832121 46 46 46
-1.8980069 1.1268058 4.3877134 45 45 45
-1.8811802 1.1278106 4.3916264 44 44 44
-1.8583802 1.1252186 4.3815336 45 45 45
-1.8414522 1.1261657 4.3852215 46 46 46
-1.8243011 1.1269943 4.3884478 45 45 45
-1.8075447 1.1280861 4.3926992 45 45 45
-1.7907567 1.1291807 4.3969612 46 46 46
-1.7671776 1.1259711 4.3844633 44 44 44
-1.7498205 1.1266998 4.3873014 48 48 48
-1.7335248 1.1281351 4.3928900 45 45 45
-1.7168194 1.1293317 4.3975496 42 42 42
-1.6996132 1.1302215 4.4010143 42 42 42
-1.6768582 1.1274003 4.3900290 42 42 42
-1.6592134 1.1279902 4.3923264 41 41 41
-1.6420034 1.1288924 4.3958387 39 39 39
-1.6245381 1.1296376 4.3987408 43 43 43
-1.4392301 1.0362792 4.0352087 51 51 51
-1.3924965 1.0146260 3.9508927 52 52 52
-1.3442942 0.9913653 3.8603168 45 45 45
-1.2605700 0.9526954 3.7097383 77 77 77
-1.2378691 0.9472948 3.6887090 64 64 64
-1.1979418 0.9284062 3.6151578 61 61 61
-1.1617296 0.9119471 3.5510671 64 64 64
-1.1274025 0.8965573 3.4911401 53 53 53
-1.0891820 0.8776231 3.4174113 41 41 41
-1.0476418 0.8554702 3.3311496 51 51 51
-1.0220207 0.8458910 3.2938485 76 76 76
-0.9944223 0.8343887 3.2490592 96 96 96
-0.9642301 0.8203583 3.1944258 93 93 93
-0.9341793 0.8060522 3.1387186 93 93 93
-0.9092587 0.7958252 3.0988953 97 97 97
-0.8806589 0.7820327 3.0451882 100 100 100
-0.8571144 0.7723876 3.0076306 82 82 82
-0.8314891 0.7605495 2.9615338 44 44 44
-0.7629967 0.7308310 2.8458116 72 72 72
-0.7401426 0.7202689 2.8046837 82 82 82
-0.7201089 0.7121531 2.7730813 82 82 82
-0.6766310 0.6916182 2.6931195 56 56 56
-0.6573023 0.6833305 2.6608479 46 46 46
-0.6408142 0.6777593 2.6391540 38 38 38
-0.5844394 0.6521104 2.5392787 45 45 45
-0.5480592 0.6347785 2.4717891 54 54 54
-0.5316393 0.6276985 2.4442203 63 63 63
-0.5154974 0.6206734 2.4168646 68 68 68
-0.4996210 0.6136908 2.3896749 64 64 64
-0.4838072 0.6064993 2.3616717 59 59 59
-0.4679700 0.5989756 2.3323750 54 54 54
-0.4531288 0.5924311 2.3068907 56 56 56
-0.4379753 0.5851821 2.2786639 60 60 60
-0.4229666 0.5778056 2.2499402 47 47 47
-0.4089994 0.5715462 2.2255664 45 45 45
-0.3946536 0.5644512 2.1979389 57 57 57
-0.3809089 0.5578952 2.1724105 67 67 67
-0.3676355 0.5517236 2.1483784 64 64 64
-0.3547952 0.5459063 2.1257262 64 64 64
-0.3421224 0.5400519 2.1029298 65 65 65
-0.3306830 0.5358849 2.0867033 74 74 74
-0.3187030 0.5305899 2.0660849 81 81 81
-0.3066886 0.5249384 2.0440786 83 83 83
-0.2950010 0.5195355 2.0230401 92 92 92
-0.2835702 0.5142766 2.0025620 91 91 91
-0.2732290 0.5107315 1.9887578 96 96 96
-0.2619007 0.5050585 1.9666673 90 90 90
-0.2364621 0.4868338 1.8957016 86 86 86
-0.2265073 0.4826559 1.8794330 75 75 75
-0.2170971 0.4793774 1.8666666 77 77 77
-0.2092686 0.4794763 1.8670518 72 72 72
-0.2017960 0.4804300 1.8707656 67 67 67
-0.1942523 0.4812855 1.8740968 67 67 67
-0.1868335 0.4825359 1.8789657 63 63 63
-0.1792474 0.4834459 1.8825090 63 63 63
-0.1716666 0.4844553 1.8864396 58 58 58
-0.1640456 0.4854435 1.8902876 59 59 59
-0.1563860 0.4864131 1.8940632 61 61 61
-0.1500756 0.4919089 1.9154637 84 84 84
-0.1423541 0.4931419 1.9202651 86 86 86
-0.1346382 0.4945441 1.9257247 93 93 93
-0.1268237 0.4957410 1.9303858 98 98 98
-0.1189420 0.4968211 1.9345917 99 99 99
-0.1110500 0.4980144 1.9392378 101 101 101
-0.1031511 0.4993639 1.9444931 94 94 94
-0.0951747 0.5005391 1.9490688 85 85 85
-0.0871527 0.5016736 1.9534867 75 75 75
-0.0791563 0.5032082 1.9594623 79 79 79
-0.0710536 0.5043456 1.9638913 80 80 80
-0.0629014 0.5053859 1.9679420 77 77 77
-0.0547740 0.5069711 1.9741150 82 82 82
-0.0465413 0.5079760 1.9780279 92 92 92
-0.0383035 0.5093515 1.9833839 89 89 89
-0.0300151 0.5106338 1.9883772 97 97 97
-0.0216836 0.5118939 1.9932840 101 101 101
-0.0133070 0.5130112 1.9976346 117 117 117
-0.0048983 0.5146089 2.0038557 111 111 111
0.0995767 0.5309964 2.0676680 93 93 93
0.1084717 0.5318579 2.0710227 89 89 89
0.1174843 0.5331250 2.0759566 83 83 83
0.1266548 0.5348830 2.0828021 86 86 86
0.1357358 0.5360597 2.0873842 84 84 84
0.1450049 0.5377907 2.0941246 83 83 83
0.1541712 0.5389634 2.0986912 76 76 76
0.1634660 0.5404339 2.1044168 77 77 77
0.1727630 0.5417594 2.1095786 75 75 75
0.1822207 0.5434348 2.1161022 69 69 69
0.1916575 0.5448941 2.1217847 67 67 67
0.2012633 0.5466823 2.1287479 68 68 68
0.2108139 0.5481743 2.1345577 66 66 66
0.2204710 0.5498099 2.1409264 59 59 59
0.2300033 0.5510174 2.1456285 57 57 57
0.2399125 0.5530027 2.1533589 57 57 57
0.2494957 0.5541187 2.1577048 61 61 61
0.2594678 0.5559899 2.1649909 58 58 58
0.2693856 0.5576213 2.1713438 56 56 56
0.2791824 0.5589033 2.1763358 59 59 59
0.2892115 0.5605538 2.1827626 59 59 59
0.2993259 0.5622628 2.1894174 56 56 56
0.3093920 0.5637815 2.1953311 53 53 53
0.3195893 0.5654442 2.2018056 52 52 52
0.3296307 0.5667447 2.2068701 51 51 51
0.3399877 0.5685018 2.2137117 53 53 53
0.3503681 0.5702029 2.2203360 50 50 50
0.3606704 0.5716918 2.2261331 50 50 50
0.3711213 0.5733346 2.2325304 47 47 47
0.3816931 0.5750782 2.2393198 46 46 46
0.3923330 0.5768378 2.2461720 49 49 49
0.4026657 0.5780736 2.2509837 55 55 55
0.4134373 0.5798679 2.2579706 53 53 53
0.4241626 0.5815179 2.2643957 55 55 55
0.4351147 0.5833994 2.2717221 51 51 51
0.4457096 0.5847312 2.2769079 55 55 55
0.4566877 0.5864990 2.2837918 53 53 53
0.4676007 0.5881118 2.2900720 56 56 56
0.4788415 0.5900633 2.2976711 52 52 52
0.4900716 0.5919246 2.3049188 59 59 59
0.5009428 0.5932882 2.3102286 57 57 57
0.5122195 0.5950711 2.3171709 55 55 55
0.5235515 0.5968502 2.3240986 52 52 52
0.5351105 0.5988179 2.3317609 50 50 50
0.5464869 0.6005140 2.3383653 51 51 51
0.5580202 0.6023194 2.3453953 52 52 52
0.5692267 0.6037151 2.3508303 54 54 54
0.5809741 0.6056271 2.3582752 55 55 55
0.5926610 0.6074126 2.3652282 54 54 54
0.6043643 0.6091557 2.3720152 48 48 48
0.6161278 0.6109015 2.3788135 46 46 46
0.6280794 0.6127749 2.3861086 45 45 45
0.6400998 0.6146554 2.3934309 47 47 47
0.6521180 0.6164755 2.4005182 48 48 48
0.6643667 0.6184543 2.4082239 46 46 46
0.6764745 0.6202444 2.4151945 49 49 49
0.6887658 0.6221473 2.4226043 51 51 51
0.7012188 0.6241384 2.4303572 53 53 53
0.7135431 0.6259593 2.4374478 54 54 54
0.7260996 0.6279291 2.4451182 50 50 50
0.7381197 0.6293866 2.4507935 45 45 45
0.7507689 0.6313327 2.4583714 45 45 45
0.7636166 0.6333905 2.4663842 45 45 45
0.7749470 0.6341513 2.4693472 49 49 49
0.7873625 0.6357682 2.4756432 49 49 49
0.8005342 0.6379454 2.4841208 49 49 49
0.8137093 0.6400689 2.4923899 50 50 50
1.5476108 1.1719482 4.5634956 76 76 76
1.5649968 1.1705586 4.5580845 66 66 66
1.5882162 1.1735127 4.5695877 66 66 66
1.6053244 1.1719347 4.5634432 66 66 66
1.6287385 1.1749431 4.5751576 72 72 72
1.6463087 1.1737146 4.5703740 67 67 67
1.6635488 1.1722822 4.5647960 57 57 57
1.6867272 1.1750190 4.5754533 58 58 58
1.7036893 1.1734127 4.5691981 49 49 49
1.7212620 1.1722580 4.5647020 54 54 54
1.7444102 1.1748841 4.5749278 54 54 54
1.7622950 1.1739466 4.5712776 61 61 61
1.7850544 1.1762415 4.5802135 57 57 57
1.8025086 1.1750287 4.5754910 59 59 59
1.8193349 1.1734366 4.5692916 58 58 58
1.8431853 1.1763610 4.5806785 57 57 57
1.8601571 1.1748800 4.5749121 56 56 56
1.8837811 1.1775880 4.5854564 62 62 62
1.9008173 1.1761645 4.5799136 58 58 58
1.9179032 1.1748002 4.5746012 57 57 57
1.9419518 1.1776855 4.5858364 56 56 56
1.9581448 1.1757969 4.5784822 56 56 56
1.9822984 1.1786785 4.5897031 55 55 55
1.9991013 1.1771760 4.5838523 54 54 54
2.0153542 1.1753815 4.5768647 54 54 54
2.0392542 1.1780386 4.5872111 53 53 53
2.0564096 1.1767862 4.5823345 55 55 55
2.0795653 1.1789588 4.5907946 52 52 52
2.0961902 1.1774230 4.5848141 51 51 51
2.1130071 1.1760219 4.5793586 54 54 54
2.1345437 1.1772496 4.5841389 54 54 54
-2.2111225 1.1257393 4.3127432 44 44 44
-2.1960325 1.1273290 4.3188334 43 43 43
-2.1799612 1.1284372 4.3230791 42 42 42
-2.1563184 1.1256118 4.3122549 42 42 42
-2.1405723 1.1268955 4.3171730 43 43 43
-2.1246541 1.1281098 4.3218250 44 44 44
-2.1090274 1.1295015 4.3271561 43 43 43
-2.0859175 1.1268744 4.3170919 44 44 44
-2.0698547 1.1280420 4.3215647 44 44 44
-2.0535991 1.1291240 4.3257103 48 48 48
-2.0378239 1.1304922 4.3309522 49 49 49
-2.0217662 1.1317269 4.3356819 47 47 47
-1.9982934 1.1287954 4.3244514 46 46 46
-1.9827979 1.1303577 4.3304367 48 48 48
-1.9661756 1.1313007 4.3340492 46 46 46
-1.9461648 1.1302935 4.3301907 50 50 50
-1.9270809 1.1298106 4.3283405 45 45 45
-1.9104996 1.1307997 4.3321295 45 45 45
-1.8943771 1.1320820 4.3370428 46 46 46
-1.8774251 1.1328889 4.3401337 44 44 44
-1.8614768 1.1343232 4.3456287 46 46 46
-1.8380736 1.1311982 4.3336563 46 46 46
-1.8211399 1.1320318 4.3368502 46 46 46
-1.8047776 1.1332411 4.3414831 47 47 47
-1.7885023 1.1345304 4.3464227 48 48 48
-1.7713548 1.1352874 4.3493223 48 48 48
-1.7482036 1.1321721 4.3373880 44 44 44
-1.7317466 1.1333721 4.3419847 46 46 46
-1.7149318 1.1343611 4.3457737 44 44 44
-1.6977432 1.1351216 4.3486872 43 43 43
-1.6808370 1.1360894 4.3523951 41 41 41
-1.6581185 1.1331067 4.3409681 41 41 41
-1.6409538 1.1338950 4.3439884 40 40 40
-1.6239456 1.1348107 4.3474960 39 39 39
-1.6068634 1.1356949 4.3508835 39 39 39
-1.4437851 1.0566291 4.0479798 58 58 58
-1.3950691 1.0331922 3.9581921 50 50 50
-1.3459496 1.0088850 3.8650708 48 48 48
-1.2603415 0.9681636 3.7090659 88 88 88
-1.1997070 0.9450417 3.6204851 57 57 57
-1.1626805 0.9276806 3.5539742 58 58 58
-1.1286720 0.9123054 3.4950714 51 51 51
-1.0905173 0.8931277 3.4216008 41 41 41
-1.0481017 0.8698993 3.3326120 53 53 53
-1.0227479 0.8603927 3.2961922 72 72 72
-0.9952564 0.8488011 3.2517846 92 92 92
-0.9658135 0.8351982 3.1996713 92 92 92
-0.9352779 0.8202515 3.1424098 92 92 92
-0.9101315 0.8096695 3.1018698 98 98 98
-0.8822418 0.7963029 3.0506618 105 105 105
-0.8586836 0.7865080 3.0131371 99 99 99
-0.8314302 0.7729834 2.9613242 72 72 72
-0.8088306 0.7634389 2.9247591 45 45 45
-0.7402915 0.7322435 2.8052483 76 76 76
-0.7204639 0.7242039 2.7744484 84 84 84
-0.6987380 0.7139593 2.7352009 78 78 78
-0.6774905 0.7038679 2.6965404 58 58 58
-0.6578150 0.6950929 2.6629233 51 51 51
-0.6410555 0.6891479 2.6401477 37 37 37
-0.6009670 0.6692998 2.5641091 69 69 69
-0.5849593 0.6634081 2.5415378 48 48 48
-0.5650268 0.6527622 2.5007532 46 46 46
-0.5482017 0.6453696 2.4724319 51 51 51
-0.5318033 0.6382024 2.4449737 57 57 57
-0.5158622 0.6313115 2.4185748 60 60 60
-0.4999439 0.6241711 2.3912194 57 57 57
-0.4842276 0.6169941 2.3637242 62 62 62
-0.4691115 0.6102961 2.3380642 62 62 62
-0.4536303 0.6028255 2.3094440 64 64 64
-0.4385988 0.5956378 2.2819076 69 69 69
-0.4237792 0.5884218 2.2542627 63 63 63
-0.4093574 0.5814397 2.2275143 47 47 47
-0.3951864 0.5744942 2.2009058 56 56 56
-0.3814827 0.5679104 2.1756830 63 63 63
-0.3680025 0.5613430 2.1505227 68 68 68
-0.3551383 0.5554070 2.1277819 61 61 61
-0.3423828 0.5493377 2.1045303 59 59 59
-0.3311829 0.5455077 2.0898576 75 75 75
-0.3188797 0.5396014 2.0672305 81 81 81
-0.3067922 0.5337384 2.0447690 81 81 81
-0.2951148 0.5282704 2.0238206 86 86 86
-0.2837294 0.5230148 2.0036867 96 96 96
-0.2733536 0.5193549 1.9896652 100 100 100
-0.2367740 0.4954807 1.8982027 58 58 58
-0.2171460 0.4873588 1.8670871 58 58 58
-0.2092903 0.4874001 1.8672454 50 50 50
-0.2017771 0.4882734 1.8705909 46 46 46
-0.1943272 0.4893771 1.8748192 53 53 53
-0.1868676 0.4905489 1.8793086 60 60 60
-0.1792948 0.4915144 1.8830073 57 57 57
-0.1717129 0.4925430 1.8869479 59 59 59
-0.1640951 0.4935638 1.8908589 59 59 59
-0.1564700 0.4946656 1.8950799 66 66 66
-0.1501333 0.5001784 1.9161994 85 85 85
-0.1424134 0.5014485 1.9210651 92 92 92
-0.1347099 0.5029326 1.9267509 94 94 94
-0.1268711 0.5040696 1.9311067 96 96 96
-0.1190277 0.5053431 1.9359857 93 93 93
-0.1111733 0.5067541 1.9413912 88 88 88
-0.1032213 0.5079092 1.9458163 83 83 83
-0.0952142 0.5089692 1.9498774 76 76 76
-0.0872515 0.5104897 1.9557025 79 79 79
-0.0791890 0.5116823 1.9602711 84 84 84
-0.0710613 0.5126831 1.9641052 84 84 84
-0.0629766 0.5142981 1.9702928 90 90 90
-0.0547945 0.5154887 1.9748538 85 85 85
-0.0465690 0.5166246 1.9792054 87 87 87
-0.0383377 0.5181764 1.9851505 87 87 87
-0.0300257 0.5192019 1.9890791 89 89 89
-0.0216942 0.5205538 1.9942582 99 99 99
-0.0133207 0.5219731 1.9996959 114 114 114
-0.0048994 0.5231775 2.0043097 108 108 108
0.0552463 0.5326370 2.0405493 102 102 102
0.0728255 0.5353529 2.0509541 94 94 94
0.0816453 0.5364771 2.0552609 85 85 85
0.0905297 0.5377689 2.0602100 81 81 81
0.0995361 0.5394957 2.0668254 80 80 80
0.1084887 0.5406761 2.0713475 82 82 82
0.1175891 0.5423625 2.0778079 81 81 81
0.1266744 0.5437504 2.0831254 84 84 84
0.1357369 0.5448664 2.0874004 81 81 81
0.1449727 0.5465003 2.0936599 75 75 75
0.1542013 0.5479206 2.0991015 67 67 67
0.1636109 0.5497950 2.1062822 60 60 60
0.1730126 0.5514511 2.1126270 58 58 58
0.1825331 0.5533053 2.1197305 59 59 59
0.1918246 0.5543246 2.1236353 59 59 59
0.2014818 0.5562624 2.1310592 68 68 68
0.2111475 0.5580574 2.1379356 69 69 69
0.2206264 0.5592317 2.1424346 68 68 68
0.2303830 0.5609900 2.1491709 64 64 64
0.2400104 0.5623125 2.1542375 61 61 61
0.2498665 0.5640548 2.1609120 58 58 58
0.2595529 0.5653048 2.1657009 55 55 55
0.2694392 0.5668905 2.1717758 54 54 54
0.2795049 0.5687369 2.1788492 54 54 54
0.2893544 0.5700400 2.1838417 52 52 52
0.2994436 0.5717202 2.1902785 53 53 53
0.3094310 0.5731114 2.1956081 47 47 47
0.3197508 0.5750195 2.2029181 49 49 49
0.3300436 0.5767727 2.2096348 52 52 52
0.3401473 0.5781081 2.2147508 49 49 49
0.3505779 0.5799130 2.2216654 52 52 52
0.3610692 0.5817218 2.2285948 54 54 54
0.3712791 0.5829968 2.2334795 59 59 59
0.3818910 0.5848244 2.2404814 52 52 52
0.3924590 0.5864982 2.2468934 54 54 54
0.4029458 0.5879746 2.2525494 55 55 55
0.4135969 0.5896172 2.2588425 55 55 55
0.4243390 0.5913126 2.2653375 53 53 53
0.4352761 0.5931991 2.2725649 55 55 55
0.4462668 0.5950758 2.2797546 51 51 51
0.4569142 0.5964252 2.2849240 50 50 50
0.4678697 0.5981128 2.2913895 50 50 50
0.4789800 0.5999261 2.2983360 49 49 49
0.4902615 0.6018775 2.3058119 56 56 56
0.5013039 0.6034650 2.3118939 55 55 55
0.5123689 0.6050189 2.3178465 53 53 53
0.5237350 0.6068634 2.3249133 52 52 52
0.5352831 0.6088472 2.3325131 51 51 51
0.5467305 0.6106469 2.3394079 53 53 53
0.5581994 0.6124064 2.3461485 45 45 45
0.5698992 0.6143535 2.3536079 50 50 50
0.5813078 0.6159254 2.3596299 54 54 54
0.5927794 0.6175100 2.3657007 49 49 49
0.6045231 0.6193210 2.3726385 50 50 50
0.6164131 0.6212204 2.3799150 50 50 50
0.6282358 0.6229921 2.3867028 52 52 52
0.6402903 0.6249343 2.3941433 51 51 51
0.6524582 0.6269252 2.4017704 53 53 53
0.6644921 0.6287283 2.4086785 53 53 53
0.6767250 0.6306627 2.4160891 51 51 51
0.6890203 0.6325970 2.4234993 49 49 49
0.7012722 0.6344354 2.4305425 47 47 47
0.7139524 0.6366028 2.4388459 47 47 47
0.7265377 0.6386252 2.4465935 44 44 44
0.7390310 0.6405112 2.4538190 46 46 46
0.7517593 0.6425461 2.4616144 44 44 44
0.7642711 0.6443430 2.4684987 47 47 47
0.7753726 0.6449184 2.4707034 50 50 50
0.7883186 0.6469926 2.4786494 50 50 50
0.8008329 0.6486627 2.4850476 49 49 49
0.8140572 0.6508574 2.4934556 49 49 49
1.5319246 1.1791186 4.5172415 63 63 63
1.5489184 1.1775562 4.5112553 64 64 64
1.5663604 1.1763682 4.5067043 66 66 66
1.5890538 1.1791054 4.5171909 63 63 63
1.6064773 1.1779138 4.5126257 66 66 66
1.6290674 1.1804940 4.5225105 61 61 61
1.6463801 1.1792344 4.5176849 61 61 61
1.6629665 1.1774894 4.5109997 59 59 59
1.6864176 1.1805896 4.5228767 57 57 57
1.7037271 1.1793691 4.5182009 52 52 52
1.7200493 1.1774997 4.5110388 58 58 58
1.7431792 1.1802804 4.5216923 56 56 56
1.7599218 1.1787231 4.5157261 62 62 62
1.7834314 1.1816829 4.5270653 60 60 60
1.8000972 1.1800935 4.5209761 60 60 60
1.8165923 1.1784266 4.5145903 58 58 58
1.8400360 1.1812550 4.5254259 60 60 60
1.8566155 1.1796640 4.5193310 60 60 60
1.8801126 1.1824561 4.5300274 60 60 60
1.8971429 1.1811657 4.5250835 60 60 60
1.9142743 1.1799632 4.5204773 61 61 61
1.9371307 1.1822786 4.5293474 63 63 63
1.9541603 1.1810274 4.5245538 61 61 61
1.9775088 1.1835823 4.5343418 62 62 62
1.9944260 1.1822759 4.5293369 62 62 62
2.0111415 1.1808759 4.5239735 60 60 60
2.0343237 1.1832634 4.5331202 63 63 63
2.0510850 1.1819065 4.5279217 55 55 55
2.0748239 1.1845583 4.5380812 52 52 52
2.0913210 1.1830651 4.5323601 52 52 52
2.1074951 1.1814178 4.5260496 52 52 52
-2.1874833 1.1316962 4.2666359 43 43 43
-2.1715972 1.1327949 4.2707777 46 46 46
-2.1560633 1.1340970 4.2756872 41 41 41
-2.1328776 1.1313623 4.2653770 43 43 43
-2.1174407 1.1327266 4.2705202 41 41 41
-2.1014359 1.1338077 4.2745962 43 43 43
-2.0856860 1.1350461 4.2792654 43 43 43
-2.0630386 1.1325200 4.2697415 43 43 43
-2.0474765 1.1338729 4.2748423 41 41 41
-2.0319140 1.1352497 4.2800331 47 47 47
-2.0153193 1.1360694 4.2831230 44 44 44
-1.9998938 1.1375688 4.2887764 45 45 45
-1.9772326 1.1349424 4.2788744 47 47 47
-1.9611655 1.1360875 4.2831917 45 45 45
-1.9452361 1.1373343 4.2878923 46 46 46
-1.9290423 1.1384487 4.2920933 46 46 46
-1.9056637 1.1353036 4.2802362 45 45 45
-1.8898673 1.1366588 4.2853456 47 47 47
-1.8734798 1.1376811 4.2891998 51 51 51
-1.8574911 1.1389680 4.2940512 47 47 47
-1.8411310 1.1400501 4.2981310 47 47 47
-1.8179629 1.1368963 4.2862411 47 47 47
-1.8019943 1.1382267 4.2912569 48 48 48
-1.7849894 1.1389229 4.2938814 44 44 44
-1.7688633 1.1401999 4.2986956 45 45 45
-1.7522374 1.1411778 4.3023825 46 46 46
-1.7290949 1.1378875 4.2899780 48 48 48
-1.7121123 1.1386244 4.2927561 43 43 43
-1.6936479 1.1383810 4.2918386 42 42 42
-1.6757684 1.1385298 4.2923994 43 43 43
-1.6622304 1.1416637 4.3042145 42 42 42
-1.6396039 1.1385556 4.2924967 41 41 41
-1.6219958 1.1389019 4.2938023 41 41 41
-1.6057931 1.1402540 4.2988997 39 39 39
-1.5894302 1.1415218 4.3036795 40 40 40
-1.4471340 1.0761898 4.0573697 62 62 62
-1.3467656 1.0258054 3.8674140 46 46 46
-1.3087453 1.0090652 3.8043015 47 47 47
-1.2605983 0.9840049 3.7098215 75 75 75
-1.2349806 0.9761218 3.6801012 60 60 60
-1.2010665 0.9613973 3.6245878 55 55 55
-1.1637450 0.9435306 3.5572278 54 54 54
-1.1294971 0.9277216 3.4976261 50 50 50
-1.0880636 0.9055144 3.4139020 41 41 41
-1.0490090 0.8847179 3.3354969 48 48 48
-1.0233558 0.8748123 3.2981515 72 72 72
-0.9968613 0.8639046 3.2570281 94 94 94
-0.9668682 0.8496179 3.2031655 89 89 89
-0.9381685 0.8360790 3.1521220 74 74 74
-0.9110993 0.8236247 3.1051681 94 94 94
-0.8835554 0.8103720 3.0552037 104 104 104
-0.8562711 0.7969687 3.0046713 101 101 101
-0.8325252 0.7865056 2.9652240 101 101 101
-0.8055748 0.7726498 2.9129863 70 70 70
-0.7206450 0.7360885 2.7751455 76 76 76
-0.6988353 0.7255945 2.7355819 78 78 78
-0.6778451 0.7156133 2.6979513 58 58 58
-0.6579949 0.7065154 2.6636515 45 45 45
-0.6412333 0.7004756 2.6408803 37 37 37
-0.6014965 0.6807117 2.5663681 72 72 72
-0.5853770 0.6746069 2.5433524 52 52 52
-0.5658050 0.6642213 2.5041974 46 46 46
-0.5484019 0.6560352 2.4733346 43 43 43
-0.5319782 0.6487260 2.4457781 50 50 50
-0.5159555 0.6416266 2.4190123 56 56 56
-0.5002191 0.6346039 2.3925359 55 55 55
-0.4836783 0.6262506 2.3610427 61 61 61
-0.4694348 0.6205831 2.3396759 65 65 65
-0.4541615 0.6132817 2.3121483 58 58 58
-0.4392842 0.6062063 2.2854733 62 62 62
-0.4243147 0.5986835 2.2571115 62 62 62
-0.4099046 0.5916229 2.2304921 62 62 62
-0.3957758 0.5846460 2.2041883 60 60 60
-0.3817671 0.5775153 2.1773047 59 59 59
-0.3685713 0.5712932 2.1538467 60 60 60
-0.3555939 0.5651038 2.1305118 71 71 71
-0.3425002 0.5584037 2.1052518 60 60 60
-0.3302442 0.5527495 2.0839343 60 60 60
-0.3193562 0.5491382 2.0703194 79 79 79
-0.3068309 0.5424295 2.0450270 82 82 82
-0.2951618 0.5368902 2.0241430 69 69 69
-0.2837949 0.5315869 2.0041492 75 75 75
-0.2371603 0.5043067 1.9012992 59 59 59
-0.2261564 0.4977346 1.8765215 57 57 57
-0.2172214 0.4954041 1.8677351 57 57 57
-0.2093287 0.4953650 1.8675878 53 53 53
-0.2018969 0.4964561 1.8717015 57 57 57
-0.1944459 0.4975867 1.8759640 60 60 60
-0.1869408 0.4986690 1.8800443 60 60 60
-0.1793708 0.4996665 1.8838050 59 59 59
-0.1717314 0.5005540 1.8871510 58 58 58
-0.1641249 0.5016286 1.8912023 55 55 55
-0.1576377 0.5064084 1.9092228 63 63 63
-0.1501788 0.5084131 1.9167808 82 82 82
-0.1425497 0.5100371 1.9229033 81 81 81
-0.1347755 0.5113065 1.9276894 76 76 76
-0.1269286 0.5124452 1.9319823 75 75 75
-0.1190548 0.5136241 1.9364269 75 75 75
-0.1112320 0.5152130 1.9424173 81 81 81
-0.1032488 0.5162522 1.9463351 80 80 80
-0.0952464 0.5173666 1.9505365 80 80 80
-0.0872779 0.5188939 1.9562948 87 87 87
-0.0792135 0.5201097 1.9608786 84 84 84
-0.0711039 0.5212775 1.9652811 82 82 82
-0.0630025 0.5228220 1.9711043 81 81 81
-0.0547990 0.5238593 1.9750148 90 90 90
-0.0465848 0.5251481 1.9798739 93 93 93
-0.0383473 0.5266795 1.9856474 91 91 91
-0.0300364 0.5277778 1.9897882 92 92 92
-0.0216966 0.5290229 1.9944823 99 99 99
-0.0133253 0.5305868 2.0003784 109 109 109
-0.0049021 0.5319251 2.0054243 102 102 102
0.0035640 0.5333223 2.0106916 101 101 101
0.0206193 0.5358509 2.0202246 108 108 108
0.0378381 0.5384185 2.0299051 91 91 91
0.0464983 0.5395812 2.0342886 92 92 92
0.0552448 0.5412271 2.0404937 88 88 88
0.0639952 0.5424629 2.0451529 90 90 90
0.0727998 0.5438096 2.0502300 83 83 83
0.0816551 0.5452090 2.0555058 71 71 71
0.0905567 0.5466192 2.0608227 70 70 70
0.0995695 0.5483950 2.0675178 69 69 69
0.1085707 0.5498260 2.0729125 65 65 65
0.1177688 0.5519667 2.0809832 63 63 63
0.1268399 0.5532565 2.0858459 58 58 58
0.1360713 0.5550330 2.0925438 51 51 51
0.1451872 0.5561507 2.0967574 61 61 61
0.1546006 0.5582142 2.1045370 70 70 70
0.1638191 0.5593881 2.1089630 77 77 77
0.1732726 0.5612020 2.1158018 77 77 77
0.1826267 0.5625324 2.1208172 75 75 75
0.1920992 0.5640861 2.1266751 70 70 70
0.2015481 0.5654349 2.1317601 69 69 69
0.2112177 0.5672614 2.1386464 65 65 65
0.2207835 0.5686711 2.1439610 59 59 59
0.2305150 0.5703796 2.1504021 57 57 57
0.2400914 0.5715896 2.1549640 56 56 56
0.2499487 0.5733557 2.1616225 54 54 54
0.2598467 0.5750877 2.1681523 56 56 56
0.2696090 0.5764118 2.1731443 55 55 55
0.2795974 0.5781163 2.1795707 55 55 55
0.2894398 0.5794200 2.1844854 55 55 55
0.2997139 0.5814809 2.1922555 53 53 53
0.3099030 0.5832585 2.1989570 55 55 55
0.3198336 0.5844604 2.2034888 56 56 56
0.3302480 0.5864535 2.2110028 57 57 57
0.3405342 0.5881158 2.2172699 60 60 60
0.3507376 0.5895501 2.2226772 59 59 59
0.3611979 0.5913303 2.2293892 58 58 58
0.3717992 0.5932452 2.2366085 58 58 58
0.3820397 0.5945038 2.2413535 54 54 54
0.3927057 0.5963479 2.2483058 56 56 56
0.4034098 0.5981614 2.2551429 53 53 53
0.4141876 0.5999982 2.2620680 52 52 52
0.4245774 0.6012030 2.2666101 52 52 52
0.4355274 0.6031303 2.2738767 51 51 51
0.4463574 0.6048122 2.2802174 49 49 49
0.4575215 0.6068662 2.2879615 52 52 52
0.4680783 0.6080465 2.2924113 49 49 49
0.4792427 0.6099523 2.2995963 50 50 50
0.4903278 0.6116836 2.3061235 54 54 54
0.5015267 0.6134868 2.3129218 54 54 54
0.5130115 0.6155641 2.3207536 51 51 51
0.5238251 0.6167736 2.3253133 47 47 47
0.5354315 0.6188548 2.3331597 50 50 50
0.5468491 0.6206466 2.3399153 50 50 50
0.5584407 0.6225690 2.3471627 50 50 50
0.5699882 0.6243759 2.3539753 51 51 51
0.5816990 0.6262970 2.3612177 50 50 50
0.5933062 0.6280437 2.3678029 53 53 53
0.6052582 0.6300915 2.3755236 49 49 49
0.6169662 0.6318228 2.3820508 51 51 51
0.6290055 0.6338323 2.3896270 51 51 51
0.6410280 0.6357620 2.3969021 48 48 48
0.6525517 0.6371446 2.4021146 49 49 49
0.6646670 0.6390538 2.4093125 48 48 48
0.6770229 0.6411333 2.4171526 49 49 49
0.6892434 0.6430249 2.4242840 48 48 48
0.7016224 0.6450068 2.4317563 47 47 47
0.7141226 0.6470414 2.4394271 49 49 49
0.7263733 0.6487955 2.4460402 45 45 45
0.7392702 0.6510696 2.4546134 44 44 44
0.7520716 0.6531978 2.4626372 42 42 42
0.7646502 0.6550772 2.4697230 43 43 43
0.7760432 0.6559041 2.4728401 49 49 49
0.7890411 0.6580474 2.4809210 50 50 50
0.8012065 0.6594496 2.4862072 48 48 48
0.8145094 0.6617396 2.4948406 51 51 51
1.5106218 1.1815060 4.4544249 64 64 64
1.5313718 1.1830248 4.4601507 65 65 65
1.5495303 1.1825289 4.4582810 61 61 61
1.5678262 1.1821485 4.4568472 62 62 62
1.5896496 1.1844053 4.4653559 60 60 60
1.6064851 1.1829367 4.4598188 59 59 59
1.6293650 1.1859010 4.4709949 55 55 55
1.6462361 1.1844743 4.4656162 58 58 58
1.6630144 1.1830142 4.4601107 58 58 58
1.6858257 1.1858300 4.4707270 55 55 55
1.7025793 1.1843697 4.4652214 54 54 54
1.7251360 1.1869341 4.4748898 52 52 52
1.7418835 1.1854893 4.4694424 53 53 53
1.7585857 1.1840448 4.4639969 55 55 55
1.7815403 1.1867963 4.4743700 50 50 50
1.7979020 1.1851439 4.4681406 54 54 54
1.8211181 1.1879976 4.4788990 53 53 53
1.8376588 1.1864824 4.4731865 57 57 57
1.8538842 1.1847967 4.4668312 55 55 55
1.8773071 1.1876984 4.4777708 60 60 60
1.8936013 1.1860771 4.4716587 57 57 57
1.9106125 1.1849325 4.4673433 52 52 52
1.9336102 1.1874868 4.4769731 50 50 50
1.9498446 1.1858783 4.4709086 54 54 54
1.9697627 1.1865195 4.4733267 53 53 53
1.9886321 1.1865228 4.4733391 54 54 54
2.0127282 1.1896154 4.4849987 53 53 53
2.0289054 1.1880134 4.4789591 54 54 54
2.0459790 1.1869612 4.4749918 52 52 52
2.0683520 1.1889743 4.4825811 53 53 53
2.0848453 1.1876017 4.4774065 54 54 54
-2.1636634 1.1371692 4.2201757 39 39 39
-2.1479104 1.1382519 4.2241936 41 41 41
-2.1324067 1.1394862 4.2287741 41 41 41
-2.1092939 1.1366407 4.2182145 40 40 40
-2.0936952 1.1378304 4.2226295 42 42 42
-2.0788794 1.1394697 4.2287135 41 41 41
-2.0630620 1.1405838 4.2328472 44 44 44
-2.0409136 1.1381863 4.2239504 43 43 43
-2.0250154 1.1392632 4.2279463 42 42 42
-2.0098336 1.1407657 4.2335224 42 42 42
-1.9940528 1.1419522 4.2379255 43 43 43
-1.9553086 1.1402016 4.2314291 41 41 41
-1.9402184 1.1418221 4.2374434 43 43 43
-1.9237649 1.1426629 4.2405634 45 45 45
-1.9079397 1.1438962 4.2451406 43 43 43
-1.8853799 1.1410769 4.2346778 44 44 44
-1.8692520 1.1421336 4.2385993 47 47 47
-1.8532706 1.1433012 4.2429323 48 48 48
-1.8370234 1.1443259 4.2467351 44 44 44
-1.8214281 1.1457808 4.2521343 45 45 45
-1.7983903 1.1425365 4.2400942 45 45 45
-1.7818252 1.1433804 4.2432261 44 44 44
-1.7656595 1.1445004 4.2473826 44 44 44
-1.7492008 1.1454514 4.2509117 43 43 43
-1.7327867 1.1464516 4.2546234 46 46 46
-1.7096678 1.1429904 4.2417784 46 46 46
-1.6935468 1.1441838 4.2462072 44 44 44
-1.6770190 1.1451248 4.2496996 41 41 41
-1.6604680 1.1460702 4.2532082 42 42 42
-1.6442655 1.1472795 4.2576962 43 43 43
-1.6220168 1.1442500 4.2464538 42 42 42
-1.6052278 1.1450477 4.2494135 41 41 41
-1.5891489 1.1463754 4.2543411 41 41 41
-1.4473304 1.0934477 4.0579195 48 48 48
-1.3098985 1.0260110 3.8076539 42 42 42
-1.2329056 0.9899746 3.6739182 60 60 60
-1.1969340 0.9733215 3.6121166 55 55 55
-1.1657521 0.9601843 3.5633628 56 56 56
-1.0895411 0.9211597 3.4185379 41 41 41
-1.0498683 0.8995198 3.3382292 50 50 50
-1.0242908 0.8895324 3.3011646 72 72 72
-0.9931956 0.8744121 3.2450514 95 95 95
-0.9679028 0.8640491 3.2065933 91 91 91
-0.9388078 0.8499501 3.1542699 77 77 77
-0.9098381 0.8355609 3.1008699 91 91 91
-0.8841253 0.8237867 3.0571744 85 85 85
-0.8574158 0.8107216 3.0086882 102 102 102
-0.8342354 0.8006511 2.9713151 100 100 100
-0.8073807 0.7866934 2.9195166 83 83 83
-0.7848125 0.7765446 2.8818531 62 62 62
-0.6991622 0.7374752 2.7368617 75 75 75
-0.6785952 0.7277950 2.7009373 62 62 62
-0.6586738 0.7184885 2.6663995 48 48 48
-0.6416231 0.7120446 2.6424856 36 36 36
-0.6023420 0.6925060 2.5699756 76 76 76
-0.5847260 0.6845700 2.5405238 54 54 54
-0.5663471 0.6754279 2.5065963 56 56 56
-0.5494574 0.6677479 2.4780953 49 49 49
-0.5321651 0.6592714 2.4466374 47 47 47
-0.5161068 0.6520185 2.4197214 53 53 53
-0.5004421 0.6449804 2.3936021 54 54 54
-0.4847274 0.6375868 2.3661637 58 58 58
-0.4698231 0.6309708 2.3416107 61 61 61
-0.4549491 0.6241124 2.3161581 57 57 57
-0.4400260 0.6168840 2.2893326 54 54 54
-0.4252028 0.6094745 2.2618356 50 50 50
-0.4106072 0.6020590 2.2343154 57 57 57
-0.3964359 0.5949316 2.2078648 63 63 63
-0.3827478 0.5882041 2.1828980 58 58 58
-0.3689382 0.5809537 2.1559911 55 55 55
-0.3557800 0.5743884 2.1316266 59 59 59
-0.3429794 0.5680753 2.1081977 58 58 58
-0.3303109 0.5616508 2.0843554 60 60 60
-0.3074602 0.5521833 2.0492206 60 60 60
-0.2953923 0.5458516 2.0257232 71 71 71
-0.2839556 0.5403440 2.0052834 74 74 74
-0.2726935 0.5348408 1.9848602 107 107 107
-0.2264485 0.5063009 1.8789451 61 61 61
-0.2172614 0.5033728 1.8680789 56 56 56
-0.2094936 0.5036370 1.8690590 63 63 63
-0.2019382 0.5044522 1.8720845 60 60 60
-0.1944975 0.5056317 1.8764617 62 62 62
-0.1869168 0.5065320 1.8798029 56 56 56
-0.1793758 0.5076247 1.8838580 50 50 50
-0.1718446 0.5088472 1.8883951 48 48 48
-0.1653876 0.5135244 1.9057525 51 51 51
-0.1577592 0.5148559 1.9106939 68 68 68
-0.1502586 0.5167706 1.9177997 88 88 88
-0.1426200 0.5184015 1.9238521 72 72 72
-0.1348118 0.5195753 1.9282082 70 70 70
-0.1269726 0.5207728 1.9326522 71 71 71
-0.1190539 0.5217860 1.9364126 75 75 75
-0.1112613 0.5235417 1.9429280 77 77 77
-0.1033071 0.5247558 1.9474337 80 80 80
-0.0953038 0.5259088 1.9517128 78 78 78
-0.0873073 0.5273209 1.9569533 81 81 81
-0.0792370 0.5285351 1.9614589 85 85 85
-0.0711281 0.5297454 1.9659507 86 86 86
-0.0630264 0.5313353 1.9718511 84 84 84
-0.0548217 0.5324088 1.9758350 87 87 87
-0.0466416 0.5341476 1.9822880 92 92 92
-0.0383608 0.5352420 1.9863492 84 84 84
-0.0300477 0.5363700 1.9905354 89 89 89
-0.0217232 0.5380914 1.9969236 93 93 93
-0.0133268 0.5390826 2.0006022 94 94 94
-0.0049018 0.5403461 2.0052912 94 94 94
0.0035647 0.5419064 2.0110819 106 106 106
0.0120721 0.5431111 2.0155525 101 101 101
0.0206149 0.5442561 2.0198019 97 97 97
0.0292181 0.5458576 2.0257452 91 91 91
0.0378465 0.5471002 2.0303566 86 86 86
0.0465389 0.5486385 2.0360651 75 75 75
0.0552693 0.5500764 2.0414016 68 68 68
0.0640144 0.5512523 2.0457656 60 60 60
0.0729133 0.5533166 2.0534263 55 55 55
0.0818342 0.5550917 2.0600140 52 52 52
0.0908025 0.5568170 2.0664170 52 52 52
0.0997406 0.5580711 2.0710709 56 56 56
0.1087863 0.5596766 2.0770292 57 57 57
0.1178207 0.5609894 2.0819011 55 55 55
0.1269186 0.5624011 2.0871401 59 59 59
0.1361318 0.5641078 2.0934739 63 63 63
0.1452614 0.5652812 2.0978284 74 74 74
0.1546145 0.5671396 2.1047254 83 83 83
0.1638519 0.5683950 2.1093841 81 81 81
0.1733351 0.5703300 2.1165652 73 73 73
0.1826667 0.5716010 2.1212821 67 67 67
0.1922023 0.5733618 2.1278162 68 68 68
0.2017471 0.5749917 2.1338654 67 67 67
0.2112743 0.5764344 2.1392193 61 61 61
0.2210203 0.5783316 2.1462603 63 63 63
0.2305912 0.5796394 2.1511135 61 61 61
0.2404689 0.5815900 2.1583524 63 63 63
0.2500482 0.5827032 2.1624837 63 63 63
0.2599927 0.5845588 2.1693702 61 61 61
0.2698087 0.5860094 2.1747537 58 58 58
0.2797568 0.5876422 2.1808128 55 55 55
0.2899020 0.5895720 2.1879745 57 57 57
0.2997417 0.5907803 2.1924586 59 59 59
0.3099414 0.5926048 2.1992297 60 60 60
0.3199714 0.5940081 2.2044377 62 62 62
0.3303349 0.5959339 2.2115846 58 58 58
0.3406799 0.5977216 2.2182188 59 59 59
0.3508309 0.5990824 2.2232690 60 60 60
0.3614024 0.6010717 2.2306514 56 56 56
0.3718998 0.6028399 2.2372136 56 56 56
0.3824155 0.6045496 2.2435584 53 53 53
0.3928843 0.6061043 2.2493279 52 52 52
0.4035926 0.6079466 2.2561650 54 54 54
0.4143747 0.6098126 2.2630899 47 47 47
0.4250658 0.6114637 2.2692175 44 44 44
0.4355873 0.6128035 2.2741895 50 50 50
0.4465846 0.6147406 2.2813783 52 52 52
0.4576140 0.6166391 2.2884240 51 51 51
0.4686129 0.6184189 2.2950292 47 47 47
0.4793600 0.6198013 2.3001595 52 52 52
0.4906030 0.6217571 2.3074176 60 60 60
0.5018249 0.6236107 2.3142967 52 52 52
0.5131831 0.6255599 2.3215301 47 47 47
0.5244901 0.6273748 2.3282654 49 49 49
0.5356043 0.6288965 2.3339128 50 50 50
0.5470248 0.6307166 2.3406672 49 49 49
0.5585889 0.6326346 2.3477852 53 53 53
0.5702067 0.6345457 2.3548779 51 51 51
0.5819024 0.6364766 2.3620436 51 51 51
0.5934781 0.6382135 2.3684893 53 53 53
0.6054909 0.6403550 2.3764365 48 48 48
0.6172178 0.6421294 2.3830218 49 49 49
0.6291326 0.6440393 2.3901098 48 48 48
0.6411198 0.6459621 2.3972452 45 45 45
0.6531036 0.6478216 2.4041462 50 50 50
0.6655072 0.6500344 2.4123580 55 55 55
0.6776823 0.6519607 2.4195068 57 57 57
0.6901666 0.6541229 2.4275310 58 58 58
0.7023921 0.6559802 2.4344237 57 57 57
0.7150354 0.6581687 2.4425452 55 55 55
0.7270425 0.6597176 2.4482934 50 50 50
0.7396116 0.6617259 2.4557469 44 44 44
0.7522199 0.6637135 2.4631226 44 44 44
0.7649336 0.6657386 2.4706385 44 44 44
0.7762960 0.6665489 2.4736454 48 48 48
0.7894725 0.6688749 2.4822776 49 49 49
0.8025396 0.6710484 2.4903438 45 45 45
1.4950908 1.1879497 4.4086285 66 66 66
1.5122147 1.1867982 4.4043550 63 63 63
1.5340363 1.1893169 4.4137020 65 65 65
1.5515975 1.1885117 4.4107141 62 62 62
1.5735672 1.1910625 4.4201803 62 62 62
1.5903906 1.1897038 4.4151382 60 60 60
1.6075504 1.1886253 4.4111357 57 57 57
1.6297274 1.1912388 4.4208345 58 58 58
1.6464272 1.1898350 4.4156246 56 56 56
1.6631280 1.1884631 4.4105339 55 55 55
1.6855991 1.1911995 4.4206886 55 55 55
1.7020946 1.1896993 4.4151211 57 57 57
1.7244076 1.1922538 4.4246016 52 52 52
1.7406731 1.1906171 4.4185276 55 55 55
1.7566428 1.1888150 4.4118395 50 50 50
1.7795982 1.1917286 4.4226522 51 51 51
1.7958081 1.1901114 4.4166508 49 49 49
1.8184353 1.1927366 4.4263935 54 54 54
1.8347486 1.1912093 4.4207249 52 52 52
1.8512230 1.1898161 4.4155550 52 52 52
1.8723761 1.1914279 4.4215364 53 53 53
1.8895254 1.1904854 4.4180384 56 56 56
1.9132468 1.1936613 4.4298248 56 56 56
1.9299701 1.1924522 4.4253378 53 53 53
1.9459188 1.1907921 4.4191771 53 53 53
1.9687284 1.1933223 4.4285669 51 51 51
1.9849486 1.1918483 4.4230967 53 53 53
2.0080304 1.1944834 4.4328756 55 55 55
2.0236683 1.1926827 4.4261932 52 52 52
2.0406582 1.1917045 4.4225626 54 54 54
2.0628133 1.1937330 4.4300909 52 52 52
-2.1400549 1.1423633 4.1741281 43 43 43
-2.1251073 1.1437919 4.1793485 42 42 42
-2.1096079 1.1449450 4.1835613 41 41 41
-2.0871079 1.1422862 4.1738462 41 41 41
-2.0716710 1.1434805 4.1782103 41 41 41
-2.0557160 1.1444072 4.1815963 41 41 41
-2.0411425 1.1461253 4.1878743 40 40 40
-2.0254512 1.1472405 4.1919489 41 41 41
-2.0035264 1.1448134 4.1830807 42 42 42
-1.9880081 1.1460365 4.1875496 40 40 40
-1.9727713 1.1474451 4.1926966 40 40 40
-1.9514928 1.1453334 4.1849804 42 42 42
-1.9345417 1.1457460 4.1864882 44 44 44
-1.9187102 1.1468354 4.1904693 43 43 43
-1.9028766 1.1479439 4.1945190 43 43 43
-1.8868091 1.1489308 4.1981254 46 46 46
-1.8643805 1.1460260 4.1875114 46 46 46
-1.8487130 1.1472616 4.1920266 46 46 46
-1.8327508 1.1483364 4.1959534 48 48 48
-1.8171346 1.1496511 4.2007575 45 45 45
-1.8008921 1.1505915 4.2041936 47 47 47
-1.7778692 1.1471754 4.1917114 46 46 46
-1.7623231 1.1485637 4.1967840 46 46 46
-1.7456856 1.1492616 4.1993341 46 46 46
-1.7297561 1.1504447 4.2036572 45 45 45
-1.7137405 1.1515945 4.2078586 47 47 47
-1.6909618 1.1481762 4.1953683 48 48 48
-1.6749909 1.1493568 4.1996822 46 46 46
-1.6587089 1.1503472 4.2033005 42 42 42
-1.6428603 1.1516626 4.2081070 41 41 41
-1.6265178 1.1526567 4.2117395 40 40 40
-1.6047311 1.1497722 4.2011995 43 43 43
-1.5885420 1.1508785 4.2052422 43 43 43
-1.5718001 1.1516049 4.2078962 41 41 41
-1.4484372 1.1114091 4.0610232 36 36 36
-1.4327873 1.1125546 4.0652089 43 43 43
-1.3105928 1.0426201 3.8096721 43 43 43
-1.2715223 1.0240915 3.7419698 46 46 46
-1.2349820 1.0071607 3.6801057 54 54 54
-1.1982274 0.9896219 3.6160200 55 55 55
-1.1619666 0.9720441 3.5517917 56 56 56
-1.0933090 0.9388111 3.4303601 41 41 41
-1.0506352 0.9142643 3.3406677 47 47 47
-1.0246980 0.9038124 3.3024774 69 69 69
-0.9933482 0.8882328 3.2455502 92 92 92
-0.9681510 0.8777961 3.2074151 87 87 87
-0.9394662 0.8638569 3.1564820 78 78 78
-0.8581244 0.8240896 3.0111749 88 88 88
-0.8353181 0.8142364 2.9751718 96 96 96
-0.8085995 0.8002110 2.9239237 88 88 88
-0.7858688 0.7897588 2.8857319 79 79 79
-0.7607810 0.7765719 2.8375478 59 59 59
-0.6768465 0.7372798 2.6939769 65 65 65
-0.6569293 0.7277998 2.6593375 51 51 51
-0.6418186 0.7234082 2.6432908 35 35 35
-0.6026629 0.7037181 2.5713446 74 74 74
-0.5852661 0.6959255 2.5428708 56 56 56
-0.5672554 0.6870983 2.5106165 62 62 62
-0.5500857 0.6789734 2.4809287 60 60 60
-0.5330256 0.6706713 2.4505935 47 47 47
-0.5163732 0.6625643 2.4209707 46 46 46
-0.5004839 0.6551288 2.3938019 54 54 54
-0.4849685 0.6478870 2.3673408 58 58 58
-0.4682177 0.6386555 2.3336093 58 58 58
-0.4534526 0.6317944 2.3085394 63 63 63
-0.4386621 0.6245960 2.2822371 55 55 55
-0.4244164 0.6178678 2.2576523 52 52 52
-0.3969680 0.6050531 2.2108283 61 61 61
-0.3833570 0.5983600 2.1863723 65 65 65
-0.3695739 0.5910620 2.1597056 60 60 60
-0.3562349 0.5841234 2.1343522 54 54 54
-0.3434356 0.5777330 2.1110022 55 55 55
-0.3308119 0.5713055 2.0875163 57 57 57
-0.3183685 0.5648466 2.0639162 54 54 54
-0.3073517 0.5606269 2.0484977 54 54 54
-0.2952729 0.5541700 2.0249043 67 67 67
-0.2840533 0.5489890 2.0059736 89 89 89
-0.2728181 0.5434591 1.9857675 118 118 118
-0.2172420 0.5112050 1.8679130 59 59 59
-0.2095662 0.5116960 1.8697069 63 63 63
-0.2020656 0.5126697 1.8732650 58 58 58
-0.1946790 0.5140238 1.8782128 53 53 53
-0.1874294 0.5158702 1.8849590 47 47 47
-0.1800443 0.5174900 1.8908781 45 45 45
-0.1730727 0.5205039 1.9018906 53 53 53
-0.1654251 0.5216789 1.9061840 75 75 75
-0.1578251 0.5231316 1.9114921 68 68 68
-0.1504541 0.5255406 1.9202945 83 83 83
-0.1426915 0.5267780 1.9248158 82 82 82
-0.1348684 0.5279279 1.9290173 80 80 80
-0.1270302 0.5291624 1.9335282 74 74 74
-0.1192224 0.5307018 1.9391530 69 69 69
-0.1112946 0.5318941 1.9435097 71 71 71
-0.1033036 0.5329500 1.9473679 74 74 74
-0.0953804 0.5345684 1.9532812 78 78 78
-0.0873372 0.5357564 1.9576223 83 83 83
-0.0792640 0.5369896 1.9621284 85 85 85
-0.0712106 0.5386600 1.9682319 90 90 90
-0.0630478 0.5398337 1.9725206 84 84 84
-0.0548463 0.5409834 1.9767214 87 87 87
-0.0466403 0.5424916 1.9822323 84 84 84
-0.0383695 0.5437420 1.9868013 84 84 84
-0.0300512 0.5448281 1.9907696 88 88 88
-0.0217306 0.5466982 1.9976031 90 90 90
-0.0133337 0.5478055 2.0016491 97 97 97
-0.0049025 0.5488875 2.0056026 104 104 104
0.0035651 0.5504513 2.0113163 101 101 101
0.0120709 0.5515544 2.0153472 93 93 93
0.0206481 0.5536629 2.0230515 84 84 84
0.0292577 0.5551513 2.0284903 72 72 72
0.0379533 0.5572309 2.0360887 57 57 57
0.0466382 0.5584136 2.0404100 56 56 56
0.0553889 0.5598940 2.0458195 63 63 63
0.0641498 0.5610632 2.0500920 72 72 72
0.0730292 0.5628694 2.0566919 78 78 78
0.0819514 0.5645864 2.0629654 78 78 78
0.0908294 0.5656986 2.0670290 77 77 77
0.0997701 0.5669725 2.0716841 79 79 79
0.1088496 0.5687661 2.0782378 71 71 71
0.1178682 0.5699985 2.0827408 58 58 58
0.1270765 0.5719134 2.0897379 59 59 59
0.1361767 0.5731249 2.0941646 69 69 69
0.1454708 0.5749555 2.1008534 74 74 74
0.1546666 0.5762093 2.1054349 76 76 76
0.1640869 0.5781181 2.1124096 72 72 72
0.1734226 0.5795478 2.1176333 68 68 68
0.1829426 0.5814229 2.1244853 67 67 67
0.1922807 0.5825723 2.1286845 65 65 65
0.2019078 0.5844553 2.1355648 61 61 61
0.2113612 0.5856963 2.1400998 56 56 56
0.2211235 0.5876565 2.1472623 62 62 62
0.2307218 0.5890439 2.1523314 61 61 61
0.2404592 0.5906679 2.1582658 60 60 60
0.2501479 0.5920581 2.1633453 61 61 61
0.2600930 0.5939361 2.1702075 59 59 59
0.2700574 0.5957291 2.1767588 60 60 60
0.2799322 0.5972129 2.1821804 55 55 55
0.2899790 0.5989576 2.1885557 56 56 56
0.2998991 0.6003409 2.1936102 56 56 56
0.3100773 0.6021428 2.2001944 57 57 57
0.3204444 0.6041960 2.2076964 56 56 56
0.3305444 0.6056439 2.2129869 57 57 57
0.3408508 0.6073802 2.2193313 55 55 55
0.3512039 0.6091046 2.2256322 59 59 59
0.3615807 0.6107793 2.2317514 55 55 55
0.3720929 0.6125920 2.2383752 52 52 52
0.3826631 0.6144081 2.2450109 52 52 52
0.3933506 0.6163203 2.2519979 50 50 50
0.4037392 0.6176850 2.2569845 52 52 52
0.4144044 0.6194003 2.2632520 46 46 46
0.4252310 0.6212742 2.2700992 47 47 47
0.4361079 0.6231374 2.2769074 49 49 49
0.4466526 0.6244560 2.2817252 51 51 51
0.4577112 0.6264222 2.2889099 50 50 50
0.4688336 0.6283928 2.2961099 47 47 47
0.4798733 0.6301750 2.3026221 53 53 53
0.4907443 0.6316693 2.3080823 59 59 59
0.5018950 0.6334586 2.3146205 53 53 53
0.5132236 0.6353998 2.3217132 49 49 49
0.5246282 0.6373607 2.3288784 49 49 49
0.5360622 0.6392846 2.3359082 50 50 50
0.5474879 0.6411293 2.3426485 49 49 49
0.5586832 0.6426436 2.3481815 49 49 49
0.5702535 0.6445290 2.3550711 49 49 49
0.5820118 0.6465588 2.3624876 48 48 48
0.5938048 0.6485580 2.3697927 48 48 48
0.6056227 0.6505179 2.3769541 50 50 50
0.6174107 0.6523824 2.3837669 50 50 50
0.6294215 0.6544187 2.3912075 55 55 55
0.6414340 0.6563926 2.3984196 52 52 52
0.6533725 0.6582307 2.4051359 54 54 54
0.6657234 0.6604217 2.4131420 53 53 53
0.6778722 0.6623492 2.4201849 58 58 58
0.6903676 0.6645532 2.4282382 56 56 56
0.7026828 0.6665218 2.4354312 54 54 54
0.7152910 0.6687077 2.4434183 51 51 51
0.7278264 0.6707643 2.4509332 50 50 50
0.7400333 0.6724649 2.4571471 48 48 48
0.7529517 0.6747562 2.4655192 43 43 43
0.7647054 0.6759554 2.4699013 43 43 43
0.7767182 0.6773484 2.4749911 48 48 48
0.7898177 0.6796395 2.4833627 44 44 44
0.8025870 0.6815903 2.4904907 47 47 47
1.4798906 1.1942739 4.3638067 62 62 62
1.4965003 1.1928453 4.3585863 63 63 63
1.5186481 1.1958123 4.3694277 64 64 64
1.5351659 1.1943281 4.3640041 62 62 62
1.5522487 1.1933134 4.3602962 60 60 60
1.5742446 1.1960551 4.3703146 61 61 61
1.5906414 1.1945287 4.3647375 59 59 59
1.6070020 1.1930103 4.3591890 57 57 57
1.6293347 1.1959097 4.3697834 57 57 57
1.6458238 1.1945032 4.3646441 54 54 54
1.6686507 1.1976767 4.3762398 54 54 54
1.6844687 1.1958051 4.3694010 54 54 54
1.7015722 1.1948767 4.3660088 55 55 55
1.7231861 1.1971016 4.3741388 54 54 54
1.7397131 1.1957829 4.3693199 53 53 53
1.7612615 1.1979071 4.3770819 54 54 54
1.7778298 1.1966352 4.3724346 50 50 50
1.7939209 1.1950716 4.3667212 50 50 50
1.8126186 1.1952585 4.3674040 52 52 52
1.8323468 1.1961143 4.3705311 50 50 50
1.8488353 1.1948594 4.3659458 52 52 52
1.8709297 1.1972165 4.3745584 55 55 55
1.8872402 1.1958624 4.3696108 52 52 52
1.9098998 1.1985189 4.3793173 53 53 53
1.9250085 1.1964314 4.3716898 50 50 50
1.9480414 1.1992619 4.3820324 51 51 51
1.9642857 1.1978992 4.3770533 51 51 51
1.9801006 1.1963025 4.3712187 51 51 51
2.0030878 1.1990284 4.3811789 52 52 52
2.0189412 1.1974734 4.3754969 52 52 52
2.0415959 1.1999440 4.3845243 56 56 56
-2.1168575 1.1473917 4.1288815 43 43 43
-2.1020470 1.1488130 4.1339965 40 40 40
-2.0868516 1.1500461 4.1384335 40 40 40
-2.0717344 1.1513433 4.1431017 42 42 42
-2.0488214 1.1482936 4.1321273 38 38 38
-2.0341103 1.1498275 4.1376472 38 38 38
-2.0189636 1.1511399 4.1423693 42 42 42
-2.0040939 1.1526343 4.1477470 43 43 43
-1.9810027 1.1493850 4.1360545 43 43 43
-1.9670391 1.1514208 4.1433802 41 41 41
-1.9505930 1.1520269 4.1455617 43 43 43
-1.9360428 1.1537739 4.1518478 43 43 43
-1.9127043 1.1502676 4.1392307 42 42 42
-1.8976386 1.1517177 4.1444488 46 46 46
-1.8814574 1.1525114 4.1473050 46 46 46
-1.8661427 1.1538558 4.1521425 47 47 47
-1.8437170 1.1507871 4.1411004 45 45 45
-1.8275753 1.1516196 4.1440959 44 44 44
-1.8123103 1.1530260 4.1491566 48 48 48
-1.7964518 1.1540784 4.1529436 49 49 49
-1.7809101 1.1553571 4.1575456 46 46 46
-1.7587664 1.1523356 4.1466727 45 45 45
-1.7426069 1.1532136 4.1498322 48 48 48
-1.7266157 1.1542220 4.1534605 46 46 46
-1.7106736 1.1552843 4.1572828 46 46 46
-1.6947720 1.1563960 4.1612840 46 46 46
-1.6731322 1.1535748 4.1511316 45 45 45
-1.6571254 1.1546187 4.1548882 46 46 46
-1.6408799 1.1555170 4.1581202 44 44 44
-1.6241056 1.1560581 4.1600676 43 43 43
-1.6081792 1.1572212 4.1642532 43 43 43
-1.5873170 1.1548191 4.1556091 44 44 44
-1.5712729 1.1559078 4.1595268 44 44 44
-1.5551453 1.1569589 4.1633091 42 42 42
-1.4331366 1.1299727 4.0661998 27 27 27
-1.2734362 1.0414364 3.7476022 43 43 43
-1.2355944 1.0231866 3.6819303 59 59 59
-1.1992446 1.0057235 3.6190898 60 60 60
-1.1640474 0.9887893 3.5581520 57 57 57
-1.0942663 0.9541114 3.4333637 41 41 41
-1.0515897 0.9291951 3.3437028 48 48 48
-1.0253530 0.9183254 3.3045878 64 64 64
-0.9944515 0.9029208 3.2491546 85 85 85
-0.9684144 0.8915641 3.2082877 92 92 92
-0.9399424 0.8776122 3.1580820 84 84 84
-0.8590762 0.8377157 3.0145147 85 85 85
-0.8360121 0.8274695 2.9776437 91 91 91
-0.8099334 0.8138814 2.9287469 88 88 88
-0.7875811 0.8036751 2.8920197 85 85 85
-0.7613546 0.7891322 2.8396871 79 79 79
-0.7405593 0.7798438 2.8062630 53 53 53
-0.6572407 0.7393645 2.6605985 47 47 47
-0.6421404 0.7349230 2.6446159 34 34 34
-0.6006365 0.7121588 2.5626991 72 72 72
-0.5856515 0.7071140 2.5445452 50 50 50
-0.5680184 0.6986240 2.5139937 60 60 60
-0.5504409 0.6898805 2.4825306 66 66 66
-0.5336418 0.6817927 2.4534266 60 60 60
-0.5170570 0.6736642 2.4241765 47 47 47
-0.5006391 0.6654297 2.3945444 45 45 45
-0.4833602 0.6556882 2.3594897 56 56 56
-0.4682558 0.6485490 2.3337994 59 59 59
-0.4536522 0.6418117 2.3095555 61 61 61
-0.4389381 0.6346191 2.2836728 52 52 52
-0.4245169 0.6275368 2.2581873 38 38 38
-0.4104789 0.6207089 2.2336173 47 47 47
-0.3962011 0.6131892 2.2065573 63 63 63
-0.3702101 0.6012025 2.1634235 63 63 63
-0.3567155 0.5939240 2.1372318 56 56 56
-0.3439024 0.5874322 2.1138711 47 47 47
-0.3311960 0.5807820 2.0899403 50 50 50
-0.3186251 0.5740124 2.0655799 49 49 49
-0.2957987 0.5637110 2.0285108 58 58 58
-0.2844640 0.5582542 2.0088742 76 76 76
-0.2729115 0.5520218 1.9864470 107 107 107
-0.2618864 0.5464954 1.9665601 118 118 118
-0.2194443 0.5243440 1.8868487 61 61 61
-0.2108063 0.5226548 1.8807701 49 49 49
-0.2032355 0.5235833 1.8841112 46 46 46
-0.1957514 0.5248195 1.8885596 42 42 42
-0.1882134 0.5260098 1.8928430 43 43 43
-0.1808093 0.5276965 1.8989127 49 49 49
-0.1729847 0.5282553 1.9009235 107 107 107
-0.1652455 0.5291421 1.9041145 82 82 82
-0.1578910 0.5314142 1.9122907 72 72 72
-0.1504997 0.5338001 1.9208764 89 89 89
-0.1427346 0.5350564 1.9253972 85 85 85
-0.1349046 0.5362065 1.9295356 80 80 80
-0.1271707 0.5379103 1.9356667 82 82 82
-0.1192543 0.5390232 1.9396718 75 75 75
-0.1113329 0.5402756 1.9441783 67 67 67
-0.1033655 0.5414862 1.9485347 66 66 66
-0.0953951 0.5428889 1.9535824 69 69 69
-0.0873670 0.5441976 1.9582916 70 70 70
-0.0792968 0.5454895 1.9629405 77 77 77
-0.0712352 0.5471486 1.9689109 86 86 86
-0.0630594 0.5482526 1.9728833 85 85 85
-0.0548589 0.5494446 1.9771730 91 91 91
-0.0466614 0.5510998 1.9831293 84 84 84
-0.0383753 0.5522039 1.9871022 85 85 85
-0.0300948 0.5540252 1.9936563 85 85 85
-0.0217355 0.5552477 1.9980552 96 96 96
-0.0133441 0.5566784 2.0032034 83 83 83
-0.0049110 0.5583020 2.0090463 75 75 75
0.0035717 0.5599604 2.0150139 69 69 69
0.0121014 0.5614683 2.0204401 68 68 68
0.0206843 0.5631797 2.0265987 67 67 67
0.0292971 0.5644655 2.0312254 73 73 73
0.0379688 0.5660476 2.0369189 79 79 79
0.0466540 0.5672096 2.0411000 77 77 77
0.0554490 0.5691378 2.0480387 77 77 77
0.0642134 0.5702740 2.0521274 76 76 76
0.0730429 0.5716493 2.0570765 72 72 72
0.0819875 0.5735381 2.0638731 72 72 72
0.0908620 0.5746213 2.0677710 71 71 71
0.0998210 0.5760024 2.0727410 69 69 69
0.1088977 0.5777855 2.0791574 67 67 67
0.1179576 0.5792199 2.0843194 64 64 64
0.1271229 0.5809376 2.0905004 64 64 64
0.1362603 0.5823131 2.0954502 69 69 69
0.1455298 0.5840511 2.1017044 73 73 73
0.1547366 0.5853527 2.1063879 71 71 71
0.1641993 0.5874284 2.1138573 69 69 69
0.1734644 0.5886196 2.1181440 63 63 63
0.1830279 0.5906571 2.1254759 60 60 60
0.1923907 0.5918872 2.1299024 60 60 60
0.2019989 0.5937285 2.1365280 57 57 57
0.2115512 0.5952557 2.1420236 56 56 56
0.2212191 0.5969694 2.1481907 59 59 59
0.2307993 0.5983211 2.1530550 59 59 59
0.2406217 0.6001745 2.1597242 58 58 58
0.2505267 0.6020911 2.1666212 60 60 60
0.2602372 0.6034222 2.1714110 58 58 58
0.2702196 0.6052716 2.1780658 59 59 59
0.2801191 0.6068199 2.1836376 57 57 57
0.2901988 0.6086475 2.1902142 56 56 56
0.3003302 0.6104674 2.1967630 55 55 55
0.3103148 0.6118891 2.2018790 55 55 55
0.3205946 0.6137933 2.2087312 57 57 57
0.3308586 0.6155605 2.2150908 52 52 52
0.3409632 0.6169425 2.2200637 53 53 53
0.3512942 0.6186491 2.2262049 54 54 54
0.3618149 0.6205924 2.2331977 55 55 55
0.3721682 0.6221569 2.2388277 55 55 55
0.3827268 0.6239791 2.2453847 52 52 52
0.3933535 0.6258215 2.2520146 51 51 51
0.4041355 0.6278183 2.2592001 51 51 51
0.4145586 0.6291785 2.2640946 49 49 49
0.4253627 0.6310425 2.2708025 49 49 49
0.4361944 0.6328647 2.2773595 49 49 49
0.4471202 0.6347417 2.2841141 44 44 44
0.4577736 0.6361612 2.2892222 46 46 46
0.4688973 0.6381620 2.2964218 46 46 46
0.4799406 0.6399747 2.3029451 62 62 62
0.4911797 0.6419714 2.3101301 57 57 57
0.5020279 0.6433896 2.3152332 51 51 51
0.5133899 0.6453995 2.3224659 50 50 50
0.5246668 0.6472291 2.3290501 52 52 52
0.5363591 0.6494945 2.3372021 52 52 52
0.5476390 0.6511878 2.3432951 48 48 48
0.5592288 0.6531830 2.3504751 49 49 49
0.5709344 0.6552417 2.3578832 52 52 52
0.5826120 0.6571983 2.3649237 50 50 50
0.5945762 0.6594068 2.3728714 52 52 52
0.6057655 0.6606972 2.3775146 52 52 52
0.6176862 0.6627302 2.3848302 52 52 52
0.6295322 0.6646192 2.3916280 56 56 56
0.6416812 0.6667635 2.3993442 56 56 56
0.6537573 0.6687667 2.4065526 54 54 54
0.6658596 0.6707349 2.4136355 53 53 53
0.6781948 0.6728750 2.4213367 57 57 57
0.6906156 0.6750354 2.4291105 55 55 55
0.7030762 0.6771709 2.4367950 53 53 53
0.7154793 0.6791902 2.4440615 52 52 52
0.7281629 0.6814147 2.4520667 51 51 51
0.7406405 0.6833868 2.4591632 48 48 48
0.7533057 0.6854752 2.4666784 46 46 46
0.7650844 0.6867111 2.4711254 49 49 49
0.7757776 0.6869524 2.4719937 62 62 62
0.7900292 0.6902965 2.4840276 46 46 46
0.8029198 0.6923796 2.4915235 50 50 50
1.4645225 1.2000828 4.3184905 66 66 66
1.4810251 1.1987001 4.3135147 64 64 64
1.4977081 1.1974953 4.3091793 64 64 64
1.5195038 1.2003584 4.3194818 61 61 61
1.5358381 1.1988902 4.3141985 62 62 62
1.5525508 1.1977484 4.3100901 59 59 59
1.5740398 1.2002751 4.3191824 59 59 59
1.5904807 1.1989386 4.3143730 58 58 58
1.6122756 1.2016227 4.3240318 59 59 59
1.6289192 1.2004505 4.3198137 54 54 54
1.6454051 1.1991893 4.3152752 56 56 56
1.6659645 1.2008921 4.3214025 55 55 55
1.6837764 1.2005987 4.3203468 56 56 56
1.7020351 1.2006271 4.3204489 58 58 58
1.7216346 1.2015904 4.3239155 59 59 59
1.7379845 1.2002895 4.3192339 56 56 56
1.7599206 1.2028334 4.3283882 54 54 54
1.7760348 1.2013869 4.3231831 55 55 55
1.7923683 1.2001166 4.3186121 52 52 52
1.8136889 1.2021775 4.3260279 54 54 54
1.8301884 1.2010336 4.3219118 49 49 49
1.8526620 1.2037940 4.3318453 53 53 53
1.8681519 1.2020071 4.3254147 53 53 53
1.8901675 1.2044128 4.3340721 53 53 53
1.9057398 1.2027062 4.3279305 51 51 51
1.9215862 1.2012032 4.3225222 53 53 53
1.9444618 1.2040813 4.3328791 52 52 52
1.9592769 1.2019609 4.3252487 54 54 54
1.9819437 1.2046520 4.3349323 53 53 53
1.9975799 1.2030597 4.3292027 51 51 51
2.0132546 1.2015191 4.3236589 53 53 53
-2.0937915 1.1521109 4.0838923 42 42 42
-2.0782993 1.1530702 4.0872927 43 43 43
-2.0628264 1.1540567 4.0907893 40 40 40
-2.0496240 1.1563405 4.0988851 41 41 41
-2.0273685 1.1535124 4.0888600 37 37 37
-2.0113780 1.1542310 4.0914068 40 40 40
-1.9973609 1.1561040 4.0980463 39 39 39
-1.9813981 1.1568738 4.1007752 38 38 38
-1.9598328 1.1543572 4.0918546 43 43 43
-1.9443854 1.1554315 4.0956626 43 43 43
-1.9294615 1.1568388 4.1006513 42 42 42
-1.9140601 1.1579827 4.1047058 43 43 43
-1.8915740 1.1548222 4.0935030 44 44 44
-1.8759631 1.1558396 4.0971093 43 43 43
-1.8608853 1.1572074 4.1019578 42 42 42
-1.8457799 1.1585835 4.1068358 44 44 44
-1.8303465 1.1597778 4.1110692 46 46 46
-1.8083901 1.1568223 4.1005926 47 47 47
-1.7926344 1.1578145 4.1041098 46 46 46
-1.7776672 1.1593404 4.1095185 46 46 46
-1.7614638 1.1600821 4.1121473 45 45 45
-1.7398088 1.1572125 4.1019759 44 44 44
-1.7245578 1.1585876 4.1068501 47 47 47
-1.7089509 1.1597490 4.1109672 45 45 45
-1.6931055 1.1607708 4.1145887 43 43 43
-1.6773069 1.1618462 4.1184006 45 45 45
-1.6553577 1.1586390 4.1070323 41 41 41
-1.6396437 1.1597743 4.1110568 43 43 43
-1.6241083 1.1610616 4.1156201 43 43 43
-1.6081038 1.1620377 4.1190796 42 42 42
-1.5923064 1.1631866 4.1231518 44 44 44
-1.5710430 1.1603236 4.1130037 43 43 43
-1.5549123 1.1612301 4.1162167 43 43 43
-1.5386924 1.1620895 4.1192632 40 40 40
-1.4340327 1.1478369 4.0687423 25 25 25
-1.4195288 1.1499869 4.0763631 32 32 32
-1.2752630 1.0587564 3.7529781 43 43 43
-1.2367301 1.0396678 3.6853147 56 56 56
-1.2000359 1.0216588 3.6214778 63 63 63
-1.1653924 1.0049537 3.5622633 57 57 57
-1.1303661 0.9874780 3.5003173 49 49 49
-1.0936652 0.9680577 3.4314778 39 39 39
-1.0258701 0.9327309 3.3062549 55 55 55
-0.9956275 0.9177063 3.2529969 77 77 77
-0.9691842 0.9058127 3.2108381 86 86 86
-0.9389968 0.8900334 3.1549051 84 84 84
-0.8798417 0.8582839 3.0423625 95 95 95
-0.8373331 0.8413534 2.9823487 81 81 81
-0.8108645 0.8271816 2.9321139 88 88 88
-0.7883939 0.8167126 2.8950043 85 85 85
-0.7630960 0.8029394 2.8461823 85 85 85
-0.7414395 0.7926186 2.8095984 71 71 71
-0.7194122 0.7815599 2.7703986 53 53 53
-0.6578252 0.7512516 2.6629646 46 46 46
-0.6422566 0.7462102 2.6450944 35 35 35
-0.6012400 0.7236920 2.5652738 70 70 70
-0.5863567 0.7187086 2.5476091 53 53 53
-0.5685247 0.7098574 2.5162344 58 58 58
-0.5513598 0.7015184 2.4866748 66 66 66
-0.5345309 0.6932918 2.4575145 69 69 69
-0.4990765 0.6734189 2.3870709 48 48 48
-0.4833098 0.6655687 2.3592441 51 51 51
-0.4681887 0.6582962 2.3334651 52 52 52
-0.4535694 0.6514321 2.3091340 59 59 59
-0.4392577 0.6447184 2.2853358 58 58 58
-0.4250952 0.6379273 2.2612634 50 50 50
-0.4106335 0.6303653 2.2344584 45 45 45
-0.3966951 0.6232702 2.2093081 62 62 62
-0.3831555 0.6164755 2.1852231 74 74 74
-0.3708826 0.6114343 2.1673536 66 66 66
-0.3572704 0.6038745 2.1405563 59 59 59
-0.3441048 0.5966973 2.1151152 49 49 49
-0.3316629 0.5904264 2.0928869 48 48 48
-0.3192168 0.5838050 2.0694156 49 49 49
-0.3069687 0.5771837 2.0459452 48 48 48
-0.2960526 0.5727563 2.0302515 53 53 53
-0.2845207 0.5668384 2.0092742 57 57 57
-0.2734130 0.5614283 1.9900973 72 72 72
-0.2621259 0.5552955 1.9683582 105 105 105
-0.2292721 0.5366805 1.9023736 96 96 96
-0.2197351 0.5330061 1.8893487 82 82 82
-0.2109555 0.5309616 1.8821018 58 58 58
-0.2033535 0.5318370 1.8852047 50 50 50
-0.1958186 0.5329664 1.8892081 50 50 50
-0.1884910 0.5347796 1.8956354 51 51 51
-0.1808638 0.5358656 1.8994849 56 56 56
-0.1732792 0.5371846 1.9041604 58 58 58
-0.1655075 0.5380234 1.9071338 58 58 58
-0.1579642 0.5397283 1.9131773 69 69 69
-0.1505630 0.5421284 1.9216850 84 84 84
-0.1427946 0.5434040 1.9262064 88 88 88
-0.1349355 0.5444678 1.9299772 88 88 88
-0.1271755 0.5460938 1.9357408 85 85 85
-0.1193228 0.5475172 1.9407865 82 82 82
-0.1113712 0.5486628 1.9448472 81 81 81
-0.1035031 0.5504349 1.9511287 79 79 79
-0.0954377 0.5513731 1.9544542 77 77 77
-0.0873969 0.5526444 1.9589608 79 79 79
-0.0793713 0.5542870 1.9647833 85 85 85
-0.0712673 0.5557016 1.9697977 89 89 89
-0.0631023 0.5569509 1.9742262 85 85 85
-0.0549568 0.5587784 1.9807039 84 84 84
-0.0467135 0.5600880 1.9853461 76 76 76
-0.0384495 0.5616667 1.9909422 68 68 68
-0.0301350 0.5631832 1.9963180 66 66 66
-0.0217748 0.5646917 2.0016649 69 69 69
-0.0133687 0.5661669 2.0068944 73 73 73
-0.0049156 0.5673055 2.0109301 77 77 77
0.0035752 0.5690223 2.0170155 83 83 83
0.0121147 0.5706152 2.0226619 75 75 75
0.0206876 0.5718167 2.0269208 71 71 71
0.0293027 0.5731396 2.0316103 64 64 64
0.0379817 0.5748318 2.0376086 59 59 59
0.0466880 0.5762372 2.0425904 58 58 58
0.0554561 0.5778475 2.0482986 58 58 58
0.0642624 0.5793694 2.0536928 60 60 60
0.0730755 0.5805829 2.0579944 64 64 64
0.0820093 0.5823966 2.0644238 64 64 64
0.0909006 0.5835890 2.0686502 63 63 63
0.0999608 0.5855621 2.0756440 59 59 59
0.1089610 0.5868939 2.0803652 62 62 62
0.1181088 0.5887634 2.0869918 63 63 63
0.1271655 0.5899508 2.0912008 64 64 64
0.1363156 0.5913895 2.0963006 59 59 59
0.1456187 0.5932764 2.1029892 60 60 60
0.1548660 0.5947320 2.1081491 63 63 63
0.1642421 0.5964977 2.1144075 62 62 62
0.1735986 0.5980138 2.1197820 60 60 60
0.1829705 0.5994321 2.1248093 59 59 59
0.1924676 0.6011090 2.1307535 60 60 60
0.2021529 0.6031979 2.1381578 58 58 58
0.2117884 0.6049659 2.1444249 55 55 55
0.2213325 0.6063389 2.1492920 60 60 60
0.2309423 0.6077766 2.1543880 58 58 58
0.2407586 0.6096286 2.1609530 58 58 58
0.2506262 0.6114706 2.1674824 60 60 60
0.2605732 0.6133698 2.1742144 60 60 60
0.2703263 0.6146991 2.1789265 59 59 59
0.2803135 0.6164556 2.1851525 57 57 57
0.2903077 0.6181154 2.1910362 54 54 54
0.3003578 0.6197882 2.1969657 54 54 54
0.3105880 0.6217213 2.2038178 51 51 51
0.3206587 0.6232321 2.2091732 52 52 52
0.3308697 0.6249225 2.2151651 53 53 53
0.3410310 0.6264288 2.2205048 53 53 53
0.3514418 0.6283007 2.2271399 55 55 55
0.3619560 0.6302553 2.2340684 53 53 53
0.3725089 0.6321762 2.2408776 52 52 52
0.3829075 0.6337467 2.2464447 51 51 51
0.3934145 0.6354166 2.2523634 49 49 49
0.4042682 0.6375545 2.2599421 52 52 52
0.4149847 0.6393825 2.2664218 53 53 53
0.4255561 0.6409096 2.2718349 47 47 47
0.4363387 0.6426805 2.2781124 49 49 49
0.4472950 0.6446256 2.2850070 50 50 50
0.4583427 0.6466175 2.2920678 49 49 49
0.4689475 0.6479153 2.2966681 53 53 53
0.4802102 0.6500511 2.3042388 59 59 59
0.4913633 0.6519567 2.3109937 57 57 57
0.5025859 0.6538788 2.3178067 51 51 51
0.5139610 0.6559219 2.3250489 50 50 50
0.5249947 0.6574612 2.3305051 49 49 49
0.5363500 0.6593391 2.3371620 48 48 48
0.5478704 0.6613487 2.3442852 48 48 48
0.5596026 0.6635382 2.3520463 49 49 49
0.5711707 0.6654601 2.3588591 52 52 52
0.5828370 0.6674287 2.3658371 52 52 52
0.5943205 0.6691252 2.3718507 49 49 49
0.6063468 0.6713666 2.3797960 53 53 53
0.6183683 0.6735298 2.3874638 54 54 54
0.6304712 0.6757109 2.3951952 55 55 55
0.6423274 0.6775630 2.4017603 53 53 53
0.6544888 0.6796746 2.4092453 53 53 53
0.6666785 0.6817505 2.4166038 55 55 55
0.6784484 0.6833411 2.4222419 54 54 54
0.6908907 0.6855517 2.4300778 49 49 49
0.7030644 0.6874352 2.4367542 44 44 44
0.7155775 0.6895913 2.4443972 45 45 45
0.7282297 0.6918184 2.4522913 45 45 45
0.7408985 0.6939987 2.4600198 46 46 46
0.7535983 0.6961474 2.4676363 41 41 41
0.7655942 0.6975961 2.4727719 41 41 41
0.7769567 0.6984367 2.4757512 47 47 47
0.7910424 0.7016704 2.4872139 47 47 47
0.8039953 0.7038277 2.4948609 47 47 47
1.4449903 1.2020453 4.2608953 70 70 70
1.4660326 1.2045714 4.2698488 70 70 70
1.4824194 1.2032573 4.2651911 67 67 67
1.4988277 1.2019920 4.2607059 62 62 62
1.5205157 1.2049406 4.2711577 57 57 57
1.5366068 1.2034367 4.2658272 57 57 57
1.5559163 1.2044592 4.2694511 59 59 59
1.5726758 1.2035067 4.2660751 60 60 60
1.5898823 1.2029140 4.2639742 57 57 57
1.6119610 1.2059798 4.2748413 57 57 57
1.6282562 1.2046987 4.2702999 56 56 56
1.6451403 1.2038764 4.2673855 53 53 53
1.6661279 1.2060425 4.2750635 49 49 49
1.6820043 1.2045020 4.2696028 54 54 54
1.7043223 1.2075580 4.2804356 52 52 52
1.7209090 1.2065318 4.2767982 58 58 58
1.7363865 1.2047573 4.2705078 53 53 53
1.7581601 1.2073427 4.2796726 55 55 55
1.7740932 1.2059058 4.2745790 55 55 55
1.7957590 1.2083552 4.2832613 51 51 51
1.8116125 1.2068837 4.2780457 54 54 54
1.8278925 1.2057227 4.2739301 52 52 52
1.8486615 1.2075163 4.2802877 51 51 51
1.8654224 1.2066826 4.2773328 49 49 49
1.8867108 1.2087655 4.2847157 53 53 53
1.9026085 1.2073879 4.2798328 53 53 53
1.9236463 1.2092675 4.2864957 51 51 51
1.9397246 1.2080234 4.2820854 54 54 54
1.9546565 1.2060950 4.2752495 52 52 52
1.9756681 1.2079189 4.2817144 57 57 57
1.9917078 1.2066973 4.2773848 56 56 56
-2.0794919 1.1613464 4.0560012 40 40 40
-2.0566950 1.1581408 4.0448050 39 39 39
-2.0423973 1.1597073 4.0502763 40 40 40
-2.0276222 1.1610270 4.0548854 41 41 41
-1.9904784 1.1593115 4.0488939 41 41 41
-1.9751196 1.1603192 4.0524135 42 42 42
-1.9599791 1.1614736 4.0564451 42 42 42
-1.9450777 1.1627915 4.0610480 43 43 43
-1.9225659 1.1595429 4.0497022 44 44 44
-1.9076887 1.1608816 4.0543776 42 42 42
-1.8900299 1.1605368 4.0531731 41 41 41
-1.8776709 1.1634694 4.0634155 42 42 42
-1.8565184 1.1609573 4.0546422 42 42 42
-1.8408968 1.1618893 4.0578971 43 43 43
-1.8260587 1.1633379 4.0629563 44 44 44
-1.8112335 1.1648222 4.0681405 47 47 47
-1.7893162 1.1617304 4.0573421 48 48 48
-1.7740307 1.1629261 4.0615182 47 47 47
-1.7586730 1.1640973 4.0656085 48 48 48
-1.7439116 1.1656903 4.0711718 48 48 48
-1.7220868 1.1625466 4.0601926 43 43 43
-1.7066512 1.1636962 4.0642076 45 45 45
-1.6910865 1.1647803 4.0679936 42 42 42
-1.6753514 1.1657679 4.0714426 42 42 42
-1.6598277 1.1669246 4.0754828 43 43 43
-1.6385787 1.1640383 4.0654025 43 43 43
-1.6223631 1.1647046 4.0677295 43 43 43
-1.6075524 1.1664044 4.0736656 44 44 44
-1.5916338 1.1673285 4.0768929 45 45 45
-1.5756546 1.1682277 4.0800333 42 42 42
-1.5548022 1.1654937 4.0704851 44 44 44
-1.5387065 1.1663042 4.0733161 41 41 41
-1.5230496 1.1674694 4.0773854 40 40 40
-1.4485956 1.1629117 4.0614676 33 33 33
-1.4335573 1.1646085 4.0673933 26 26 26
-1.4195235 1.1671723 4.0763478 28 28 28
-1.2836430 1.0816438 3.7776399 51 51 51
-1.2368515 1.0553122 3.6856763 54 54 54
-1.2011104 1.0378587 3.6247201 61 61 61
-1.1663704 1.0208316 3.5652530 56 56 56
-1.1317126 1.0034325 3.5044868 51 51 51
-1.0913175 0.9804189 3.4241116 41 41 41
-1.0481366 0.9542518 3.3327229 46 46 46
-1.0262990 0.9470690 3.3076372 61 61 61
-0.9967334 0.9324586 3.2566104 76 76 76
-0.9666939 0.9169905 3.2025881 79 79 79
-0.8734418 0.8647770 3.0202324 71 71 71
-0.8115548 0.8402609 2.9346101 83 83 83
-0.7896807 0.8302736 2.8997297 81 81 81
-0.7644991 0.8164399 2.8514154 82 82 82
-0.7430525 0.8062167 2.8157105 76 76 76
-0.7185007 0.7922374 2.7668881 68 68 68
-0.6579579 0.7626350 2.6635017 48 48 48
-0.6424574 0.7576012 2.6459212 32 32 32
-0.6272264 0.7527130 2.6288493 52 52 52
-0.6019096 0.7353276 2.5681307 70 70 70
-0.5868992 0.7301266 2.5499659 54 54 54
-0.5691556 0.7212677 2.5190265 55 55 55
-0.5520925 0.7129507 2.4899795 62 62 62
-0.5327806 0.7013510 2.4494674 70 70 70
-0.5162667 0.6930485 2.4204712 65 65 65
-0.4999399 0.6846675 2.3912003 57 57 57
-0.4835509 0.6758545 2.3604209 49 49 49
-0.4683024 0.6682985 2.3340318 48 48 48
-0.4535856 0.6611932 2.3092165 49 49 49
-0.4391191 0.6541490 2.2846146 47 47 47
-0.4252285 0.6476659 2.2619722 56 56 56
-0.4112687 0.6407775 2.2379143 53 53 53
-0.3970307 0.6331220 2.2111778 61 61 61
-0.3836640 0.6265210 2.1881237 77 77 77
-0.3701399 0.6193312 2.1630135 72 72 72
-0.3447776 0.6068007 2.1192508 66 66 66
-0.3317879 0.5994778 2.0936751 52 52 52
-0.3194733 0.5930077 2.0710788 47 47 47
-0.3071748 0.5862045 2.0473187 47 47 47
-0.2954250 0.5800855 2.0259478 49 49 49
-0.2847459 0.5757668 2.0108650 54 54 54
-0.2733528 0.5696950 1.9896590 56 56 56
-0.2624130 0.5642133 1.9705144 70 70 70
-0.2293865 0.5449744 1.9033225 92 92 92
-0.2198545 0.5412673 1.8903755 80 80 80
-0.2110195 0.5390618 1.8826725 62 62 62
-0.2034480 0.5400377 1.8860810 58 58 58
-0.1961250 0.5417795 1.8921641 55 55 55
-0.1885869 0.5430493 1.8965991 57 57 57
-0.1809688 0.5441914 1.9005878 56 56 56
-0.1733194 0.5453406 1.9046013 56 56 56
-0.1656726 0.5466102 1.9090354 57 57 57
-0.1582943 0.5489408 1.9171751 69 69 69
-0.1506564 0.5505733 1.9228765 82 82 82
-0.1428706 0.5518205 1.9272325 78 78 78
-0.1350170 0.5529404 1.9311435 82 82 82
-0.1273023 0.5548091 1.9376700 87 87 87
-0.1193592 0.5558709 1.9413782 85 85 85
-0.1114089 0.5570527 1.9455057 84 84 84
-0.1035501 0.5589163 1.9520147 74 74 74
-0.0954809 0.5598686 1.9553406 71 71 71
-0.0875220 0.5617080 1.9617645 74 74 74
-0.0794880 0.5633999 1.9676735 70 70 70
-0.0713529 0.5646858 1.9721644 71 71 71
-0.0631780 0.5659537 1.9765928 75 75 75
-0.0550165 0.5677467 1.9828545 74 74 74
-0.0467639 0.5690734 1.9874880 77 77 77
-0.0384939 0.5707207 1.9932415 76 76 76
-0.0301551 0.5719846 1.9976555 69 69 69
-0.0217861 0.5734323 2.0027115 69 69 69
-0.0133718 0.5747665 2.0073712 69 69 69
-0.0049201 0.5763177 2.0127890 67 67 67
0.0035762 0.5776824 2.0175550 64 64 64
0.0121205 0.5794223 2.0236316 64 64 64
0.0206938 0.5805367 2.0275238 60 60 60
0.0293398 0.5824438 2.0341840 64 64 64
0.0380029 0.5837499 2.0387461 70 70 70
0.0467024 0.5850304 2.0432179 70 70 70
0.0554885 0.5868279 2.0494957 63 63 63
0.0642797 0.5881873 2.0542433 62 62 62
0.0731623 0.5899613 2.0604391 63 63 63
0.0820277 0.5912344 2.0648851 60 60 60
0.0910365 0.5931978 2.0717425 58 58 58
0.1000185 0.5946578 2.0768414 56 56 56
0.1090169 0.5959726 2.0814335 53 53 53
0.1181393 0.5977184 2.0875306 58 58 58
0.1272528 0.5991805 2.0926371 65 65 65
0.1365091 0.6010814 2.0992761 57 57 57
0.1457137 0.6025371 2.1043601 56 56 56
0.1550463 0.6043250 2.1106043 58 58 58
0.1643258 0.6057227 2.1154857 61 61 61
0.1736899 0.6072723 2.1208980 59 59 59
0.1831561 0.6090094 2.1269648 60 60 60
0.1927233 0.6109049 2.1335845 60 60 60
0.2022214 0.6124216 2.1388817 58 58 58
0.2118509 0.6141902 2.1450584 57 57 57
0.2214122 0.6156239 2.1500657 61 61 61
0.2310364 0.6171130 2.1552663 63 63 63
0.2408378 0.6189448 2.1616640 57 57 57
0.2507510 0.6209196 2.1685610 57 57 57
0.2606276 0.6226683 2.1746683 55 55 55
0.2704362 0.6241410 2.1798115 53 53 53
0.2803909 0.6258430 2.1857557 53 53 53
0.2903059 0.6273509 2.1910224 52 52 52
0.3004756 0.6292994 2.1978273 52 52 52
0.3106503 0.6311411 2.2042594 52 52 52
0.3207214 0.6326717 2.2096047 52 52 52
0.3310432 0.6345963 2.2163267 53 53 53
0.3414453 0.6365649 2.2232022 56 56 56
0.3515951 0.6379706 2.2281117 56 56 56
0.3620785 0.6398926 2.2348242 54 54 54
0.3724444 0.6415147 2.2404892 50 50 50
0.3829697 0.6433244 2.2468095 50 50 50
0.3936294 0.6452671 2.2535944 51 51 51
0.4043103 0.6471519 2.2601771 53 53 53
0.4149215 0.6488410 2.2660766 53 53 53
0.4256146 0.6505792 2.2721469 50 50 50
0.4364372 0.6524345 2.2786269 50 50 50
0.4474620 0.6545057 2.2858603 44 44 44
0.4584978 0.6565052 2.2928436 47 47 47
0.4695015 0.6583771 2.2993813 58 58 58
0.4803067 0.6599005 2.3047016 52 52 52
0.4915552 0.6619605 2.3118963 47 47 47
0.5027626 0.6638861 2.3186214 49 49 49
0.5142247 0.6660682 2.3262422 51 51 51
0.5254724 0.6678960 2.3326256 54 54 54
0.5365762 0.6694771 2.3381481 52 52 52
0.5481313 0.6715540 2.3454015 51 51 51
0.5597084 0.6735839 2.3524909 52 52 52
0.5712363 0.6754848 2.3591299 52 52 52
0.5830334 0.6776335 2.3666344 56 56 56
0.5948841 0.6797712 2.3741002 52 52 52
0.6067202 0.6818218 2.3812616 57 57 57
0.6187088 0.6839741 2.3887787 54 54 54
0.6306506 0.6860066 2.3958771 52 52 52
0.6426847 0.6880737 2.4030964 53 53 53
0.6546637 0.6900186 2.4098890 45 45 45
0.6668146 0.6920825 2.4170971 44 44 44
0.6790469 0.6941674 2.4243786 42 42 42
0.6915410 0.6964542 2.4323652 41 41 41
0.7039528 0.6985925 2.4398334 44 44 44
0.7164536 0.7007561 2.4473898 44 44 44
0.7291181 0.7030162 2.4552829 42 42 42
0.7412482 0.7047049 2.4611809 38 38 38
0.7540600 0.7069861 2.4691479 39 39 39
0.7660631 0.7084574 2.4742863 44 44 44
0.7784494 0.7102386 2.4805076 48 48 48
0.7909466 0.7120726 2.4869125 47 47 47
0.8040514 0.7143983 2.4950349 46 46 46
1.4300349 1.2073864 4.2167954 66 66 66
1.4479393 1.2074884 4.2171516 61 61 61
1.4673002 1.2087879 4.2216902 60 60 60
1.4835123 1.2074933 4.2171688 57 57 57
1.5045701 1.2101268 4.2263660 56 56 56
1.5206546 1.2087454 4.2215419 57 57 57
1.5366517 1.2073272 4.2165890 56 56 56
1.5578122 1.2099520 4.2257557 57 57 57
1.5736326 1.2084166 4.2203937 56 56 56
1.5950974 1.2112015 4.2301202 56 56 56
1.6111635 1.2098708 4.2254725 55 55 55
1.6270803 1.2084583 4.2205391 57 57 57
1.6493133 1.2117169 4.2319193 56 56 56
1.6648751 1.2100568 4.2261219 55 55 55
1.6807239 1.2086383 4.2211676 55 55 55
1.7028080 1.2116865 4.2318134 60 60 60
1.7182201 1.2099731 4.2258291 57 57 57
1.7400619 1.2127759 4.2356186 56 56 56
1.7553008 1.2109667 4.2293000 56 56 56
1.7714885 1.2098420 4.2253714 53 53 53
1.7934175 1.2126215 4.2350788 54 54 54
1.8088144 1.2109730 4.2293220 54 54 54
1.8306857 1.2136490 4.2386680 55 55 55
1.8459538 1.2119380 4.2326918 53 53 53
1.8613106 1.2103174 4.2270322 57 57 57
1.8826801 1.2126002 4.2350049 60 60 60
1.8978994 1.2109162 4.2291231 54 54 54
1.9164816 1.2113891 4.2307749 56 56 56
1.9354367 1.2120869 4.2332120 56 56 56
1.9564941 1.2140764 4.2401605 56 56 56
1.9722635 1.2127782 4.2356262 55 55 55
-2.0571320 1.1657790 4.0123887 40 40 40
-2.0344870 1.1625078 4.0011296 39 39 39
-2.0200372 1.1639037 4.0059342 40 40 40
-2.0057790 1.1654346 4.0112028 40 40 40
-1.9905455 1.1664199 4.0145941 39 39 39
-1.9691638 1.1637884 4.0055375 42 42 42
-1.9539520 1.1647896 4.0089831 41 41 41
-1.9388134 1.1658522 4.0126405 42 42 42
-1.9247948 1.1676128 4.0187001 46 46 46
-1.9032400 1.1647927 4.0089936 50 50 50
-1.8881924 1.1659400 4.0129428 45 45 45
-1.8730305 1.1670370 4.0167179 44 44 44
-1.8586717 1.1686587 4.0223002 45 45 45
-1.8373585 1.1658976 4.0127964 40 40 40
-1.8222383 1.1670514 4.0167680 43 43 43
-1.8072578 1.1683172 4.0211244 44 44 44
-1.7918298 1.1693149 4.0245585 45 45 45
-1.7706127 1.1665177 4.0149312 40 40 40
-1.7552694 1.1675737 4.0185657 40 40 40
-1.7392920 1.1682243 4.0208049 44 44 44
-1.7252374 1.1701919 4.0275769 43 43 43
-1.7073985 1.1696063 4.0255613 48 48 48
-1.6893020 1.1688308 4.0228920 42 42 42
-1.6737653 1.1698285 4.0263262 43 43 43
-1.6583810 1.1709545 4.0302014 43 43 43
-1.6427504 1.1719278 4.0335517 44 44 44
-1.6218380 1.1691144 4.0238681 44 44 44
-1.6063057 1.1701605 4.0274687 45 45 45
-1.5906070 1.1711066 4.0307250 43 43 43
-1.5752292 1.1723119 4.0348735 45 45 45
-1.5598525 1.1735443 4.0391154 46 46 46
-1.5387964 1.1704839 4.0285821 40 40 40
-1.5231619 1.1715252 4.0321660 40 40 40
-1.5078958 1.1728766 4.0368171 38 38 38
-1.4916191 1.1734637 4.0388379 34 34 34
-1.4764670 1.1749594 4.0439858 34 34 34
-1.4562863 1.1724415 4.0353193 34 34 34
-1.4419472 1.1746228 4.0428271 33 33 33
-1.4267812 1.1761744 4.0481677 34 34 34
-1.4119078 1.1780080 4.0544782 34 34 34
-1.2025265 1.0543857 3.6289937 56 56 56
-1.1671679 1.0365742 3.5676906 56 56 56
-1.1330575 1.0194207 3.5086515 50 50 50
-1.0924206 0.9958637 3.4275725 41 41 41
-1.0492868 0.9693683 3.3363805 48 48 48
-1.0267928 0.9614795 3.3092284 60 60 60
-0.9978856 0.9472854 3.2603750 81 81 81
-0.9675557 0.9313251 3.2054429 82 82 82
-0.8147357 0.8559780 2.9461124 83 83 83
-0.7903342 0.8431988 2.9021289 81 81 81
-0.7654946 0.8295431 2.8551285 80 80 80
-0.7438152 0.8189301 2.8186009 79 79 79
-0.7196403 0.8051804 2.7712770 81 81 81
-0.6995000 0.7955654 2.7381840 70 70 70
-0.6742201 0.7796841 2.6835237 55 55 55
-0.6584665 0.7744651 2.6655607 48 48 48
-0.6426336 0.7689698 2.6466470 35 35 35
-0.6031471 0.7476913 2.5734105 69 69 69
-0.5874519 0.7415773 2.5523674 53 53 53
-0.5698991 0.7328465 2.5223176 54 54 54
-0.5527189 0.7242717 2.4928048 59 59 59
-0.5335106 0.7126554 2.4528234 66 66 66
-0.5169804 0.7042277 2.4238172 64 64 64
-0.5006102 0.6956825 2.3944063 59 59 59
-0.4845920 0.6872848 2.3655028 57 57 57
-0.4686325 0.6786190 2.3356769 51 51 51
-0.4535182 0.6708313 2.3088732 45 45 45
-0.4392891 0.6640401 2.2854991 45 45 45
-0.4252526 0.6572418 2.2621007 55 55 55
-0.4113110 0.6502815 2.2381449 61 61 61
-0.3976375 0.6434283 2.2145572 66 66 66
-0.3841503 0.6365539 2.1908970 75 75 75
-0.3707908 0.6295576 2.1668169 77 77 77
-0.3574728 0.6222801 2.1417689 75 75 75
-0.3444130 0.6150864 2.1170096 72 72 72
-0.3326102 0.6098144 2.0988646 65 65 65
-0.3199985 0.6027306 2.0744834 51 51 51
-0.3075143 0.5954955 2.0495815 48 48 48
-0.2956253 0.5890278 2.0273211 50 50 50
-0.2850631 0.5848973 2.0131047 51 51 51
-0.2733673 0.5781160 1.9897648 55 55 55
-0.2624340 0.5725688 1.9706722 62 62 62
-0.2296892 0.5537305 1.9058344 93 93 93
-0.2111090 0.5472329 1.8834709 65 65 65
-0.2037266 0.5487417 1.8886641 56 56 56
-0.1961772 0.5499049 1.8926677 58 58 58
-0.1886447 0.5512162 1.8971808 55 55 55
-0.1810808 0.5525479 1.9017642 55 55 55
-0.1734326 0.5537336 1.9058454 56 56 56
-0.1658648 0.5553042 1.9112509 58 58 58
-0.1582816 0.5569808 1.9170214 68 68 68
-0.1506841 0.5587848 1.9232303 76 76 76
-0.1429195 0.5601390 1.9278914 77 77 77
-0.1352919 0.5622261 1.9350746 74 74 74
-0.1274180 0.5634918 1.9394308 66 66 66
-0.1194675 0.5645692 1.9431393 68 68 68
-0.1116031 0.5662421 1.9488971 64 64 64
-0.1036441 0.5676627 1.9537865 70 70 70
-0.0956110 0.5688883 1.9580047 76 76 76
-0.0876370 0.5707300 1.9643437 79 79 79
-0.0795299 0.5719985 1.9687097 77 77 77
-0.0713771 0.5731968 1.9728338 74 74 74
-0.0632511 0.5749541 1.9788821 78 78 78
-0.0550373 0.5763259 1.9836036 75 75 75
-0.0467832 0.5776925 1.9883072 70 70 70
-0.0385053 0.5792981 1.9938332 69 69 69
-0.0301610 0.5805217 1.9980447 67 67 67
-0.0217904 0.5819908 2.0031011 68 68 68
-0.0133822 0.5836814 2.0089197 66 66 66
-0.0049219 0.5850211 2.0135310 69 69 69
0.0035801 0.5868346 2.0197725 73 73 73
0.0121251 0.5881789 2.0243995 72 72 72
0.0207037 0.5893683 2.0284932 71 71 71
0.0293498 0.5912228 2.0348761 68 68 68
0.0380226 0.5926546 2.0398040 64 64 64
0.0467528 0.5942876 2.0454242 65 65 65
0.0554989 0.5955826 2.0498815 63 63 63
0.0643171 0.5971977 2.0554402 65 65 65
0.0732179 0.5991054 2.0620062 64 64 64
0.0820762 0.6002966 2.0661058 62 62 62
0.0910573 0.6020715 2.0722151 58 58 58
0.1000632 0.6036854 2.0777700 54 54 54
0.1091409 0.6054376 2.0838003 59 59 59
0.1181837 0.6067495 2.0883157 59 59 59
0.1273318 0.6083822 2.0939350 59 59 59
0.1365398 0.6100713 2.0997486 55 55 55
0.1457622 0.6116148 2.1050613 63 63 63
0.1550986 0.6134319 2.1113153 62 62 62
0.1644136 0.6149721 2.1166162 62 62 62
0.1737871 0.6165606 2.1220837 60 60 60
0.1832871 0.6184208 2.1284862 55 55 55
0.1928208 0.6202155 2.1346631 50 50 50
0.2023233 0.6217544 2.1399598 52 52 52
0.2119074 0.6234018 2.1456299 55 55 55
0.2216208 0.6252792 2.1520915 58 58 58
0.2312400 0.6267534 2.1571655 55 55 55
0.2410823 0.6286979 2.1638579 55 55 55
0.2508035 0.6301964 2.1690154 53 53 53
0.2607582 0.6321554 2.1757579 52 52 52
0.2705082 0.6335018 2.1803923 53 53 53
0.2805013 0.6353104 2.1866169 52 52 52
0.2906821 0.6374154 2.1938620 55 55 55
0.3005948 0.6388208 2.1986990 51 51 51
0.3107322 0.6406053 2.2048411 52 52 52
0.3209985 0.6425442 2.2115145 53 53 53
0.3311242 0.6441001 2.2168694 52 52 52
0.3417152 0.6464506 2.2249594 53 53 53
0.3520308 0.6481687 2.2308729 55 55 55
0.3622114 0.6495551 2.2356443 54 54 54
0.3728150 0.6516106 2.2427192 55 55 55
0.3833036 0.6533683 2.2487688 55 55 55
0.3938586 0.6551515 2.2549062 54 54 54
0.4045379 0.6570526 2.2614493 54 54 54
0.4152097 0.6588542 2.2676501 49 49 49
0.4260975 0.6609098 2.2747252 46 46 46
0.4370154 0.6629205 2.2816455 43 43 43
0.4476519 0.6644269 2.2868302 42 42 42
0.4586482 0.6663926 2.2935958 49 49 49
0.4696551 0.6682921 2.3001335 53 53 53
0.4808986 0.6704445 2.3075416 49 49 49
0.4917154 0.6719286 2.3126497 50 50 50
0.5028980 0.6738451 2.3192458 51 51 51
0.5141945 0.6758381 2.3261056 52 52 52
0.5257007 0.6780271 2.3336396 54 54 54
0.5373047 0.6802592 2.3413222 49 49 49
0.5487412 0.6822027 2.3480113 49 49 49
0.5603473 0.6842845 2.3551764 53 53 53
0.5715359 0.6857926 2.3603671 49 49 49
0.5832799 0.6879043 2.3676350 53 53 53
0.5951129 0.6900480 2.3750131 51 51 51
0.6068789 0.6920444 2.3818843 48 48 48
0.6187417 0.6940843 2.3889055 47 47 47
0.6307440 0.6962129 2.3962317 45 45 45
0.6427765 0.6983072 2.4034398 42 42 42
0.6547598 0.7002838 2.4102430 40 40 40
0.6671911 0.7026718 2.4184620 38 38 38
0.6793396 0.7046946 2.4254239 36 36 36
0.6918066 0.7069827 2.4332993 38 38 38
0.7043008 0.7092315 2.4410393 38 38 38
0.7165720 0.7111941 2.4477942 38 38 38
0.7294712 0.7137154 2.4564722 41 41 41
0.7422812 0.7160801 2.4646108 41 41 41
0.7551690 0.7184535 2.4727795 40 40 40
0.7664047 0.7192119 2.4753900 45 45 45
0.7786525 0.7208868 2.4811547 47 47 47
0.7916409 0.7231939 2.4890952 46 46 46
0.8046299 0.7254413 2.4968302 47 47 47
1.4152188 1.2124748 4.1731067 61 61 61
1.4311918 1.2111000 4.1683745 56 56 56
1.4521779 1.2139491 4.1781807 62 62 62
1.4684395 1.2128278 4.1743217 61 61 61
1.4846728 1.2117101 4.1704745 64 64 64
1.5051028 1.2140034 4.1783676 64 64 64
1.5213704 1.2129253 4.1746569 58 58 58
1.5419343 1.2152578 4.1826849 60 60 60
1.5578983 1.2139533 4.1781950 62 62 62
1.5737432 1.2125862 4.1734896 57 57 57
1.5951149 1.2154607 4.1833830 59 59 59
1.6105862 1.2138253 4.1777549 58 58 58
1.6269552 1.2128946 4.1745515 58 58 58
1.6474968 1.2150613 4.1820087 61 61 61
1.6634899 1.2138629 4.1778841 61 61 61
1.6843904 1.2162333 4.1860423 60 60 60
1.7003648 1.2150342 4.1819153 57 57 57
1.7161521 1.2137275 4.1774182 60 60 60
1.7380384 1.2167170 4.1877069 60 60 60
1.7529773 1.2148316 4.1812181 57 57 57
1.7715302 1.2154635 4.1833930 51 51 51
1.7895098 1.2156935 4.1841846 53 53 53
1.8060281 1.2149359 4.1815767 52 52 52
1.8265979 1.2168920 4.1883097 58 58 58
1.8423933 1.2156605 4.1840711 62 62 62
1.8639237 1.2182004 4.1928129 52 52 52
1.8788346 1.2164072 4.1866407 51 51 51
1.9008657 1.2192140 4.1963015 51 51 51
1.9155427 1.2172959 4.1896996 53 53 53
1.9307545 1.2157494 4.1843772 52 52 52
1.9519142 1.2179422 4.1919241 51 51 51
-2.0306253 1.1674597 3.9606879 40 40 40
-1.9988661 1.1684211 3.9639497 41 41 41
-1.9836825 1.1693243 3.9670136 40 40 40
-1.9689772 1.1705272 3.9710946 39 39 39
-1.9549482 1.1721562 3.9766212 41 41 41
-1.9334801 1.1693144 3.9669802 38 38 38
-1.9186137 1.1704504 3.9708343 42 42 42
-1.9037445 1.1716046 3.9747500 42 42 42
-1.8686512 1.1706207 3.9714119 44 44 44
-1.8541756 1.1720567 3.9762836 44 44 44
-1.8388487 1.1729758 3.9794018 43 43 43
-1.8034183 1.1717618 3.9752829 40 40 40
-1.7883422 1.1728685 3.9790375 41 41 41
-1.7738608 1.1743898 3.9841990 40 40 40
-1.7586700 1.1754662 3.9878504 42 42 42
-1.7378483 1.1727633 3.9786808 41 41 41
-1.7225498 1.1737714 3.9821010 43 43 43
-1.7080929 1.1753784 3.9875529 44 44 44
-1.6928107 1.1764438 3.9911673 45 45 45
-1.6715128 1.1733081 3.9805293 41 41 41
-1.6568148 1.1747884 3.9855511 45 45 45
-1.6409608 1.1754709 3.9878669 47 47 47
-1.6257091 1.1766036 3.9917090 44 44 44
-1.6104057 1.1777221 3.9955037 49 49 49
-1.5896471 1.1748326 3.9857008 48 48 48
-1.5746558 1.1761892 3.9903033 47 47 47
-1.5595427 1.1774831 3.9946930 45 45 45
-1.5395273 1.1750636 3.9864848 46 46 46
-1.5231071 1.1753650 3.9875071 42 42 42
-1.5082607 1.1769012 3.9927189 42 42 42
-1.4922986 1.1775917 3.9950614 39 39 39
-1.4768689 1.1787229 3.9988987 38 38 38
-1.4615632 1.1799802 4.0031648 38 38 38
-1.4412844 1.1772051 3.9937499 39 39 39
-1.4272655 1.1795378 4.0016637 38 38 38
-1.4122596 1.1811007 4.0069661 36 36 36
-1.3961864 1.1817981 4.0093317 36 36 36
-1.1685450 1.0528599 3.5719001 51 51 51
-1.1339669 1.0350467 3.5114677 48 48 48
-1.0942684 1.0120265 3.4333704 37 37 37
-1.0487956 0.9829772 3.3348184 45 45 45
-1.0271586 0.9757819 3.3104076 56 56 56
-0.9987690 0.9618850 3.2632613 77 77 77
-0.8735815 0.8903917 3.0207155 72 72 72
-0.7884153 0.8533600 2.8950830 91 91 91
-0.7664174 0.8425975 2.8585706 82 82 82
-0.7450733 0.8322212 2.8233681 76 76 76
-0.7207540 0.8181309 2.7755656 75 75 75
-0.6726182 0.7891209 2.6771474 56 56 56
-0.6561142 0.7828988 2.6560383 50 50 50
-0.6424648 0.7799257 2.6459520 40 40 40
-0.6057839 0.7618594 2.5846608 66 66 66
-0.5877694 0.7527471 2.5537469 52 52 52
-0.5704412 0.7441901 2.5247164 58 58 58
-0.5510323 0.7325415 2.4851978 58 58 58
-0.5338365 0.7234405 2.4543221 66 66 66
-0.5173306 0.7149329 2.4254591 62 62 62
-0.5012143 0.7066314 2.3972957 59 59 59
-0.4851683 0.6980892 2.3683159 58 58 58
-0.4693297 0.6894927 2.3391516 55 55 55
-0.4539068 0.6811509 2.3108516 44 44 44
-0.4392816 0.6736664 2.2854598 44 44 44
-0.4251691 0.6666499 2.2616563 51 51 51
-0.4114121 0.6598819 2.2386949 60 60 60
-0.3978005 0.6530344 2.2154646 71 71 71
-0.3843848 0.6461869 2.1922340 77 77 77
-0.3710072 0.6390676 2.1680813 80 80 80
-0.3578921 0.6320522 2.1442809 88 88 88
-0.3448815 0.6248625 2.1198893 81 81 81
-0.3330304 0.6194468 2.1015162 72 72 72
-0.3204059 0.6122571 2.0771248 65 65 65
-0.3080212 0.6051343 2.0529602 54 54 54
-0.2960740 0.5984840 2.0303984 52 52 52
-0.2738584 0.5875604 1.9933392 52 52 52
-0.2626431 0.5813417 1.9722421 60 60 60
-0.2508974 0.5735039 1.9456518 78 78 78
-0.2298497 0.5621597 1.9071659 96 96 96
-0.2195394 0.5564119 1.8876660 85 85 85
-0.2113150 0.5557172 1.8853091 66 66 66
-0.2037882 0.5568743 1.8892349 61 61 61
-0.1962382 0.5580595 1.8932556 59 59 59
-0.1887458 0.5595161 1.8981969 56 56 56
-0.1810735 0.5605450 1.9016879 56 56 56
-0.1734590 0.5618563 1.9061363 57 57 57
-0.1659341 0.5635992 1.9120495 59 59 59
-0.1583485 0.5653033 1.9178308 60 60 60
-0.1508111 0.5673728 1.9248515 67 67 67
-0.1431222 0.5690746 1.9306252 71 71 71
-0.1353227 0.5705163 1.9355161 79 79 79
-0.1274528 0.5718263 1.9399602 80 80 80
-0.1195452 0.5731360 1.9444034 84 84 84
-0.1116669 0.5747890 1.9500115 83 83 83
-0.1036796 0.5760989 1.9544556 80 80 80
-0.0956796 0.5775590 1.9594090 75 75 75
-0.0876505 0.5791024 1.9646451 71 71 71
-0.0795686 0.5805833 1.9696691 72 72 72
-0.0714068 0.5817576 1.9736530 72 72 72
-0.0632919 0.5836753 1.9801590 68 68 68
-0.0550663 0.5849992 1.9846503 71 71 71
-0.0467938 0.5862104 1.9887593 66 66 66
-0.0385131 0.5878237 1.9942328 73 73 73
-0.0301757 0.5892332 1.9990145 75 75 75
-0.0218074 0.5908995 2.0046673 75 75 75
-0.0133862 0.5923303 2.0095217 69 69 69
-0.0049241 0.5937797 2.0144389 70 70 70
0.0035815 0.5955934 2.0205917 66 66 66
0.0121269 0.5968075 2.0247107 66 66 66
0.0207118 0.5981565 2.0292876 64 64 64
0.0293641 0.6000971 2.0358710 62 62 62
0.0380324 0.6014109 2.0403283 62 62 62
0.0467888 0.6033773 2.0469992 58 58 58
0.0555337 0.6046056 2.0511661 61 61 61
0.0643893 0.6065456 2.0577478 64 64 64
0.0732347 0.6079403 2.0624795 64 64 64
0.0821036 0.6092126 2.0667958 62 62 62
0.0911042 0.6111248 2.0732832 61 61 61
0.1001037 0.6126949 2.0786099 59 59 59
0.1091833 0.6144634 2.0846097 59 59 59
0.1182034 0.6156582 2.0886631 59 59 59
0.1274763 0.6179129 2.0963123 58 58 58
0.1366042 0.6192179 2.1007397 56 56 56
0.1459111 0.6211255 2.1072114 66 66 66
0.1551667 0.6226087 2.1122432 60 60 60
0.1645755 0.6245118 2.1186996 61 61 61
0.1739171 0.6259775 2.1236720 60 60 60
0.1834544 0.6279693 2.1304293 59 59 59
0.1928517 0.6293183 2.1350060 58 58 58
0.2023474 0.6308536 2.1402144 52 52 52
0.2119914 0.6327006 2.1464806 54 54 54
0.2217090 0.6346068 2.1529474 55 55 55
0.2313420 0.6361306 2.1581173 55 55 55
0.2411303 0.6379499 2.1642895 56 56 56
0.2508270 0.6394029 2.1692185 57 57 57
0.2608266 0.6414987 2.1763287 53 53 53
0.2708309 0.6434631 2.1829934 55 55 55
0.2806490 0.6448706 2.1877685 52 52 52
0.2907424 0.6468009 2.1943169 53 53 53
0.3007079 0.6483365 2.1995263 54 54 54
0.3109211 0.6502980 2.2061810 52 52 52
0.3211454 0.6521682 2.2125258 56 56 56
0.3312637 0.6537237 2.2178030 58 58 58
0.3416700 0.6557465 2.2246656 58 58 58
0.3520901 0.6576869 2.2312484 59 59 59
0.3622703 0.6590899 2.2360082 53 53 53
0.3728691 0.6611639 2.2430444 50 50 50
0.3834473 0.6630997 2.2496116 49 49 49
0.3942094 0.6652523 2.2569146 49 49 49
0.4045937 0.6666811 2.2617617 49 49 49
0.4154243 0.6687623 2.2688224 45 45 45
0.4262365 0.6707210 2.2754674 42 42 42
0.4371039 0.6726783 2.2821078 43 43 43
0.4477547 0.6742250 2.2873552 46 46 46
0.4588422 0.6763505 2.2945659 51 51 51
0.4697802 0.6781722 2.3007464 48 48 48
0.4811529 0.6805351 2.3087623 46 46 46
0.4920580 0.6821558 2.3142610 48 48 48
0.5031481 0.6839651 2.3203993 47 47 47
0.5144561 0.6859960 2.3272891 50 50 50
0.5258726 0.6880928 2.3344023 53 53 53
0.5374135 0.6902722 2.3417964 49 49 49
0.5489046 0.6923102 2.3487105 47 47 47
0.5605315 0.6944443 2.3559504 45 45 45
0.5721921 0.6965451 2.3630774 48 48 48
0.5839097 0.6986420 2.3701913 49 49 49
0.5956494 0.7006945 2.3771546 47 47 47
0.6072416 0.7025083 2.3833082 50 50 50
0.6190399 0.7044976 2.3900568 50 50 50
0.6310326 0.7066409 2.3973281 47 47 47
0.6430934 0.7087916 2.4046247 43 43 43
0.6553563 0.7110949 2.4124389 41 41 41
0.6674408 0.7131371 2.4193671 38 38 38
0.6798207 0.7154287 2.4271414 38 38 38
0.6922511 0.7177047 2.4348629 40 40 40
0.7046329 0.7198645 2.4421904 40 40 40
0.7171652 0.7221136 2.4498203 42 42 42
0.7298430 0.7244433 2.4577241 41 41 41
0.7426533 0.7268374 2.4658463 41 41 41
0.7554576 0.7291597 2.4737246 40 40 40
0.7666991 0.7299307 2.4763405 44 44 44
0.7797100 0.7323430 2.4845243 46 46 46
0.7926471 0.7346228 2.4922588 48 48 48
0.8054574 0.7367271 2.4993978 48 48 48
1.4002190 1.2170351 4.1288757 56 56 56
1.4167575 1.2162859 4.1263342 61 61 61
1.4371761 1.2188455 4.1350179 66 66 66
1.4536868 1.2180693 4.1323843 65 65 65
1.4692277 1.2165083 4.1270885 68 68 68
1.4902875 1.2195001 4.1372385 81 81 81
1.5056019 1.2177756 4.1313882 81 81 81
1.5212610 1.2163662 4.1266065 73 73 73
1.5424992 1.2193990 4.1368957 66 66 66
1.5575230 1.2175063 4.1304746 60 60 60
1.5783483 1.2201402 4.1394105 58 58 58
1.5942343 1.2189401 4.1353393 55 55 55
1.6103816 1.2179636 4.1320262 56 56 56
1.6299400 1.2195603 4.1374426 59 59 59
1.6465331 1.2189279 4.1352968 62 62 62
1.6677344 1.2216843 4.1446486 61 61 61
1.6830101 1.2200879 4.1392326 61 61 61
1.6983345 1.2185593 4.1340466 63 63 63
1.7193701 1.2211179 4.1427269 60 60 60
1.7349987 1.2198235 4.1383357 59 59 59
1.7560853 1.2223539 4.1469207 60 60 60
1.7715129 1.2209344 4.1421046 58 58 58
1.7872132 1.2197287 4.1380138 59 59 59
1.8086284 1.2224088 4.1471066 62 62 62
1.8233799 1.2205768 4.1408911 57 57 57
1.8450736 1.2233827 4.1504107 53 53 53
1.8596334 1.2214502 4.1438541 53 53 53
1.8754165 1.2203497 4.1401205 53 53 53
1.8964397 1.2226477 4.1479173 52 52 52
1.9116161 1.2211688 4.1428995 54 54 54
1.9330543 1.2236805 4.1514211 54 54 54
